cik,company,year,accession,section_name,sentence_ordinal,sentence_text,has_ai_keyword,matched_keywords,annotator_name,kind,category,subcategory,strength,note,status,disputed,pair_disputed,group_id,spans_n_sentences,context_sentence_ordinals,context_sentence_text,adjudicated_status,final_kind,final_category,final_subcategory,final_strength,final_tags
0001326801,"Meta Platforms, Inc.",2024,0001326801-24-000012,Item 16 - 10-K Summary,28,"To calculate these metrics, we rely upon complex techniques, algorithms and machine learning models that seek to count the individual people behind user accounts, including by matching multiple user accounts within an individual product and across multiple products when we believe they are attributable to a single person, and counting such group of accounts as one person.",true,machine learning,Person 1,Risk,Sociotechnical,Other,,,done,true,true,,1,,,disputed,,,,,
0001326801,"Meta Platforms, Inc.",2024,0001326801-24-000012,Item 16 - 10-K Summary,29,"These techniques and models require significant judgment, are subject to data and other limitations discussed below, and inherently are subject to statistical variances and uncertainties.",false,,Person 1,Risk,Sociotechnical,Other,,,done,true,true,,1,,,disputed,,,,,
0001326801,"Meta Platforms, Inc.",2024,0001326801-24-000012,Item 1 - Business,128,"We apply significant judgment in estimating this expense breakdown as there are certain shared costs across product lines, and our expectations are subject to change, including as the metaverse ecosystem and our business strategies evolve.",true,AI,Person 1,Risk,Competitive,Investment Cost & Uncertainty,,,done,true,true,,1,,,disputed,,,,,
0001326801,"Meta Platforms, Inc.",2024,0001326801-24-000012,Item 1 - Business,138,We also compete with companies that develop and deliver consumer hardware and virtual and augmented reality products and services.,false,,Person 1,Risk,Competitive,Market Share Uncertainty,,,done,true,true,,1,,,disputed,,,,,
0001326801,"Meta Platforms, Inc.",2024,0001326801-24-000012,Item 1 - Business,139,"We also expect to face additional competition as we introduce or acquire new products, as our existing products evolve, or as other companies introduce new products and services, including as part of efforts to develop the metaverse or innovate through the development and application of new technologies such as AI.",true,AI,Person 1,Risk,Competitive,Market Share Uncertainty,,,done,true,false,,1,,,disputed,,,,,
0001326801,"Meta Platforms, Inc.",2024,0001326801-24-000012,Item 1 - Business,139,"We also expect to face additional competition as we introduce or acquire new products, as our existing products evolve, or as other companies introduce new products and services, including as part of efforts to develop the metaverse or innovate through the development and application of new technologies such as AI.",true,AI,Person 2,Risk,Competitive,Investment Cost & Uncertainty,,,done,true,true,,1,,,disputed,,,,,
0001326801,"Meta Platforms, Inc.",2024,0001326801-24-000012,Item 1 - Business,139,"We also expect to face additional competition as we introduce or acquire new products, as our existing products evolve, or as other companies introduce new products and services, including as part of efforts to develop the metaverse or innovate through the development and application of new technologies such as AI.",true,AI,Person 2,Risk,Competitive,Market Share Uncertainty,,,done,true,false,,1,,,disputed,,,,,
0001326801,"Meta Platforms, Inc.",2024,0001326801-24-000012,Item 1 - Business,142,"As our user base grows, as engagement with products like video, VR, and MR increases, and as we deepen our investment in new technologies, our computing needs continue to expand.",false,,Person 1,Risk,Competitive,Investment Cost & Uncertainty,,,done,false,false,,1,,,agreed,,,,,
0001326801,"Meta Platforms, Inc.",2024,0001326801-24-000012,Item 1 - Business,142,"As our user base grows, as engagement with products like video, VR, and MR increases, and as we deepen our investment in new technologies, our computing needs continue to expand.",false,,Person 2,Risk,Competitive,Investment Cost & Uncertainty,,,done,false,false,,1,,,agreed,,,,,
0001326801,"Meta Platforms, Inc.",2024,0001326801-24-000012,Item 1 - Business,142,"As our user base grows, as engagement with products like video, VR, and MR increases, and as we deepen our investment in new technologies, our computing needs continue to expand.",false,,Person 2,Risk,Competitive,Investment Cost & Uncertainty,,,done,false,false,,1,,,agreed,,,,,
0001326801,"Meta Platforms, Inc.",2024,0001326801-24-000012,Item 1 - Business,"143,144,145,146","We have designed and built our own data centers and key portions of our technical infrastructure, and a substantial portion of our technical infrastructure is also provided by third parties. Our ability to provide and continue to innovate our products and services depends on the continued availability of components, power, and network capacity. We make significant investments in technology both to improve our existing products and services and to develop new ones, as well as for our marketers and developers. We are also investing in protecting the security, privacy, and integrity of our platform by investing in both people and technology to strengthen our systems against abuse.",true,AI,Person 2,Risk,Competitive,Investment Cost & Uncertainty,,,done,true,true,2cf27f0c-eea3-493f-9178-4e4098a16c8c,4,,,disputed,,,,,
0001326801,"Meta Platforms, Inc.",2024,0001326801-24-000012,Item 1 - Business,144,"Our ability to provide and continue to innovate our products and services depends on the continued availability of components, power, and network capacity.",true,AI,Person 2,Risk,Competitive,Investment Cost & Uncertainty,,,done,true,true,,1,,,disputed,,,,,
0001326801,"Meta Platforms, Inc.",2024,0001326801-24-000012,Item 1 - Business,146,"We are also investing in protecting the security, privacy, and integrity of our platform by investing in both people and technology to strengthen our systems against abuse.",true,AI,Person 1,Mitigation,Technical & Security Controls,"AI Security, Privacy, and Data Protections",2,,done,true,true,,1,,,disputed,,,,,
0001326801,"Meta Platforms, Inc.",2024,0001326801-24-000012,Item 1 - Business,147,"Across all of these efforts, we are making significant investments in AI initiatives, including generative AI, to, among other things, recommend relevant content across our products through our AI-powered discovery engine, enhance our advertising tools and improve our ad delivery, targeting, and measurement capabilities, and to develop new products as well as new features for existing products.",true,AI; generative AI; AI-powered,Person 1,Risk,Competitive,Investment Cost & Uncertainty,,,done,true,false,,1,,,disputed,,,,,
0001326801,"Meta Platforms, Inc.",2024,0001326801-24-000012,Item 1 - Business,147,"Across all of these efforts, we are making significant investments in AI initiatives, including generative AI, to, among other things, recommend relevant content across our products through our AI-powered discovery engine, enhance our advertising tools and improve our ad delivery, targeting, and measurement capabilities, and to develop new products as well as new features for existing products.",true,AI; generative AI; AI-powered,Person 2,Risk,Competitive,Investment Cost & Uncertainty,,,done,true,false,,1,,,disputed,,,,,
0001326801,"Meta Platforms, Inc.",2024,0001326801-24-000012,Item 1 - Business,147,"Across all of these efforts, we are making significant investments in AI initiatives, including generative AI, to, among other things, recommend relevant content across our products through our AI-powered discovery engine, enhance our advertising tools and improve our ad delivery, targeting, and measurement capabilities, and to develop new products as well as new features for existing products.",true,AI; generative AI; AI-powered,Person 2,Risk,Competitive,Market Share Uncertainty,,,done,true,true,,1,,,disputed,,,,,
0001326801,"Meta Platforms, Inc.",2024,0001326801-24-000012,Item 1 - Business,147,"Across all of these efforts, we are making significant investments in AI initiatives, including generative AI, to, among other things, recommend relevant content across our products through our AI-powered discovery engine, enhance our advertising tools and improve our ad delivery, targeting, and measurement capabilities, and to develop new products as well as new features for existing products.",true,AI; generative AI; AI-powered,Person 2,Risk,Competitive,Market Share Uncertainty,,,done,true,true,,1,,,disputed,,,,,
0001326801,"Meta Platforms, Inc.",2024,0001326801-24-000012,Item 1 - Business,167,"We are subject to a variety of laws and regulations in the United States and abroad that involve matters central to our business, many of which are still evolving and being tested in courts, and could be interpreted in ways that could harm our business.",false,,Person 1,Risk,Legal,Uncertainty & Complexity,,,done,false,false,,1,,,agreed,,,,,
0001326801,"Meta Platforms, Inc.",2024,0001326801-24-000012,Item 1 - Business,"167,168,169,170,171","We are subject to a variety of laws and regulations in the United States and abroad that involve matters central to our business, many of which are still evolving and being tested in courts, and could be interpreted in ways that could harm our business. These laws and regulations involve matters including privacy, data use, data protection and personal information, the provision of our services to younger users, biometrics, encryption, rights of publicity, content, integrity, intellectual property, advertising, marketing, distribution, data security, data retention and deletion, data localization and storage, data disclosure, AI and machine learning, electronic contracts and other communications, competition, protection of minors, consumer protection, civil rights, accessibility, telecommunications, product liability, e-commerce, taxation, economic or other trade controls including sanctions, anti-corruption and political law compliance, securities law compliance, and online payment services. Foreign data protection, privacy, content, competition, consumer protection, and other laws and regulations can impose different obligations or be more restrictive than those in the United States, and create the potential for significant fines to be imposed. These U.S. federal and state, EU, and other international laws and regulations, which in some cases can be enforced by private parties in addition to government entities, are constantly evolving and can be subject to significant change. As a result, the application, interpretation, and enforcement of these laws and regulations are often uncertain, particularly in the new and rapidly evolving industry in which we operate, and may be interpreted and applied inconsistently from jurisdiction to jurisdiction and inconsistently with our current policies and practices.",true,AI; machine learning,Person 2,Risk,Legal,Uncertainty & Complexity,,,done,true,false,ccd2c7b4-24fb-4b94-8b9e-28ab1889e233,5,,,disputed,,,,,
0001326801,"Meta Platforms, Inc.",2024,0001326801-24-000012,Item 1 - Business,168,"These laws and regulations involve matters including privacy, data use, data protection and personal information, the provision of our services to younger users, biometrics, encryption, rights of publicity, content, integrity, intellectual property, advertising, marketing, distribution, data security, data retention and deletion, data localization and storage, data disclosure, AI and machine learning, electronic contracts and other communications, competition, protection of minors, consumer protection, civil rights, accessibility, telecommunications, product liability, e-commerce, taxation, economic or other trade controls including sanctions, anti-corruption and political law compliance, securities law compliance, and online payment services.",true,AI; machine learning,Person 1,Risk,Legal,Compliance costs/burdens,,,done,true,true,,1,,,disputed,,,,,
0001326801,"Meta Platforms, Inc.",2024,0001326801-24-000012,Item 1 - Business,169,"Foreign data protection, privacy, content, competition, consumer protection, and other laws and regulations can impose different obligations or be more restrictive than those in the United States, and create the potential for significant fines to be imposed.",false,,Person 1,Risk,Legal,Compliance costs/burdens,,,done,false,false,,1,,,agreed,,,,,
0001326801,"Meta Platforms, Inc.",2024,0001326801-24-000012,Item 1 - Business,169,"Foreign data protection, privacy, content, competition, consumer protection, and other laws and regulations can impose different obligations or be more restrictive than those in the United States, and create the potential for significant fines to be imposed.",false,,Person 1,Risk,Legal,Uncertainty & Complexity,,,done,false,false,,1,,,agreed,,,,,
0001326801,"Meta Platforms, Inc.",2024,0001326801-24-000012,Item 1 - Business,169,"Foreign data protection, privacy, content, competition, consumer protection, and other laws and regulations can impose different obligations or be more restrictive than those in the United States, and create the potential for significant fines to be imposed.",false,,Person 2,Risk,Legal,Compliance costs/burdens,,,done,false,false,,1,,,agreed,,,,,
0001326801,"Meta Platforms, Inc.",2024,0001326801-24-000012,Item 1 - Business,170,"These U.S. federal and state, EU, and other international laws and regulations, which in some cases can be enforced by private parties in addition to government entities, are constantly evolving and can be subject to significant change.",false,,Person 1,Risk,Legal,Uncertainty & Complexity,,,done,false,false,,1,,,agreed,,,,,
0001326801,"Meta Platforms, Inc.",2024,0001326801-24-000012,Item 1 - Business,171,"As a result, the application, interpretation, and enforcement of these laws and regulations are often uncertain, particularly in the new and rapidly evolving industry in which we operate, and may be interpreted and applied inconsistently from jurisdiction to jurisdiction and inconsistently with our current policies and practices.",true,AI,Person 1,Risk,Legal,Uncertainty & Complexity,,,done,false,false,,1,,,agreed,,,,,
0001326801,"Meta Platforms, Inc.",2024,0001326801-24-000012,Item 1 - Business,216,"We are, and expect to continue to be, the subject of investigations, inquiries, data requests, requests for information, actions, and audits by government authorities and regulators in the United States, Europe, and around the world, particularly in the areas of privacy, data use and data protection, including with respect to processing of sensitive data, data from third parties, data for advertising purposes, data security, minors, safety, law enforcement, consumer protection, civil rights, content moderation, use of our platform for illegal, illicit, or otherwise objectionable activity, competition, AI, and machine learning.",true,AI; machine learning,Person 1,Risk,Legal,Ongoing Litigation,,,done,true,true,,1,,,disputed,,,,,
0001326801,"Meta Platforms, Inc.",2024,0001326801-24-000012,Item 1 - Business,216,"We are, and expect to continue to be, the subject of investigations, inquiries, data requests, requests for information, actions, and audits by government authorities and regulators in the United States, Europe, and around the world, particularly in the areas of privacy, data use and data protection, including with respect to processing of sensitive data, data from third parties, data for advertising purposes, data security, minors, safety, law enforcement, consumer protection, civil rights, content moderation, use of our platform for illegal, illicit, or otherwise objectionable activity, competition, AI, and machine learning.",true,AI; machine learning,Person 2,Risk,Legal,Uncertainty & Complexity,,,done,true,true,,1,,,disputed,,,,,
0001326801,"Meta Platforms, Inc.",2024,0001326801-24-000012,Item 1 - Business,217,"We are also currently, and may in the future be, subject to regulatory orders or consent decrees, including the modified consent order we entered into with the U.S. Federal Trade Commission (FTC), which took effect in April 2020 and, 11",false,,Person 1,Risk,Legal,Compliance costs/burdens,,,done,true,true,,1,,,disputed,,,,,
0001326801,"Meta Platforms, Inc.",2024,0001326801-24-000012,Item 1A - Risk Factors,"272,273,274,275,276","Any number of factors can negatively affect user retention, growth, and engagement, including if: users increasingly engage with other competitive products or services; we fail to introduce new features, products, or services that users find engaging or if we introduce new products or services, or make changes to existing products and services, that are not favorably received; users feel that their experience is diminished as a result of the decisions we make with respect to the frequency, prominence, format, size, and quality of ads that we display; users have difficulty installing, updating, or otherwise accessing our products on mobile devices as a result of actions by us or third parties that we rely on to distribute our products and deliver our services. 16 Table of Contents user behavior on any of our products changes, including decreases in the quality and frequency of content shared on our products and services; we are unable to continue to develop products for mobile devices that users find engaging, that work with a variety of mobile operating systems and networks, and that achieve a high level of market acceptance; there are decreases in user sentiment due to questions about the quality or usefulness of our products or our user data practices, concerns about the nature of content made available on our products, or concerns related to privacy, safety, security, well-being, or other factors; we are unable to manage and prioritize information to ensure users are presented with content that is appropriate, interesting, useful, and relevant to them; we are unable to obtain or attract engaging third-party content; we are unable to successfully maintain or grow usage of and engagement with applications that integrate with our products; users adopt new technologies where our products may be displaced in favor of other products or services, or may not be featured or otherwise available; there are changes mandated by legislation, government and regulatory authorities, or litigation that adversely affect our products or users; we are unable to offer a number of our most significant products and services, including Facebook and Instagram, in Europe, or are otherwise limited in our business operations, as a result of European courts invalidating the EU-U.S. DPF or regulators, courts, or legislative bodies determining that the legal bases we rely upon to transfer user data from the European Union to the United States are invalid; there is decreased engagement with our products, or failure to accept our terms of service, as part of changes that we have implemented or may implement in the future, whether voluntarily, in connection with the GDPR, the European Union's ePrivacy Directive, the DMA, the DSA, U.S. state privacy and youth social media laws including the California Consumer Privacy Act (CCPA), as amended by the California Privacy Rights Act (CPRA), Arkansas Social Media Safety Act, Ohio Parental Notification Act, Utah Social Media Regulation Act, or other laws, regulations, or regulatory actions, or otherwise; technical or other problems prevent us from delivering our products in a rapid and reliable manner or otherwise affect the user experience, such as security breaches or failure to prevent or limit spam or otherwise objectionable content, or users feel their experience is diminished as a result of our efforts to protect the security and integrity of our platform; we adopt terms, policies, or procedures related to areas such as sharing, content, user data, or advertising, or we take, or fail to take, actions to enforce our policies, that are perceived negatively by our users or the general public, including as a result of decisions or recommendations from the independent Oversight Board regarding content on our platform; we elect to focus our product decisions on longer-term initiatives that do not prioritize near-term user growth and engagement (for example, we have announced plans to focus product decisions on optimizing the young adult experience in the long term); we make changes in our user account login or registration processes or changes in how we promote different products and services across our family of products; initiatives designed to attract and retain users and engagement, including the use of evolving technologies such as generative artificial intelligence, are unsuccessful or discontinued, whether as a result of actions by us, our competitors, or other third parties, or otherwise. 17",true,AI; generative; artificial intelligence,Person 2,Risk,Legal,Uncertainty & Complexity,,,done,true,true,9be31dcd-8424-41b3-a24a-6ce65ae214fa,5,,,disputed,,,,,
0001326801,"Meta Platforms, Inc.",2024,0001326801-24-000012,Item 1A - Risk Factors,276,"user behavior on any of our products changes, including decreases in the quality and frequency of content shared on our products and services; we are unable to continue to develop products for mobile devices that users find engaging, that work with a variety of mobile operating systems and networks, and that achieve a high level of market acceptance; there are decreases in user sentiment due to questions about the quality or usefulness of our products or our user data practices, concerns about the nature of content made available on our products, or concerns related to privacy, safety, security, well-being, or other factors; we are unable to manage and prioritize information to ensure users are presented with content that is appropriate, interesting, useful, and relevant to them; we are unable to obtain or attract engaging third-party content; we are unable to successfully maintain or grow usage of and engagement with applications that integrate with our products; users adopt new technologies where our products may be displaced in favor of other products or services, or may not be featured or otherwise available; there are changes mandated by legislation, government and regulatory authorities, or litigation that adversely affect our products or users; we are unable to offer a number of our most significant products and services, including Facebook and Instagram, in Europe, or are otherwise limited in our business operations, as a result of European courts invalidating the EU-U.S. DPF or regulators, courts, or legislative bodies determining that the legal bases we rely upon to transfer user data from the European Union to the United States are invalid; there is decreased engagement with our products, or failure to accept our terms of service, as part of changes that we have implemented or may implement in the future, whether voluntarily, in connection with the GDPR, the European Union's ePrivacy Directive, the DMA, the DSA, U.S. state privacy and youth social media laws including the California Consumer Privacy Act (CCPA), as amended by the California Privacy Rights Act (CPRA), Arkansas Social Media Safety Act, Ohio Parental Notification Act, Utah Social Media Regulation Act, or other laws, regulations, or regulatory actions, or otherwise; technical or other problems prevent us from delivering our products in a rapid and reliable manner or otherwise affect the user experience, such as security breaches or failure to prevent or limit spam or otherwise objectionable content, or users feel their experience is diminished as a result of our efforts to protect the security and integrity of our platform; we adopt terms, policies, or procedures related to areas such as sharing, content, user data, or advertising, or we take, or fail to take, actions to enforce our policies, that are perceived negatively by our users or the general public, including as a result of decisions or recommendations from the independent Oversight Board regarding content on our platform; we elect to focus our product decisions on longer-term initiatives that do not prioritize near-term user growth and engagement (for example, we have announced plans to focus product decisions on optimizing the young adult experience in the long term); we make changes in our user account login or registration processes or changes in how we promote different products and services across our family of products; initiatives designed to attract and retain users and engagement, including the use of evolving technologies such as generative artificial intelligence, are unsuccessful or discontinued, whether as a result of actions by us, our competitors, or other third parties, or otherwise. 17",true,generative; artificial intelligence; AI,Person 1,Risk,Reputational,Individual or Organizational Reputation,,,done,true,true,,1,,,disputed,,,,,
0001326801,"Meta Platforms, Inc.",2024,0001326801-24-000012,Item 1A - Risk Factors,276,"user behavior on any of our products changes, including decreases in the quality and frequency of content shared on our products and services; we are unable to continue to develop products for mobile devices that users find engaging, that work with a variety of mobile operating systems and networks, and that achieve a high level of market acceptance; there are decreases in user sentiment due to questions about the quality or usefulness of our products or our user data practices, concerns about the nature of content made available on our products, or concerns related to privacy, safety, security, well-being, or other factors; we are unable to manage and prioritize information to ensure users are presented with content that is appropriate, interesting, useful, and relevant to them; we are unable to obtain or attract engaging third-party content; we are unable to successfully maintain or grow usage of and engagement with applications that integrate with our products; users adopt new technologies where our products may be displaced in favor of other products or services, or may not be featured or otherwise available; there are changes mandated by legislation, government and regulatory authorities, or litigation that adversely affect our products or users; we are unable to offer a number of our most significant products and services, including Facebook and Instagram, in Europe, or are otherwise limited in our business operations, as a result of European courts invalidating the EU-U.S. DPF or regulators, courts, or legislative bodies determining that the legal bases we rely upon to transfer user data from the European Union to the United States are invalid; there is decreased engagement with our products, or failure to accept our terms of service, as part of changes that we have implemented or may implement in the future, whether voluntarily, in connection with the GDPR, the European Union's ePrivacy Directive, the DMA, the DSA, U.S. state privacy and youth social media laws including the California Consumer Privacy Act (CCPA), as amended by the California Privacy Rights Act (CPRA), Arkansas Social Media Safety Act, Ohio Parental Notification Act, Utah Social Media Regulation Act, or other laws, regulations, or regulatory actions, or otherwise; technical or other problems prevent us from delivering our products in a rapid and reliable manner or otherwise affect the user experience, such as security breaches or failure to prevent or limit spam or otherwise objectionable content, or users feel their experience is diminished as a result of our efforts to protect the security and integrity of our platform; we adopt terms, policies, or procedures related to areas such as sharing, content, user data, or advertising, or we take, or fail to take, actions to enforce our policies, that are perceived negatively by our users or the general public, including as a result of decisions or recommendations from the independent Oversight Board regarding content on our platform; we elect to focus our product decisions on longer-term initiatives that do not prioritize near-term user growth and engagement (for example, we have announced plans to focus product decisions on optimizing the young adult experience in the long term); we make changes in our user account login or registration processes or changes in how we promote different products and services across our family of products; initiatives designed to attract and retain users and engagement, including the use of evolving technologies such as generative artificial intelligence, are unsuccessful or discontinued, whether as a result of actions by us, our competitors, or other third parties, or otherwise. 17",true,generative; artificial intelligence; AI,Person 1,Risk,Competitive,Market Share Uncertainty,,,done,true,true,,1,,,disputed,,,,,
0001326801,"Meta Platforms, Inc.",2024,0001326801-24-000012,Item 1A - Risk Factors,276,"user behavior on any of our products changes, including decreases in the quality and frequency of content shared on our products and services; we are unable to continue to develop products for mobile devices that users find engaging, that work with a variety of mobile operating systems and networks, and that achieve a high level of market acceptance; there are decreases in user sentiment due to questions about the quality or usefulness of our products or our user data practices, concerns about the nature of content made available on our products, or concerns related to privacy, safety, security, well-being, or other factors; we are unable to manage and prioritize information to ensure users are presented with content that is appropriate, interesting, useful, and relevant to them; we are unable to obtain or attract engaging third-party content; we are unable to successfully maintain or grow usage of and engagement with applications that integrate with our products; users adopt new technologies where our products may be displaced in favor of other products or services, or may not be featured or otherwise available; there are changes mandated by legislation, government and regulatory authorities, or litigation that adversely affect our products or users; we are unable to offer a number of our most significant products and services, including Facebook and Instagram, in Europe, or are otherwise limited in our business operations, as a result of European courts invalidating the EU-U.S. DPF or regulators, courts, or legislative bodies determining that the legal bases we rely upon to transfer user data from the European Union to the United States are invalid; there is decreased engagement with our products, or failure to accept our terms of service, as part of changes that we have implemented or may implement in the future, whether voluntarily, in connection with the GDPR, the European Union's ePrivacy Directive, the DMA, the DSA, U.S. state privacy and youth social media laws including the California Consumer Privacy Act (CCPA), as amended by the California Privacy Rights Act (CPRA), Arkansas Social Media Safety Act, Ohio Parental Notification Act, Utah Social Media Regulation Act, or other laws, regulations, or regulatory actions, or otherwise; technical or other problems prevent us from delivering our products in a rapid and reliable manner or otherwise affect the user experience, such as security breaches or failure to prevent or limit spam or otherwise objectionable content, or users feel their experience is diminished as a result of our efforts to protect the security and integrity of our platform; we adopt terms, policies, or procedures related to areas such as sharing, content, user data, or advertising, or we take, or fail to take, actions to enforce our policies, that are perceived negatively by our users or the general public, including as a result of decisions or recommendations from the independent Oversight Board regarding content on our platform; we elect to focus our product decisions on longer-term initiatives that do not prioritize near-term user growth and engagement (for example, we have announced plans to focus product decisions on optimizing the young adult experience in the long term); we make changes in our user account login or registration processes or changes in how we promote different products and services across our family of products; initiatives designed to attract and retain users and engagement, including the use of evolving technologies such as generative artificial intelligence, are unsuccessful or discontinued, whether as a result of actions by us, our competitors, or other third parties, or otherwise. 17",true,generative; artificial intelligence; AI,Person 1,Risk,Sociotechnical,Privacy & Security,,,done,true,false,,1,,,disputed,,,,,
0001326801,"Meta Platforms, Inc.",2024,0001326801-24-000012,Item 1A - Risk Factors,276,"user behavior on any of our products changes, including decreases in the quality and frequency of content shared on our products and services; we are unable to continue to develop products for mobile devices that users find engaging, that work with a variety of mobile operating systems and networks, and that achieve a high level of market acceptance; there are decreases in user sentiment due to questions about the quality or usefulness of our products or our user data practices, concerns about the nature of content made available on our products, or concerns related to privacy, safety, security, well-being, or other factors; we are unable to manage and prioritize information to ensure users are presented with content that is appropriate, interesting, useful, and relevant to them; we are unable to obtain or attract engaging third-party content; we are unable to successfully maintain or grow usage of and engagement with applications that integrate with our products; users adopt new technologies where our products may be displaced in favor of other products or services, or may not be featured or otherwise available; there are changes mandated by legislation, government and regulatory authorities, or litigation that adversely affect our products or users; we are unable to offer a number of our most significant products and services, including Facebook and Instagram, in Europe, or are otherwise limited in our business operations, as a result of European courts invalidating the EU-U.S. DPF or regulators, courts, or legislative bodies determining that the legal bases we rely upon to transfer user data from the European Union to the United States are invalid; there is decreased engagement with our products, or failure to accept our terms of service, as part of changes that we have implemented or may implement in the future, whether voluntarily, in connection with the GDPR, the European Union's ePrivacy Directive, the DMA, the DSA, U.S. state privacy and youth social media laws including the California Consumer Privacy Act (CCPA), as amended by the California Privacy Rights Act (CPRA), Arkansas Social Media Safety Act, Ohio Parental Notification Act, Utah Social Media Regulation Act, or other laws, regulations, or regulatory actions, or otherwise; technical or other problems prevent us from delivering our products in a rapid and reliable manner or otherwise affect the user experience, such as security breaches or failure to prevent or limit spam or otherwise objectionable content, or users feel their experience is diminished as a result of our efforts to protect the security and integrity of our platform; we adopt terms, policies, or procedures related to areas such as sharing, content, user data, or advertising, or we take, or fail to take, actions to enforce our policies, that are perceived negatively by our users or the general public, including as a result of decisions or recommendations from the independent Oversight Board regarding content on our platform; we elect to focus our product decisions on longer-term initiatives that do not prioritize near-term user growth and engagement (for example, we have announced plans to focus product decisions on optimizing the young adult experience in the long term); we make changes in our user account login or registration processes or changes in how we promote different products and services across our family of products; initiatives designed to attract and retain users and engagement, including the use of evolving technologies such as generative artificial intelligence, are unsuccessful or discontinued, whether as a result of actions by us, our competitors, or other third parties, or otherwise. 17",true,generative; artificial intelligence; AI,Person 2,Risk,Sociotechnical,Privacy & Security,,,done,true,false,,1,,,disputed,,,,,
0001326801,"Meta Platforms, Inc.",2024,0001326801-24-000012,Item 1A - Risk Factors,276,"user behavior on any of our products changes, including decreases in the quality and frequency of content shared on our products and services; we are unable to continue to develop products for mobile devices that users find engaging, that work with a variety of mobile operating systems and networks, and that achieve a high level of market acceptance; there are decreases in user sentiment due to questions about the quality or usefulness of our products or our user data practices, concerns about the nature of content made available on our products, or concerns related to privacy, safety, security, well-being, or other factors; we are unable to manage and prioritize information to ensure users are presented with content that is appropriate, interesting, useful, and relevant to them; we are unable to obtain or attract engaging third-party content; we are unable to successfully maintain or grow usage of and engagement with applications that integrate with our products; users adopt new technologies where our products may be displaced in favor of other products or services, or may not be featured or otherwise available; there are changes mandated by legislation, government and regulatory authorities, or litigation that adversely affect our products or users; we are unable to offer a number of our most significant products and services, including Facebook and Instagram, in Europe, or are otherwise limited in our business operations, as a result of European courts invalidating the EU-U.S. DPF or regulators, courts, or legislative bodies determining that the legal bases we rely upon to transfer user data from the European Union to the United States are invalid; there is decreased engagement with our products, or failure to accept our terms of service, as part of changes that we have implemented or may implement in the future, whether voluntarily, in connection with the GDPR, the European Union's ePrivacy Directive, the DMA, the DSA, U.S. state privacy and youth social media laws including the California Consumer Privacy Act (CCPA), as amended by the California Privacy Rights Act (CPRA), Arkansas Social Media Safety Act, Ohio Parental Notification Act, Utah Social Media Regulation Act, or other laws, regulations, or regulatory actions, or otherwise; technical or other problems prevent us from delivering our products in a rapid and reliable manner or otherwise affect the user experience, such as security breaches or failure to prevent or limit spam or otherwise objectionable content, or users feel their experience is diminished as a result of our efforts to protect the security and integrity of our platform; we adopt terms, policies, or procedures related to areas such as sharing, content, user data, or advertising, or we take, or fail to take, actions to enforce our policies, that are perceived negatively by our users or the general public, including as a result of decisions or recommendations from the independent Oversight Board regarding content on our platform; we elect to focus our product decisions on longer-term initiatives that do not prioritize near-term user growth and engagement (for example, we have announced plans to focus product decisions on optimizing the young adult experience in the long term); we make changes in our user account login or registration processes or changes in how we promote different products and services across our family of products; initiatives designed to attract and retain users and engagement, including the use of evolving technologies such as generative artificial intelligence, are unsuccessful or discontinued, whether as a result of actions by us, our competitors, or other third parties, or otherwise. 17",true,generative; artificial intelligence; AI,Person 2,Risk,"AI Safety (General, Broad)",-,,,done,true,true,,1,,,disputed,,,,,
0001326801,"Meta Platforms, Inc.",2024,0001326801-24-000012,Item 1A - Risk Factors,276,"user behavior on any of our products changes, including decreases in the quality and frequency of content shared on our products and services; we are unable to continue to develop products for mobile devices that users find engaging, that work with a variety of mobile operating systems and networks, and that achieve a high level of market acceptance; there are decreases in user sentiment due to questions about the quality or usefulness of our products or our user data practices, concerns about the nature of content made available on our products, or concerns related to privacy, safety, security, well-being, or other factors; we are unable to manage and prioritize information to ensure users are presented with content that is appropriate, interesting, useful, and relevant to them; we are unable to obtain or attract engaging third-party content; we are unable to successfully maintain or grow usage of and engagement with applications that integrate with our products; users adopt new technologies where our products may be displaced in favor of other products or services, or may not be featured or otherwise available; there are changes mandated by legislation, government and regulatory authorities, or litigation that adversely affect our products or users; we are unable to offer a number of our most significant products and services, including Facebook and Instagram, in Europe, or are otherwise limited in our business operations, as a result of European courts invalidating the EU-U.S. DPF or regulators, courts, or legislative bodies determining that the legal bases we rely upon to transfer user data from the European Union to the United States are invalid; there is decreased engagement with our products, or failure to accept our terms of service, as part of changes that we have implemented or may implement in the future, whether voluntarily, in connection with the GDPR, the European Union's ePrivacy Directive, the DMA, the DSA, U.S. state privacy and youth social media laws including the California Consumer Privacy Act (CCPA), as amended by the California Privacy Rights Act (CPRA), Arkansas Social Media Safety Act, Ohio Parental Notification Act, Utah Social Media Regulation Act, or other laws, regulations, or regulatory actions, or otherwise; technical or other problems prevent us from delivering our products in a rapid and reliable manner or otherwise affect the user experience, such as security breaches or failure to prevent or limit spam or otherwise objectionable content, or users feel their experience is diminished as a result of our efforts to protect the security and integrity of our platform; we adopt terms, policies, or procedures related to areas such as sharing, content, user data, or advertising, or we take, or fail to take, actions to enforce our policies, that are perceived negatively by our users or the general public, including as a result of decisions or recommendations from the independent Oversight Board regarding content on our platform; we elect to focus our product decisions on longer-term initiatives that do not prioritize near-term user growth and engagement (for example, we have announced plans to focus product decisions on optimizing the young adult experience in the long term); we make changes in our user account login or registration processes or changes in how we promote different products and services across our family of products; initiatives designed to attract and retain users and engagement, including the use of evolving technologies such as generative artificial intelligence, are unsuccessful or discontinued, whether as a result of actions by us, our competitors, or other third parties, or otherwise. 17",true,generative; artificial intelligence; AI,Person 2,Risk,Legal,Compliance costs/burdens,,,done,true,true,,1,,,disputed,,,,,
0001326801,"Meta Platforms, Inc.",2024,0001326801-24-000012,Item 1A - Risk Factors,276,"user behavior on any of our products changes, including decreases in the quality and frequency of content shared on our products and services; we are unable to continue to develop products for mobile devices that users find engaging, that work with a variety of mobile operating systems and networks, and that achieve a high level of market acceptance; there are decreases in user sentiment due to questions about the quality or usefulness of our products or our user data practices, concerns about the nature of content made available on our products, or concerns related to privacy, safety, security, well-being, or other factors; we are unable to manage and prioritize information to ensure users are presented with content that is appropriate, interesting, useful, and relevant to them; we are unable to obtain or attract engaging third-party content; we are unable to successfully maintain or grow usage of and engagement with applications that integrate with our products; users adopt new technologies where our products may be displaced in favor of other products or services, or may not be featured or otherwise available; there are changes mandated by legislation, government and regulatory authorities, or litigation that adversely affect our products or users; we are unable to offer a number of our most significant products and services, including Facebook and Instagram, in Europe, or are otherwise limited in our business operations, as a result of European courts invalidating the EU-U.S. DPF or regulators, courts, or legislative bodies determining that the legal bases we rely upon to transfer user data from the European Union to the United States are invalid; there is decreased engagement with our products, or failure to accept our terms of service, as part of changes that we have implemented or may implement in the future, whether voluntarily, in connection with the GDPR, the European Union's ePrivacy Directive, the DMA, the DSA, U.S. state privacy and youth social media laws including the California Consumer Privacy Act (CCPA), as amended by the California Privacy Rights Act (CPRA), Arkansas Social Media Safety Act, Ohio Parental Notification Act, Utah Social Media Regulation Act, or other laws, regulations, or regulatory actions, or otherwise; technical or other problems prevent us from delivering our products in a rapid and reliable manner or otherwise affect the user experience, such as security breaches or failure to prevent or limit spam or otherwise objectionable content, or users feel their experience is diminished as a result of our efforts to protect the security and integrity of our platform; we adopt terms, policies, or procedures related to areas such as sharing, content, user data, or advertising, or we take, or fail to take, actions to enforce our policies, that are perceived negatively by our users or the general public, including as a result of decisions or recommendations from the independent Oversight Board regarding content on our platform; we elect to focus our product decisions on longer-term initiatives that do not prioritize near-term user growth and engagement (for example, we have announced plans to focus product decisions on optimizing the young adult experience in the long term); we make changes in our user account login or registration processes or changes in how we promote different products and services across our family of products; initiatives designed to attract and retain users and engagement, including the use of evolving technologies such as generative artificial intelligence, are unsuccessful or discontinued, whether as a result of actions by us, our competitors, or other third parties, or otherwise. 17",true,generative; artificial intelligence; AI,Person 2,Risk,Legal,Compliance costs/burdens,,,done,true,true,,1,,,disputed,,,,,
0001326801,"Meta Platforms, Inc.",2024,0001326801-24-000012,Item 1A - Risk Factors,276,"user behavior on any of our products changes, including decreases in the quality and frequency of content shared on our products and services; we are unable to continue to develop products for mobile devices that users find engaging, that work with a variety of mobile operating systems and networks, and that achieve a high level of market acceptance; there are decreases in user sentiment due to questions about the quality or usefulness of our products or our user data practices, concerns about the nature of content made available on our products, or concerns related to privacy, safety, security, well-being, or other factors; we are unable to manage and prioritize information to ensure users are presented with content that is appropriate, interesting, useful, and relevant to them; we are unable to obtain or attract engaging third-party content; we are unable to successfully maintain or grow usage of and engagement with applications that integrate with our products; users adopt new technologies where our products may be displaced in favor of other products or services, or may not be featured or otherwise available; there are changes mandated by legislation, government and regulatory authorities, or litigation that adversely affect our products or users; we are unable to offer a number of our most significant products and services, including Facebook and Instagram, in Europe, or are otherwise limited in our business operations, as a result of European courts invalidating the EU-U.S. DPF or regulators, courts, or legislative bodies determining that the legal bases we rely upon to transfer user data from the European Union to the United States are invalid; there is decreased engagement with our products, or failure to accept our terms of service, as part of changes that we have implemented or may implement in the future, whether voluntarily, in connection with the GDPR, the European Union's ePrivacy Directive, the DMA, the DSA, U.S. state privacy and youth social media laws including the California Consumer Privacy Act (CCPA), as amended by the California Privacy Rights Act (CPRA), Arkansas Social Media Safety Act, Ohio Parental Notification Act, Utah Social Media Regulation Act, or other laws, regulations, or regulatory actions, or otherwise; technical or other problems prevent us from delivering our products in a rapid and reliable manner or otherwise affect the user experience, such as security breaches or failure to prevent or limit spam or otherwise objectionable content, or users feel their experience is diminished as a result of our efforts to protect the security and integrity of our platform; we adopt terms, policies, or procedures related to areas such as sharing, content, user data, or advertising, or we take, or fail to take, actions to enforce our policies, that are perceived negatively by our users or the general public, including as a result of decisions or recommendations from the independent Oversight Board regarding content on our platform; we elect to focus our product decisions on longer-term initiatives that do not prioritize near-term user growth and engagement (for example, we have announced plans to focus product decisions on optimizing the young adult experience in the long term); we make changes in our user account login or registration processes or changes in how we promote different products and services across our family of products; initiatives designed to attract and retain users and engagement, including the use of evolving technologies such as generative artificial intelligence, are unsuccessful or discontinued, whether as a result of actions by us, our competitors, or other third parties, or otherwise. 17",true,generative; artificial intelligence; AI,Person 2,Risk,Sociotechnical,Privacy & Security,,,done,true,false,,1,,,disputed,,,,,
0001326801,"Meta Platforms, Inc.",2024,0001326801-24-000012,Item 1A - Risk Factors,337,We are also making significant investments in artificial intelligence (AI) initiatives across our business.,true,artificial intelligence; AI,Person 1,Risk,Competitive,Investment Cost & Uncertainty,,,done,false,false,,1,,,agreed,,,,,
0001326801,"Meta Platforms, Inc.",2024,0001326801-24-000012,Item 1A - Risk Factors,"337,338","We are also making significant investments in artificial intelligence (AI) initiatives across our business. For example, we recently launched new AI features on our products, including conversational AIs, stickers, and editing tools.",true,artificial intelligence; AI,Person 2,Risk,Competitive,Investment Cost & Uncertainty,,,done,true,false,bba86f7a-7b1d-407c-ab7c-a092c30f3df4,2,,,disputed,,,,,
0001326801,"Meta Platforms, Inc.",2024,0001326801-24-000012,Item 1A - Risk Factors,337,We are also making significant investments in artificial intelligence (AI) initiatives across our business.,true,artificial intelligence; AI,Person 2,Risk,Competitive,Investment Cost & Uncertainty,,,done,false,false,,1,,,agreed,,,,,
0001326801,"Meta Platforms, Inc.",2024,0001326801-24-000012,Item 1A - Risk Factors,337,We are also making significant investments in artificial intelligence (AI) initiatives across our business.,true,artificial intelligence; AI,Person 2,Risk,Competitive,Investment Cost & Uncertainty,,,done,false,false,,1,,,agreed,,,,,
0001326801,"Meta Platforms, Inc.",2024,0001326801-24-000012,Item 1A - Risk Factors,338,"For example, we recently launched new AI features on our products, including conversational AIs, stickers, and editing tools.",true,AI,Person 2,Risk,Competitive,Investment Cost & Uncertainty,,,done,true,true,,1,,,disputed,,,,,
0001326801,"Meta Platforms, Inc.",2024,0001326801-24-000012,Item 1A - Risk Factors,339,"We continue to incur substantial costs, and we may not be successful in generating profits, in connection with these efforts.",false,,Person 1,Risk,Competitive,Investment Cost & Uncertainty,,,done,true,false,,1,,,disputed,,,,,
0001326801,"Meta Platforms, Inc.",2024,0001326801-24-000012,Item 1A - Risk Factors,339,"We continue to incur substantial costs, and we may not be successful in generating profits, in connection with these efforts.",false,,Person 1,Risk,Competitive,Market Share Uncertainty,,,done,true,false,,1,,,disputed,,,,,
0001326801,"Meta Platforms, Inc.",2024,0001326801-24-000012,Item 1A - Risk Factors,"339,340,341","We continue to incur substantial costs, and we may not be successful in generating profits, in connection with these efforts. In addition, we have invested, and expect to continue to invest, significant resources in growing our messaging products to support increasing usage of such products. We have historically monetized messaging in only a limited fashion, and we may not be successful in our efforts to generate meaningful revenue or profits from messaging over the long term.",false,,Person 2,Risk,Legal,Uncertainty & Complexity,,,done,true,true,b393e71a-a44f-4278-9aff-a6ba45823fd2,3,,,disputed,,,,,
0001326801,"Meta Platforms, Inc.",2024,0001326801-24-000012,Item 1A - Risk Factors,"339,340,341","We continue to incur substantial costs, and we may not be successful in generating profits, in connection with these efforts. In addition, we have invested, and expect to continue to invest, significant resources in growing our messaging products to support increasing usage of such products. We have historically monetized messaging in only a limited fashion, and we may not be successful in our efforts to generate meaningful revenue or profits from messaging over the long term.",false,,Person 2,Risk,Competitive,Investment Cost & Uncertainty,,,done,true,false,d189886d-00a9-4e70-b358-c421a01a7e6c,3,,,disputed,,,,,
0001326801,"Meta Platforms, Inc.",2024,0001326801-24-000012,Item 1A - Risk Factors,"339,340,341","We continue to incur substantial costs, and we may not be successful in generating profits, in connection with these efforts. In addition, we have invested, and expect to continue to invest, significant resources in growing our messaging products to support increasing usage of such products. We have historically monetized messaging in only a limited fashion, and we may not be successful in our efforts to generate meaningful revenue or profits from messaging over the long term.",false,,Person 2,Risk,Competitive,Market Share Uncertainty,,,done,true,false,13468677-79bd-4509-9f9c-b0e75b730832,3,,,disputed,,,,,
0001326801,"Meta Platforms, Inc.",2024,0001326801-24-000012,Item 1A - Risk Factors,339,"We continue to incur substantial costs, and we may not be successful in generating profits, in connection with these efforts.",false,,Person 2,Risk,Competitive,Investment Cost & Uncertainty,,,done,true,false,,1,,,disputed,,,,,
0001326801,"Meta Platforms, Inc.",2024,0001326801-24-000012,Item 1A - Risk Factors,339,"We continue to incur substantial costs, and we may not be successful in generating profits, in connection with these efforts.",false,,Person 2,Risk,Competitive,Market Share Uncertainty,,,done,true,false,,1,,,disputed,,,,,
0001326801,"Meta Platforms, Inc.",2024,0001326801-24-000012,Item 1A - Risk Factors,339,"We continue to incur substantial costs, and we may not be successful in generating profits, in connection with these efforts.",false,,Person 2,Risk,Competitive,Investment Cost & Uncertainty,,,done,true,false,,1,,,disputed,,,,,
0001326801,"Meta Platforms, Inc.",2024,0001326801-24-000012,Item 1A - Risk Factors,341,"We have historically monetized messaging in only a limited fashion, and we may not be successful in our efforts to generate meaningful revenue or profits from messaging over the long term.",false,,Person 1,Risk,Competitive,Market Share Uncertainty,,,done,true,false,,1,,,disputed,,,,,
0001326801,"Meta Platforms, Inc.",2024,0001326801-24-000012,Item 1A - Risk Factors,341,"We have historically monetized messaging in only a limited fashion, and we may not be successful in our efforts to generate meaningful revenue or profits from messaging over the long term.",false,,Person 2,Risk,Competitive,Market Share Uncertainty,,,done,true,false,,1,,,disputed,,,,,
0001326801,"Meta Platforms, Inc.",2024,0001326801-24-000012,Item 1A - Risk Factors,"345,346","If our new products or changes to existing products fail to engage users, marketers, or developers, or if our business plans are unsuccessful, we may fail to attract or retain users or to generate sufficient revenue, operating margin, or other value to justify our investments, and our business may be adversely affected. We may not be successful in our artificial intelligence initiatives, which could adversely affect our business, reputation, or financial results.",true,AI; artificial intelligence,Person 2,Risk,Competitive,Market Share Uncertainty,,,done,true,false,a26858fd-ce46-4d6f-a49d-a99a1b93b21a,2,,,disputed,,,,,
0001326801,"Meta Platforms, Inc.",2024,0001326801-24-000012,Item 1A - Risk Factors,345,"If our new products or changes to existing products fail to engage users, marketers, or developers, or if our business plans are unsuccessful, we may fail to attract or retain users or to generate sufficient revenue, operating margin, or other value to justify our investments, and our business may be adversely affected.",true,AI,Person 2,Risk,Competitive,Investment Cost & Uncertainty,,,done,true,true,,1,,,disputed,,,,,
0001326801,"Meta Platforms, Inc.",2024,0001326801-24-000012,Item 1A - Risk Factors,345,"If our new products or changes to existing products fail to engage users, marketers, or developers, or if our business plans are unsuccessful, we may fail to attract or retain users or to generate sufficient revenue, operating margin, or other value to justify our investments, and our business may be adversely affected.",true,AI,Person 2,Risk,Competitive,Market Share Uncertainty,,,done,true,true,,1,,,disputed,,,,,
0001326801,"Meta Platforms, Inc.",2024,0001326801-24-000012,Item 1A - Risk Factors,346,"We may not be successful in our artificial intelligence initiatives, which could adversely affect our business, reputation, or financial results.",true,artificial intelligence,Person 1,Risk,Competitive,Market Share Uncertainty,,,done,true,false,,1,,,disputed,,,,,
0001326801,"Meta Platforms, Inc.",2024,0001326801-24-000012,Item 1A - Risk Factors,346,"We may not be successful in our artificial intelligence initiatives, which could adversely affect our business, reputation, or financial results.",true,artificial intelligence,Person 1,Risk,Reputational,Individual or Organizational Reputation,,,done,true,false,,1,,,disputed,,,,,
0001326801,"Meta Platforms, Inc.",2024,0001326801-24-000012,Item 1A - Risk Factors,346,"We may not be successful in our artificial intelligence initiatives, which could adversely affect our business, reputation, or financial results.",true,artificial intelligence,Person 2,Risk,Reputational,Individual or Organizational Reputation,,,done,true,false,,1,,,disputed,,,,,
0001326801,"Meta Platforms, Inc.",2024,0001326801-24-000012,Item 1A - Risk Factors,346,"We may not be successful in our artificial intelligence initiatives, which could adversely affect our business, reputation, or financial results.",true,artificial intelligence,Person 2,Risk,Reputational,Individual or Organizational Reputation,,,done,true,false,,1,,,disputed,,,,,
0001326801,"Meta Platforms, Inc.",2024,0001326801-24-000012,Item 1A - Risk Factors,346,"We may not be successful in our artificial intelligence initiatives, which could adversely affect our business, reputation, or financial results.",true,artificial intelligence,Person 2,Risk,Competitive,Investment Cost & Uncertainty,,,done,true,true,,1,,,disputed,,,,,
0001326801,"Meta Platforms, Inc.",2024,0001326801-24-000012,Item 1A - Risk Factors,"347,348,349","We are making significant investments in AI initiatives, including generative AI, to, among other things, recommend relevant content across our products, enhance our advertising tools, develop new products, and develop new features for existing products. In particular, we expect our AI initiatives will require increased investment in infrastructure and headcount. There are significant risks involved in developing and deploying AI and there can be no assurance that the usage of AI will enhance our products or services or be beneficial to our business, including our efficiency or profitability.",true,generative; AI; generative AI,Person 2,Risk,Competitive,Investment Cost & Uncertainty,,,done,true,false,f7e3dadc-649e-45a5-9652-2fbf3c795978,3,,,disputed,,,,,
0001326801,"Meta Platforms, Inc.",2024,0001326801-24-000012,Item 1A - Risk Factors,"347,348,349","We are making significant investments in AI initiatives, including generative AI, to, among other things, recommend relevant content across our products, enhance our advertising tools, develop new products, and develop new features for existing products. In particular, we expect our AI initiatives will require increased investment in infrastructure and headcount. There are significant risks involved in developing and deploying AI and there can be no assurance that the usage of AI will enhance our products or services or be beneficial to our business, including our efficiency or profitability.",true,generative; AI; generative AI,Person 2,Risk,Competitive,Market Share Uncertainty,,,done,true,true,a146d9b3-3a6a-41d6-aa3d-0446d8fc78bb,3,,,disputed,,,,,
0001326801,"Meta Platforms, Inc.",2024,0001326801-24-000012,Item 1A - Risk Factors,347,"We are making significant investments in AI initiatives, including generative AI, to, among other things, recommend relevant content across our products, enhance our advertising tools, develop new products, and develop new features for existing products.",true,generative; AI; generative AI,Person 2,Risk,Competitive,Market Share Uncertainty,,,done,true,true,,1,,,disputed,,,,,
0001326801,"Meta Platforms, Inc.",2024,0001326801-24-000012,Item 1A - Risk Factors,348,"In particular, we expect our AI initiatives will require increased investment in infrastructure and headcount.",true,AI,Person 1,Risk,Competitive,Investment Cost & Uncertainty,,,done,true,false,,1,,,disputed,,,,,
0001326801,"Meta Platforms, Inc.",2024,0001326801-24-000012,Item 1A - Risk Factors,348,"In particular, we expect our AI initiatives will require increased investment in infrastructure and headcount.",true,AI,Person 2,Risk,Competitive,Investment Cost & Uncertainty,,,done,true,false,,1,,,disputed,,,,,
0001326801,"Meta Platforms, Inc.",2024,0001326801-24-000012,Item 1A - Risk Factors,349,"There are significant risks involved in developing and deploying AI and there can be no assurance that the usage of AI will enhance our products or services or be beneficial to our business, including our efficiency or profitability.",true,AI,Person 1,Risk,"AI Safety (General, Broad)",-,,,done,true,true,,1,,,disputed,,,,,
0001326801,"Meta Platforms, Inc.",2024,0001326801-24-000012,Item 1A - Risk Factors,349,"There are significant risks involved in developing and deploying AI and there can be no assurance that the usage of AI will enhance our products or services or be beneficial to our business, including our efficiency or profitability.",true,AI,Person 2,Risk,Sociotechnical,Privacy & Security,,,done,true,true,,1,,,disputed,,,,,
0001326801,"Meta Platforms, Inc.",2024,0001326801-24-000012,Item 1A - Risk Factors,350,"For example, our AI-related efforts, particularly those related to generative AI, subject us to risks related to harmful or illegal content, accuracy, misinformation (including related to elections), bias, discrimination, toxicity, intellectual property infringement or misappropriation, defamation, data privacy, cybersecurity, and sanctions and export controls, among others.",true,generative; AI; generative AI; cybersecurity,Person 1,Risk,"AI Safety (General, Broad)",-,,,done,false,false,,1,,,agreed,,,,,
0001326801,"Meta Platforms, Inc.",2024,0001326801-24-000012,Item 1A - Risk Factors,350,"For example, our AI-related efforts, particularly those related to generative AI, subject us to risks related to harmful or illegal content, accuracy, misinformation (including related to elections), bias, discrimination, toxicity, intellectual property infringement or misappropriation, defamation, data privacy, cybersecurity, and sanctions and export controls, among others.",true,generative; AI; generative AI; cybersecurity,Person 1,Risk,Sociotechnical,Privacy & Security,,,done,false,false,,1,,,agreed,,,,,
0001326801,"Meta Platforms, Inc.",2024,0001326801-24-000012,Item 1A - Risk Factors,350,"For example, our AI-related efforts, particularly those related to generative AI, subject us to risks related to harmful or illegal content, accuracy, misinformation (including related to elections), bias, discrimination, toxicity, intellectual property infringement or misappropriation, defamation, data privacy, cybersecurity, and sanctions and export controls, among others.",true,generative; AI; generative AI; cybersecurity,Person 1,Risk,"AI Safety (General, Broad)",-,,,done,false,false,,1,,,agreed,,,,,
0001326801,"Meta Platforms, Inc.",2024,0001326801-24-000012,Item 1A - Risk Factors,350,"For example, our AI-related efforts, particularly those related to generative AI, subject us to risks related to harmful or illegal content, accuracy, misinformation (including related to elections), bias, discrimination, toxicity, intellectual property infringement or misappropriation, defamation, data privacy, cybersecurity, and sanctions and export controls, among others.",true,generative; AI; generative AI; cybersecurity,Person 2,Risk,Sociotechnical,Privacy & Security,,,done,false,false,,1,,,agreed,,,,,
0001326801,"Meta Platforms, Inc.",2024,0001326801-24-000012,Item 1A - Risk Factors,350,"For example, our AI-related efforts, particularly those related to generative AI, subject us to risks related to harmful or illegal content, accuracy, misinformation (including related to elections), bias, discrimination, toxicity, intellectual property infringement or misappropriation, defamation, data privacy, cybersecurity, and sanctions and export controls, among others.",true,generative; AI; generative AI; cybersecurity,Person 2,Risk,"AI Safety (General, Broad)",-,,,done,false,false,,1,,,agreed,,,,,
0001326801,"Meta Platforms, Inc.",2024,0001326801-24-000012,Item 1A - Risk Factors,350,"For example, our AI-related efforts, particularly those related to generative AI, subject us to risks related to harmful or illegal content, accuracy, misinformation (including related to elections), bias, discrimination, toxicity, intellectual property infringement or misappropriation, defamation, data privacy, cybersecurity, and sanctions and export controls, among others.",true,generative; AI; generative AI; cybersecurity,Person 2,Risk,"AI Safety (General, Broad)",-,,,done,false,false,,1,,,agreed,,,,,
0001326801,"Meta Platforms, Inc.",2024,0001326801-24-000012,Item 1A - Risk Factors,351,"It is also uncertain how various laws related to online services, intermediary liability, and other issues will apply to content generated by AI.",true,AI,Person 1,Risk,Legal,Uncertainty & Complexity,,,done,true,false,,1,,,disputed,,,,,
0001326801,"Meta Platforms, Inc.",2024,0001326801-24-000012,Item 1A - Risk Factors,"351,352,353,354,355,356,357,358,359","It is also uncertain how various laws related to online services, intermediary liability, and other issues will apply to content generated by AI. In addition, we are subject to the risks of new or enhanced governmental or regulatory scrutiny, litigation, or other legal liability, ethical concerns, negative consumer perceptions as to automation and AI, activities that threaten people's safety or well-being on- or offline, or other complications that could adversely affect our business, reputation, or financial results. As a result of the complexity and rapid development of AI, it is also the subject of evolving review by various governmental and regulatory agencies in jurisdictions around the world, which are applying, or are considering applying, platform moderation, intellectual property, cybersecurity, and data protection laws to AI and/or are considering general legal frameworks on AI. We may not always be able to anticipate how courts and regulators will apply existing laws to AI, predict how new legal frameworks will develop to address AI, or otherwise respond to these frameworks as they are still rapidly evolving. We may also have to expend resources to adjust our offerings in certain jurisdictions if the legal frameworks on AI are not consistent across jurisdictions. Further, we face significant competition from other companies that are developing their own AI features and technologies. Other companies may develop AI features and technologies that are similar or superior to our technologies or are more cost-effective to develop and deploy. Given the long history of development in the AI sector, other parties may have (or in the future may obtain) patents or other proprietary rights that would prevent, limit, or interfere with our ability to make, use, or sell our own AI features. Further, our ability to continue to develop and effectively deploy AI technologies is dependent on access to specific third-party equipment and other physical infrastructure, such as processing hardware and network capacity, as to which we cannot control the availability or pricing, especially in a highly competitive environment.",true,AI; cybersecurity,Person 2,Risk,Legal,Uncertainty & Complexity,,,done,true,false,3a744dcf-05df-43aa-95ef-a419fa4d2359,9,,,disputed,,,,,
0001326801,"Meta Platforms, Inc.",2024,0001326801-24-000012,Item 1A - Risk Factors,351,"It is also uncertain how various laws related to online services, intermediary liability, and other issues will apply to content generated by AI.",true,AI,Person 2,Risk,Legal,Ongoing Litigation,,,done,true,true,,1,,,disputed,,,,,
0001326801,"Meta Platforms, Inc.",2024,0001326801-24-000012,Item 1A - Risk Factors,352,"In addition, we are subject to the risks of new or enhanced governmental or regulatory scrutiny, litigation, or other legal liability, ethical concerns, negative consumer perceptions as to automation and AI, activities that threaten people's safety or well-being on- or offline, or other complications that could adversely affect our business, reputation, or financial results.",true,AI,Person 1,Risk,Legal,Uncertainty & Complexity,,,done,true,false,,1,,,disputed,,,,,
0001326801,"Meta Platforms, Inc.",2024,0001326801-24-000012,Item 1A - Risk Factors,352,"In addition, we are subject to the risks of new or enhanced governmental or regulatory scrutiny, litigation, or other legal liability, ethical concerns, negative consumer perceptions as to automation and AI, activities that threaten people's safety or well-being on- or offline, or other complications that could adversely affect our business, reputation, or financial results.",true,AI,Person 2,Risk,Reputational,Individual or Organizational Reputation,,,done,true,true,,1,,,disputed,,,,,
0001326801,"Meta Platforms, Inc.",2024,0001326801-24-000012,Item 1A - Risk Factors,352,"In addition, we are subject to the risks of new or enhanced governmental or regulatory scrutiny, litigation, or other legal liability, ethical concerns, negative consumer perceptions as to automation and AI, activities that threaten people's safety or well-being on- or offline, or other complications that could adversely affect our business, reputation, or financial results.",true,AI,Person 2,Risk,Sociotechnical,Human-centered,,,done,true,true,,1,,,disputed,,,,,
0001326801,"Meta Platforms, Inc.",2024,0001326801-24-000012,Item 1A - Risk Factors,352,"In addition, we are subject to the risks of new or enhanced governmental or regulatory scrutiny, litigation, or other legal liability, ethical concerns, negative consumer perceptions as to automation and AI, activities that threaten people's safety or well-being on- or offline, or other complications that could adversely affect our business, reputation, or financial results.",true,AI,Person 2,Risk,Legal,Compliance costs/burdens,,,done,true,true,,1,,,disputed,,,,,
0001326801,"Meta Platforms, Inc.",2024,0001326801-24-000012,Item 1A - Risk Factors,352,"In addition, we are subject to the risks of new or enhanced governmental or regulatory scrutiny, litigation, or other legal liability, ethical concerns, negative consumer perceptions as to automation and AI, activities that threaten people's safety or well-being on- or offline, or other complications that could adversely affect our business, reputation, or financial results.",true,AI,Person 2,Risk,Reputational,Individual or Organizational Reputation,,,done,true,true,,1,,,disputed,,,,,
0001326801,"Meta Platforms, Inc.",2024,0001326801-24-000012,Item 1A - Risk Factors,353,"As a result of the complexity and rapid development of AI, it is also the subject of evolving review by various governmental and regulatory agencies in jurisdictions around the world, which are applying, or are considering applying, platform moderation, intellectual property, cybersecurity, and data protection laws to AI and/or are considering general legal frameworks on AI.",true,AI; cybersecurity,Person 1,Risk,Legal,Uncertainty & Complexity,,,done,true,false,,1,,,disputed,,,,,
0001326801,"Meta Platforms, Inc.",2024,0001326801-24-000012,Item 1A - Risk Factors,353,"As a result of the complexity and rapid development of AI, it is also the subject of evolving review by various governmental and regulatory agencies in jurisdictions around the world, which are applying, or are considering applying, platform moderation, intellectual property, cybersecurity, and data protection laws to AI and/or are considering general legal frameworks on AI.",true,AI; cybersecurity,Person 2,Risk,Legal,IP & Copyright,,,done,true,true,,1,,,disputed,,,,,
0001326801,"Meta Platforms, Inc.",2024,0001326801-24-000012,Item 1A - Risk Factors,353,"As a result of the complexity and rapid development of AI, it is also the subject of evolving review by various governmental and regulatory agencies in jurisdictions around the world, which are applying, or are considering applying, platform moderation, intellectual property, cybersecurity, and data protection laws to AI and/or are considering general legal frameworks on AI.",true,AI; cybersecurity,Person 2,Risk,Legal,Uncertainty & Complexity,,,done,true,false,,1,,,disputed,,,,,
0001326801,"Meta Platforms, Inc.",2024,0001326801-24-000012,Item 1A - Risk Factors,354,"We may not always be able to anticipate how courts and regulators will apply existing laws to AI, predict how new legal frameworks will develop to address AI, or otherwise respond to these frameworks as they are still rapidly evolving.",true,AI,Person 1,Risk,Legal,Uncertainty & Complexity,,,done,false,false,,1,,,agreed,,,,,
0001326801,"Meta Platforms, Inc.",2024,0001326801-24-000012,Item 1A - Risk Factors,354,"We may not always be able to anticipate how courts and regulators will apply existing laws to AI, predict how new legal frameworks will develop to address AI, or otherwise respond to these frameworks as they are still rapidly evolving.",true,AI,Person 2,Risk,Legal,Uncertainty & Complexity,,,done,false,false,,1,,,agreed,,,,,
0001326801,"Meta Platforms, Inc.",2024,0001326801-24-000012,Item 1A - Risk Factors,355,We may also have to expend resources to adjust our offerings in certain jurisdictions if the legal frameworks on AI are not consistent across jurisdictions.,true,AI,Person 1,Risk,Legal,Ongoing Litigation,,,done,true,true,,1,,,disputed,,,,,
0001326801,"Meta Platforms, Inc.",2024,0001326801-24-000012,Item 1A - Risk Factors,355,We may also have to expend resources to adjust our offerings in certain jurisdictions if the legal frameworks on AI are not consistent across jurisdictions.,true,AI,Person 2,Risk,Legal,Compliance costs/burdens,,,done,true,true,,1,,,disputed,,,,,
0001326801,"Meta Platforms, Inc.",2024,0001326801-24-000012,Item 1A - Risk Factors,355,We may also have to expend resources to adjust our offerings in certain jurisdictions if the legal frameworks on AI are not consistent across jurisdictions.,true,AI,Person 2,Risk,Legal,Compliance costs/burdens,,,done,true,true,,1,,,disputed,,,,,
0001326801,"Meta Platforms, Inc.",2024,0001326801-24-000012,Item 1A - Risk Factors,356,"Further, we face significant competition from other companies that are developing their own AI features and technologies.",true,AI,Person 1,Risk,Competitive,Market Share Uncertainty,,,done,true,false,,1,,,disputed,,,,,
0001326801,"Meta Platforms, Inc.",2024,0001326801-24-000012,Item 1A - Risk Factors,356,"Further, we face significant competition from other companies that are developing their own AI features and technologies.",true,AI,Person 2,Risk,Competitive,Market Share Uncertainty,,,done,true,false,,1,,,disputed,,,,,
0001326801,"Meta Platforms, Inc.",2024,0001326801-24-000012,Item 1A - Risk Factors,357,Other companies may develop AI features and technologies that are similar or superior to our technologies or are more cost-effective to develop and deploy.,true,AI,Person 1,Risk,Competitive,Market Share Uncertainty,,,done,true,false,,1,,,disputed,,,,,
0001326801,"Meta Platforms, Inc.",2024,0001326801-24-000012,Item 1A - Risk Factors,"357,358,359","Other companies may develop AI features and technologies that are similar or superior to our technologies or are more cost-effective to develop and deploy. Given the long history of development in the AI sector, other parties may have (or in the future may obtain) patents or other proprietary rights that would prevent, limit, or interfere with our ability to make, use, or sell our own AI features. Further, our ability to continue to develop and effectively deploy AI technologies is dependent on access to specific third-party equipment and other physical infrastructure, such as processing hardware and network capacity, as to which we cannot control the availability or pricing, especially in a highly competitive environment.",true,AI,Person 2,Risk,Competitive,Market Share Uncertainty,,,done,true,false,e0a2afff-2563-4b23-bbda-400357a94526,3,,,disputed,,,,,
0001326801,"Meta Platforms, Inc.",2024,0001326801-24-000012,Item 1A - Risk Factors,357,Other companies may develop AI features and technologies that are similar or superior to our technologies or are more cost-effective to develop and deploy.,true,AI,Person 2,Risk,Competitive,Investment Cost & Uncertainty,,,done,true,true,,1,,,disputed,,,,,
0001326801,"Meta Platforms, Inc.",2024,0001326801-24-000012,Item 1A - Risk Factors,357,Other companies may develop AI features and technologies that are similar or superior to our technologies or are more cost-effective to develop and deploy.,true,AI,Person 2,Risk,Competitive,Market Share Uncertainty,,,done,true,false,,1,,,disputed,,,,,
0001326801,"Meta Platforms, Inc.",2024,0001326801-24-000012,Item 1A - Risk Factors,358,"Given the long history of development in the AI sector, other parties may have (or in the future may obtain) patents or other proprietary rights that would prevent, limit, or interfere with our ability to make, use, or sell our own AI features.",true,AI,Person 1,Risk,Legal,IP & Copyright,,,done,true,false,,1,,,disputed,,,,,
0001326801,"Meta Platforms, Inc.",2024,0001326801-24-000012,Item 1A - Risk Factors,358,"Given the long history of development in the AI sector, other parties may have (or in the future may obtain) patents or other proprietary rights that would prevent, limit, or interfere with our ability to make, use, or sell our own AI features.",true,AI,Person 2,Risk,Competitive,Investment Cost & Uncertainty,,,done,true,true,,1,,,disputed,,,,,
0001326801,"Meta Platforms, Inc.",2024,0001326801-24-000012,Item 1A - Risk Factors,358,"Given the long history of development in the AI sector, other parties may have (or in the future may obtain) patents or other proprietary rights that would prevent, limit, or interfere with our ability to make, use, or sell our own AI features.",true,AI,Person 2,Risk,Legal,IP & Copyright,,,done,true,false,,1,,,disputed,,,,,
0001326801,"Meta Platforms, Inc.",2024,0001326801-24-000012,Item 1A - Risk Factors,359,"Further, our ability to continue to develop and effectively deploy AI technologies is dependent on access to specific third-party equipment and other physical infrastructure, such as processing hardware and network capacity, as to which we cannot control the availability or pricing, especially in a highly competitive environment.",true,AI,Person 1,Risk,Competitive,Market Share Uncertainty,,,done,true,false,,1,,,disputed,,,,,
0001326801,"Meta Platforms, Inc.",2024,0001326801-24-000012,Item 1A - Risk Factors,359,"Further, our ability to continue to develop and effectively deploy AI technologies is dependent on access to specific third-party equipment and other physical infrastructure, such as processing hardware and network capacity, as to which we cannot control the availability or pricing, especially in a highly competitive environment.",true,AI,Person 2,Risk,Competitive,Other,,,done,true,true,,1,,,disputed,,,,,
0001326801,"Meta Platforms, Inc.",2024,0001326801-24-000012,Item 1A - Risk Factors,"360,361,362,363,364,365","We are also developing AI technology that we make available via open source, commercial, and non-commercial license agreements to third-parties that can use this technology for use in their own products and services. We may not have insight into, or control over, the practices of third parties who may utilize such AI technologies. As such, we cannot guarantee that third parties will not use such AI technologies for improper purposes, including through the dissemination of illegal, inaccurate, defamatory or harmful content, intellectual property infringement or misappropriation, furthering bias or discrimination, cybersecurity attacks, data privacy violations, other activities that threaten people's safety or well-being on- or offline, or to develop competing technologies. While we may mitigate certain risks associated with the improper use of our AI models through both technical measures and the inclusion of contractual restrictions on third-party use in any agreement between us and any third party, we cannot guarantee that such measures will be effective. Such improper use by any third party could adversely affect our business, reputation, or financial results or subject us to legal liability. It is not possible to predict all of the risks related to the use of AI and changes in laws, rules, directives, and regulations governing the use of AI may adversely affect our ability to develop and use AI or subject us to legal liability. 22",true,AI; cybersecurity,Person 2,Risk,Legal,Uncertainty & Complexity,,,done,true,false,347bf663-ebde-436b-856d-3f4b39ea2b98,6,,,disputed,,,,,
0001326801,"Meta Platforms, Inc.",2024,0001326801-24-000012,Item 1A - Risk Factors,361,"We may not have insight into, or control over, the practices of third parties who may utilize such AI technologies.",true,AI,Person 2,Risk,"AI Safety (General, Broad)",-,,,done,true,true,,1,,,disputed,,,,,
0001326801,"Meta Platforms, Inc.",2024,0001326801-24-000012,Item 1A - Risk Factors,362,"As such, we cannot guarantee that third parties will not use such AI technologies for improper purposes, including through the dissemination of illegal, inaccurate, defamatory or harmful content, intellectual property infringement or misappropriation, furthering bias or discrimination, cybersecurity attacks, data privacy violations, other activities that threaten people's safety or well-being on- or offline, or to develop competing technologies.",true,AI; cybersecurity,Person 1,Risk,"AI Safety (General, Broad)",-,,,done,true,true,,1,,,disputed,,,,,
0001326801,"Meta Platforms, Inc.",2024,0001326801-24-000012,Item 1A - Risk Factors,362,"As such, we cannot guarantee that third parties will not use such AI technologies for improper purposes, including through the dissemination of illegal, inaccurate, defamatory or harmful content, intellectual property infringement or misappropriation, furthering bias or discrimination, cybersecurity attacks, data privacy violations, other activities that threaten people's safety or well-being on- or offline, or to develop competing technologies.",true,AI; cybersecurity,Person 2,Risk,Sociotechnical,Human-centered,,,done,true,true,,1,,,disputed,,,,,
0001326801,"Meta Platforms, Inc.",2024,0001326801-24-000012,Item 1A - Risk Factors,362,"As such, we cannot guarantee that third parties will not use such AI technologies for improper purposes, including through the dissemination of illegal, inaccurate, defamatory or harmful content, intellectual property infringement or misappropriation, furthering bias or discrimination, cybersecurity attacks, data privacy violations, other activities that threaten people's safety or well-being on- or offline, or to develop competing technologies.",true,AI; cybersecurity,Person 2,Risk,Sociotechnical,Malicious Actors / Misuse,,,done,true,true,,1,,,disputed,,,,,
0001326801,"Meta Platforms, Inc.",2024,0001326801-24-000012,Item 1A - Risk Factors,362,"As such, we cannot guarantee that third parties will not use such AI technologies for improper purposes, including through the dissemination of illegal, inaccurate, defamatory or harmful content, intellectual property infringement or misappropriation, furthering bias or discrimination, cybersecurity attacks, data privacy violations, other activities that threaten people's safety or well-being on- or offline, or to develop competing technologies.",true,AI; cybersecurity,Person 2,Risk,Sociotechnical,Malicious Actors / Misuse,,,done,true,true,,1,,,disputed,,,,,
0001326801,"Meta Platforms, Inc.",2024,0001326801-24-000012,Item 1A - Risk Factors,363,"While we may mitigate certain risks associated with the improper use of our AI models through both technical measures and the inclusion of contractual restrictions on third-party use in any agreement between us and any third party, we cannot guarantee that such measures will be effective.",true,AI,Person 2,Mitigation,Technical & Security Controls,AI Capabilities Safeguards,2,,done,true,true,,1,,,disputed,,,,,
0001326801,"Meta Platforms, Inc.",2024,0001326801-24-000012,Item 1A - Risk Factors,363,"While we may mitigate certain risks associated with the improper use of our AI models through both technical measures and the inclusion of contractual restrictions on third-party use in any agreement between us and any third party, we cannot guarantee that such measures will be effective.",true,AI,Person 2,Mitigation,Technical & Security Controls,"AI Security, Privacy, and Data Protections",1,,done,true,true,,1,,,disputed,,,,,
0001326801,"Meta Platforms, Inc.",2024,0001326801-24-000012,Item 1A - Risk Factors,365,"It is not possible to predict all of the risks related to the use of AI and changes in laws, rules, directives, and regulations governing the use of AI may adversely affect our ability to develop and use AI or subject us to legal liability. 22",true,AI,Person 1,Risk,Legal,Uncertainty & Complexity,,,done,true,false,,1,,,disputed,,,,,
0001326801,"Meta Platforms, Inc.",2024,0001326801-24-000012,Item 1A - Risk Factors,365,"It is not possible to predict all of the risks related to the use of AI and changes in laws, rules, directives, and regulations governing the use of AI may adversely affect our ability to develop and use AI or subject us to legal liability. 22",true,AI,Person 2,Risk,Legal,Compliance costs/burdens,,,done,true,true,,1,,,disputed,,,,,
0001326801,"Meta Platforms, Inc.",2024,0001326801-24-000012,Item 1A - Risk Factors,401,"We will also continue to experience media, legislative, or regulatory scrutiny of our actions or decisions regarding user privacy, data use, encryption, content, product design, algorithms, advertising, competition, generative AI, younger users, and other issues, including actions or decisions in connection with elections or geopolitical events, which has adversely affected, and may in the future adversely affect, our reputation and brands.",true,generative; AI; generative AI,Person 1,Risk,Reputational,Individual or Organizational Reputation,,,done,true,true,,1,,,disputed,,,,,
0001326801,"Meta Platforms, Inc.",2024,0001326801-24-000012,Item 1A - Risk Factors,401,"We will also continue to experience media, legislative, or regulatory scrutiny of our actions or decisions regarding user privacy, data use, encryption, content, product design, algorithms, advertising, competition, generative AI, younger users, and other issues, including actions or decisions in connection with elections or geopolitical events, which has adversely affected, and may in the future adversely affect, our reputation and brands.",true,generative; AI; generative AI,Person 1,Risk,Sociotechnical,Privacy & Security,,,done,true,true,,1,,,disputed,,,,,
0001326801,"Meta Platforms, Inc.",2024,0001326801-24-000012,Item 1A - Risk Factors,401,"We will also continue to experience media, legislative, or regulatory scrutiny of our actions or decisions regarding user privacy, data use, encryption, content, product design, algorithms, advertising, competition, generative AI, younger users, and other issues, including actions or decisions in connection with elections or geopolitical events, which has adversely affected, and may in the future adversely affect, our reputation and brands.",true,generative; AI; generative AI,Person 2,Risk,Competitive,Market Share Uncertainty,,,done,true,true,,1,,,disputed,,,,,
0001326801,"Meta Platforms, Inc.",2024,0001326801-24-000012,Item 1A - Risk Factors,401,"We will also continue to experience media, legislative, or regulatory scrutiny of our actions or decisions regarding user privacy, data use, encryption, content, product design, algorithms, advertising, competition, generative AI, younger users, and other issues, including actions or decisions in connection with elections or geopolitical events, which has adversely affected, and may in the future adversely affect, our reputation and brands.",true,generative; AI; generative AI,Person 2,Risk,Legal,Uncertainty & Complexity,,,done,true,true,,1,,,disputed,,,,,
0001326801,"Meta Platforms, Inc.",2024,0001326801-24-000012,Item 1A - Risk Factors,401,"We will also continue to experience media, legislative, or regulatory scrutiny of our actions or decisions regarding user privacy, data use, encryption, content, product design, algorithms, advertising, competition, generative AI, younger users, and other issues, including actions or decisions in connection with elections or geopolitical events, which has adversely affected, and may in the future adversely affect, our reputation and brands.",true,generative; AI; generative AI,Person 2,Risk,Legal,Uncertainty & Complexity,,,done,true,true,,1,,,disputed,,,,,
0001326801,"Meta Platforms, Inc.",2024,0001326801-24-000012,Item 1A - Risk Factors,401,"We will also continue to experience media, legislative, or regulatory scrutiny of our actions or decisions regarding user privacy, data use, encryption, content, product design, algorithms, advertising, competition, generative AI, younger users, and other issues, including actions or decisions in connection with elections or geopolitical events, which has adversely affected, and may in the future adversely affect, our reputation and brands.",true,generative; AI; generative AI,Person 2,Risk,Competitive,Market Share Uncertainty,,,done,true,true,,1,,,disputed,,,,,
0001326801,"Meta Platforms, Inc.",2024,0001326801-24-000012,Item 1A - Risk Factors,427,"We also expect to face additional competition as we introduce or acquire new products, as our existing products evolve, or as other companies introduce new products and services, including as part of efforts to develop the metaverse or innovate through the development and application of new technologies such as AI.",true,AI,Person 1,Risk,Competitive,Market Share Uncertainty,,,done,true,false,,1,,,disputed,,,,,
0001326801,"Meta Platforms, Inc.",2024,0001326801-24-000012,Item 1A - Risk Factors,427,"We also expect to face additional competition as we introduce or acquire new products, as our existing products evolve, or as other companies introduce new products and services, including as part of efforts to develop the metaverse or innovate through the development and application of new technologies such as AI.",true,AI,Person 2,Risk,Competitive,Market Share Uncertainty,,,done,true,false,,1,,,disputed,,,,,
0001326801,"Meta Platforms, Inc.",2024,0001326801-24-000012,Item 1A - Risk Factors,427,"We also expect to face additional competition as we introduce or acquire new products, as our existing products evolve, or as other companies introduce new products and services, including as part of efforts to develop the metaverse or innovate through the development and application of new technologies such as AI.",true,AI,Person 2,Risk,Competitive,Investment Cost & Uncertainty,,,done,true,true,,1,,,disputed,,,,,
0001326801,"Meta Platforms, Inc.",2024,0001326801-24-000012,Item 1A - Risk Factors,427,"We also expect to face additional competition as we introduce or acquire new products, as our existing products evolve, or as other companies introduce new products and services, including as part of efforts to develop the metaverse or innovate through the development and application of new technologies such as AI.",true,AI,Person 2,Risk,Competitive,Investment Cost & Uncertainty,,,done,true,true,,1,,,disputed,,,,,
0001326801,"Meta Platforms, Inc.",2024,0001326801-24-000012,Item 1A - Risk Factors,427,"We also expect to face additional competition as we introduce or acquire new products, as our existing products evolve, or as other companies introduce new products and services, including as part of efforts to develop the metaverse or innovate through the development and application of new technologies such as AI.",true,AI,Person 2,Risk,Competitive,Market Share Uncertainty,,,done,true,false,,1,,,disputed,,,,,
0001326801,"Meta Platforms, Inc.",2024,0001326801-24-000012,Item 1A - Risk Factors,454,"changes to the content or application of third-party policies that limit our ability to deliver, target, or measure the effectiveness of advertising, including changes by mobile operating system and browser providers such as Apple and Google; the pricing of our ads and other products; the diversification and growth of revenue sources beyond advertising on Facebook and Instagram; our ability to generate revenue from Payments, or the sale of our consumer hardware products or other products we may introduce in the future; changes to existing products or services or the development and introduction of new products or services by us or our competitors; user behavior or product changes that may reduce traffic to features or products that we successfully monetize; increases in marketing, sales, and other operating expenses that we will incur to grow and expand our business and to remain competitive, including costs related to our data centers and technical infrastructure; costs related to our privacy, safety, security, and content review efforts, including as a result of implementing changes to our practices, whether voluntarily, in connection with laws, regulations, regulatory actions, or decisions or recommendations from the independent Oversight Board, or otherwise; costs and expenses related to the development, manufacturing, and delivery of our consumer hardware products; our ability to maintain gross margins and operating margins; costs related to acquisitions, including costs associated with amortization and additional investments to develop the acquired technologies; charges associated with impairment or abandonment of any assets on our balance sheet, including as a result of changes to our real property lease arrangements and data center assets; our ability to obtain equipment, components, and labor for our data centers and other technical infrastructure in a timely and cost-effective manner; system failures or outages or government blocking that prevent us from serving ads for any period of time; breaches of security or privacy, and the costs associated with any such breaches and remediation; changes in the manner in which we distribute our products or inaccessibility of our products due to third-party actions; fees paid to third parties for content or the distribution of our products; refunds or other concessions provided to advertisers; share-based compensation expense, including acquisition-related expense; adverse litigation judgments, settlements, or other litigation-related costs; changes in the legislative or regulatory environment, including with respect to privacy, data protection, antitrust, content, or AI, or actions by governments or regulators, including fines, orders, or consent decrees; the overall tax rate for our business, which is affected by the mix of income we earn in the U.S. and in jurisdictions with different tax rates, the effects of share-based compensation, the effects of integrating intellectual property from. 27",true,AI; data center,Person 1,Risk,Legal,Uncertainty & Complexity,,,done,true,false,,1,,,disputed,,,,,
0001326801,"Meta Platforms, Inc.",2024,0001326801-24-000012,Item 1A - Risk Factors,454,"changes to the content or application of third-party policies that limit our ability to deliver, target, or measure the effectiveness of advertising, including changes by mobile operating system and browser providers such as Apple and Google; the pricing of our ads and other products; the diversification and growth of revenue sources beyond advertising on Facebook and Instagram; our ability to generate revenue from Payments, or the sale of our consumer hardware products or other products we may introduce in the future; changes to existing products or services or the development and introduction of new products or services by us or our competitors; user behavior or product changes that may reduce traffic to features or products that we successfully monetize; increases in marketing, sales, and other operating expenses that we will incur to grow and expand our business and to remain competitive, including costs related to our data centers and technical infrastructure; costs related to our privacy, safety, security, and content review efforts, including as a result of implementing changes to our practices, whether voluntarily, in connection with laws, regulations, regulatory actions, or decisions or recommendations from the independent Oversight Board, or otherwise; costs and expenses related to the development, manufacturing, and delivery of our consumer hardware products; our ability to maintain gross margins and operating margins; costs related to acquisitions, including costs associated with amortization and additional investments to develop the acquired technologies; charges associated with impairment or abandonment of any assets on our balance sheet, including as a result of changes to our real property lease arrangements and data center assets; our ability to obtain equipment, components, and labor for our data centers and other technical infrastructure in a timely and cost-effective manner; system failures or outages or government blocking that prevent us from serving ads for any period of time; breaches of security or privacy, and the costs associated with any such breaches and remediation; changes in the manner in which we distribute our products or inaccessibility of our products due to third-party actions; fees paid to third parties for content or the distribution of our products; refunds or other concessions provided to advertisers; share-based compensation expense, including acquisition-related expense; adverse litigation judgments, settlements, or other litigation-related costs; changes in the legislative or regulatory environment, including with respect to privacy, data protection, antitrust, content, or AI, or actions by governments or regulators, including fines, orders, or consent decrees; the overall tax rate for our business, which is affected by the mix of income we earn in the U.S. and in jurisdictions with different tax rates, the effects of share-based compensation, the effects of integrating intellectual property from. 27",true,AI; data center,Person 1,Risk,Legal,IP & Copyright,,,done,true,true,,1,,,disputed,,,,,
0001326801,"Meta Platforms, Inc.",2024,0001326801-24-000012,Item 1A - Risk Factors,454,"changes to the content or application of third-party policies that limit our ability to deliver, target, or measure the effectiveness of advertising, including changes by mobile operating system and browser providers such as Apple and Google; the pricing of our ads and other products; the diversification and growth of revenue sources beyond advertising on Facebook and Instagram; our ability to generate revenue from Payments, or the sale of our consumer hardware products or other products we may introduce in the future; changes to existing products or services or the development and introduction of new products or services by us or our competitors; user behavior or product changes that may reduce traffic to features or products that we successfully monetize; increases in marketing, sales, and other operating expenses that we will incur to grow and expand our business and to remain competitive, including costs related to our data centers and technical infrastructure; costs related to our privacy, safety, security, and content review efforts, including as a result of implementing changes to our practices, whether voluntarily, in connection with laws, regulations, regulatory actions, or decisions or recommendations from the independent Oversight Board, or otherwise; costs and expenses related to the development, manufacturing, and delivery of our consumer hardware products; our ability to maintain gross margins and operating margins; costs related to acquisitions, including costs associated with amortization and additional investments to develop the acquired technologies; charges associated with impairment or abandonment of any assets on our balance sheet, including as a result of changes to our real property lease arrangements and data center assets; our ability to obtain equipment, components, and labor for our data centers and other technical infrastructure in a timely and cost-effective manner; system failures or outages or government blocking that prevent us from serving ads for any period of time; breaches of security or privacy, and the costs associated with any such breaches and remediation; changes in the manner in which we distribute our products or inaccessibility of our products due to third-party actions; fees paid to third parties for content or the distribution of our products; refunds or other concessions provided to advertisers; share-based compensation expense, including acquisition-related expense; adverse litigation judgments, settlements, or other litigation-related costs; changes in the legislative or regulatory environment, including with respect to privacy, data protection, antitrust, content, or AI, or actions by governments or regulators, including fines, orders, or consent decrees; the overall tax rate for our business, which is affected by the mix of income we earn in the U.S. and in jurisdictions with different tax rates, the effects of share-based compensation, the effects of integrating intellectual property from. 27",true,AI; data center,Person 1,Risk,Sociotechnical,Privacy & Security,,,done,true,true,,1,,,disputed,,,,,
0001326801,"Meta Platforms, Inc.",2024,0001326801-24-000012,Item 1A - Risk Factors,454,"changes to the content or application of third-party policies that limit our ability to deliver, target, or measure the effectiveness of advertising, including changes by mobile operating system and browser providers such as Apple and Google; the pricing of our ads and other products; the diversification and growth of revenue sources beyond advertising on Facebook and Instagram; our ability to generate revenue from Payments, or the sale of our consumer hardware products or other products we may introduce in the future; changes to existing products or services or the development and introduction of new products or services by us or our competitors; user behavior or product changes that may reduce traffic to features or products that we successfully monetize; increases in marketing, sales, and other operating expenses that we will incur to grow and expand our business and to remain competitive, including costs related to our data centers and technical infrastructure; costs related to our privacy, safety, security, and content review efforts, including as a result of implementing changes to our practices, whether voluntarily, in connection with laws, regulations, regulatory actions, or decisions or recommendations from the independent Oversight Board, or otherwise; costs and expenses related to the development, manufacturing, and delivery of our consumer hardware products; our ability to maintain gross margins and operating margins; costs related to acquisitions, including costs associated with amortization and additional investments to develop the acquired technologies; charges associated with impairment or abandonment of any assets on our balance sheet, including as a result of changes to our real property lease arrangements and data center assets; our ability to obtain equipment, components, and labor for our data centers and other technical infrastructure in a timely and cost-effective manner; system failures or outages or government blocking that prevent us from serving ads for any period of time; breaches of security or privacy, and the costs associated with any such breaches and remediation; changes in the manner in which we distribute our products or inaccessibility of our products due to third-party actions; fees paid to third parties for content or the distribution of our products; refunds or other concessions provided to advertisers; share-based compensation expense, including acquisition-related expense; adverse litigation judgments, settlements, or other litigation-related costs; changes in the legislative or regulatory environment, including with respect to privacy, data protection, antitrust, content, or AI, or actions by governments or regulators, including fines, orders, or consent decrees; the overall tax rate for our business, which is affected by the mix of income we earn in the U.S. and in jurisdictions with different tax rates, the effects of share-based compensation, the effects of integrating intellectual property from. 27",true,AI; data center,Person 2,Risk,Legal,Uncertainty & Complexity,,,done,true,false,,1,,,disputed,,,,,
0001326801,"Meta Platforms, Inc.",2024,0001326801-24-000012,Item 1A - Risk Factors,454,"changes to the content or application of third-party policies that limit our ability to deliver, target, or measure the effectiveness of advertising, including changes by mobile operating system and browser providers such as Apple and Google; the pricing of our ads and other products; the diversification and growth of revenue sources beyond advertising on Facebook and Instagram; our ability to generate revenue from Payments, or the sale of our consumer hardware products or other products we may introduce in the future; changes to existing products or services or the development and introduction of new products or services by us or our competitors; user behavior or product changes that may reduce traffic to features or products that we successfully monetize; increases in marketing, sales, and other operating expenses that we will incur to grow and expand our business and to remain competitive, including costs related to our data centers and technical infrastructure; costs related to our privacy, safety, security, and content review efforts, including as a result of implementing changes to our practices, whether voluntarily, in connection with laws, regulations, regulatory actions, or decisions or recommendations from the independent Oversight Board, or otherwise; costs and expenses related to the development, manufacturing, and delivery of our consumer hardware products; our ability to maintain gross margins and operating margins; costs related to acquisitions, including costs associated with amortization and additional investments to develop the acquired technologies; charges associated with impairment or abandonment of any assets on our balance sheet, including as a result of changes to our real property lease arrangements and data center assets; our ability to obtain equipment, components, and labor for our data centers and other technical infrastructure in a timely and cost-effective manner; system failures or outages or government blocking that prevent us from serving ads for any period of time; breaches of security or privacy, and the costs associated with any such breaches and remediation; changes in the manner in which we distribute our products or inaccessibility of our products due to third-party actions; fees paid to third parties for content or the distribution of our products; refunds or other concessions provided to advertisers; share-based compensation expense, including acquisition-related expense; adverse litigation judgments, settlements, or other litigation-related costs; changes in the legislative or regulatory environment, including with respect to privacy, data protection, antitrust, content, or AI, or actions by governments or regulators, including fines, orders, or consent decrees; the overall tax rate for our business, which is affected by the mix of income we earn in the U.S. and in jurisdictions with different tax rates, the effects of share-based compensation, the effects of integrating intellectual property from. 27",true,AI; data center,Person 2,Risk,Legal,Uncertainty & Complexity,,,done,true,false,,1,,,disputed,,,,,
0001326801,"Meta Platforms, Inc.",2024,0001326801-24-000012,Item 1A - Risk Factors,454,"changes to the content or application of third-party policies that limit our ability to deliver, target, or measure the effectiveness of advertising, including changes by mobile operating system and browser providers such as Apple and Google; the pricing of our ads and other products; the diversification and growth of revenue sources beyond advertising on Facebook and Instagram; our ability to generate revenue from Payments, or the sale of our consumer hardware products or other products we may introduce in the future; changes to existing products or services or the development and introduction of new products or services by us or our competitors; user behavior or product changes that may reduce traffic to features or products that we successfully monetize; increases in marketing, sales, and other operating expenses that we will incur to grow and expand our business and to remain competitive, including costs related to our data centers and technical infrastructure; costs related to our privacy, safety, security, and content review efforts, including as a result of implementing changes to our practices, whether voluntarily, in connection with laws, regulations, regulatory actions, or decisions or recommendations from the independent Oversight Board, or otherwise; costs and expenses related to the development, manufacturing, and delivery of our consumer hardware products; our ability to maintain gross margins and operating margins; costs related to acquisitions, including costs associated with amortization and additional investments to develop the acquired technologies; charges associated with impairment or abandonment of any assets on our balance sheet, including as a result of changes to our real property lease arrangements and data center assets; our ability to obtain equipment, components, and labor for our data centers and other technical infrastructure in a timely and cost-effective manner; system failures or outages or government blocking that prevent us from serving ads for any period of time; breaches of security or privacy, and the costs associated with any such breaches and remediation; changes in the manner in which we distribute our products or inaccessibility of our products due to third-party actions; fees paid to third parties for content or the distribution of our products; refunds or other concessions provided to advertisers; share-based compensation expense, including acquisition-related expense; adverse litigation judgments, settlements, or other litigation-related costs; changes in the legislative or regulatory environment, including with respect to privacy, data protection, antitrust, content, or AI, or actions by governments or regulators, including fines, orders, or consent decrees; the overall tax rate for our business, which is affected by the mix of income we earn in the U.S. and in jurisdictions with different tax rates, the effects of share-based compensation, the effects of integrating intellectual property from. 27",true,AI; data center,Person 2,Risk,Legal,Compliance costs/burdens,,,done,true,true,,1,,,disputed,,,,,
0001326801,"Meta Platforms, Inc.",2024,0001326801-24-000012,Item 1A - Risk Factors,478,"We incur significant expenses in operating our business, and we expect our expenses to continue to increase in the future as we broaden our user base, as users increase the amount and types of content they consume and the data they share with us, for example with respect to video, as we develop and implement new products, as we market new and existing products and promote our brands, as we continue to expand our technical infrastructure, as we continue to invest in new and unproven technologies, including AI and machine learning, and as we continue our efforts to focus on privacy, safety, security, and content review.",true,AI; machine learning,Person 1,Risk,Competitive,Investment Cost & Uncertainty,,,done,true,false,,1,,,disputed,,,,,
0001326801,"Meta Platforms, Inc.",2024,0001326801-24-000012,Item 1A - Risk Factors,478,"We incur significant expenses in operating our business, and we expect our expenses to continue to increase in the future as we broaden our user base, as users increase the amount and types of content they consume and the data they share with us, for example with respect to video, as we develop and implement new products, as we market new and existing products and promote our brands, as we continue to expand our technical infrastructure, as we continue to invest in new and unproven technologies, including AI and machine learning, and as we continue our efforts to focus on privacy, safety, security, and content review.",true,AI; machine learning,Person 1,Risk,Competitive,Market Share Uncertainty,,,done,true,false,,1,,,disputed,,,,,
0001326801,"Meta Platforms, Inc.",2024,0001326801-24-000012,Item 1A - Risk Factors,"478,479","We incur significant expenses in operating our business, and we expect our expenses to continue to increase in the future as we broaden our user base, as users increase the amount and types of content they consume and the data they share with us, for example with respect to video, as we develop and implement new products, as we market new and existing products and promote our brands, as we continue to expand our technical infrastructure, as we continue to invest in new and unproven technologies, including AI and machine learning, and as we continue our efforts to focus on privacy, safety, security, and content review. We have recently undertaken cost reduction measures in light of a more challenging operating environment, which may adversely affect these or other business initiatives, and some of these measures have involved, and may in the future involve, up-front charges and outlays of cash to reduce certain longer-term expenses.",true,AI; machine learning,Person 2,Risk,Competitive,Market Share Uncertainty,,,done,true,false,b112d956-3f62-4e11-8cfc-65db8ca5cf36,2,,,disputed,,,,,
0001326801,"Meta Platforms, Inc.",2024,0001326801-24-000012,Item 1A - Risk Factors,"478,479","We incur significant expenses in operating our business, and we expect our expenses to continue to increase in the future as we broaden our user base, as users increase the amount and types of content they consume and the data they share with us, for example with respect to video, as we develop and implement new products, as we market new and existing products and promote our brands, as we continue to expand our technical infrastructure, as we continue to invest in new and unproven technologies, including AI and machine learning, and as we continue our efforts to focus on privacy, safety, security, and content review. We have recently undertaken cost reduction measures in light of a more challenging operating environment, which may adversely affect these or other business initiatives, and some of these measures have involved, and may in the future involve, up-front charges and outlays of cash to reduce certain longer-term expenses.",true,AI; machine learning,Person 2,Risk,Competitive,Investment Cost & Uncertainty,,,done,true,false,4a291d06-af75-4576-a5a6-a8dc119e76aa,2,,,disputed,,,,,
0001326801,"Meta Platforms, Inc.",2024,0001326801-24-000012,Item 1A - Risk Factors,478,"We incur significant expenses in operating our business, and we expect our expenses to continue to increase in the future as we broaden our user base, as users increase the amount and types of content they consume and the data they share with us, for example with respect to video, as we develop and implement new products, as we market new and existing products and promote our brands, as we continue to expand our technical infrastructure, as we continue to invest in new and unproven technologies, including AI and machine learning, and as we continue our efforts to focus on privacy, safety, security, and content review.",true,AI; machine learning,Person 2,Risk,Competitive,Investment Cost & Uncertainty,,,done,true,false,,1,,,disputed,,,,,
0001326801,"Meta Platforms, Inc.",2024,0001326801-24-000012,Item 1A - Risk Factors,478,"We incur significant expenses in operating our business, and we expect our expenses to continue to increase in the future as we broaden our user base, as users increase the amount and types of content they consume and the data they share with us, for example with respect to video, as we develop and implement new products, as we market new and existing products and promote our brands, as we continue to expand our technical infrastructure, as we continue to invest in new and unproven technologies, including AI and machine learning, and as we continue our efforts to focus on privacy, safety, security, and content review.",true,AI; machine learning,Person 2,Risk,Sociotechnical,Privacy & Security,,,done,true,true,,1,,,disputed,,,,,
0001326801,"Meta Platforms, Inc.",2024,0001326801-24-000012,Item 1A - Risk Factors,491,"In addition, as the amount and types of information shared on our products continue to grow and evolve, as the usage patterns of our global community continue to evolve, and as our internal operational demands continue to grow, especially with the deployment of AI technologies, we will need an increasing amount of technical infrastructure, including network capacity and computing power, to continue to satisfy our needs.",true,AI,Person 1,Risk,Competitive,Investment Cost & Uncertainty,,,done,true,false,,1,,,disputed,,,,,
0001326801,"Meta Platforms, Inc.",2024,0001326801-24-000012,Item 1A - Risk Factors,491,"In addition, as the amount and types of information shared on our products continue to grow and evolve, as the usage patterns of our global community continue to evolve, and as our internal operational demands continue to grow, especially with the deployment of AI technologies, we will need an increasing amount of technical infrastructure, including network capacity and computing power, to continue to satisfy our needs.",true,AI,Person 2,Risk,Competitive,Market Share Uncertainty,,,done,true,true,,1,,,disputed,,,,,
0001326801,"Meta Platforms, Inc.",2024,0001326801-24-000012,Item 1A - Risk Factors,491,"In addition, as the amount and types of information shared on our products continue to grow and evolve, as the usage patterns of our global community continue to evolve, and as our internal operational demands continue to grow, especially with the deployment of AI technologies, we will need an increasing amount of technical infrastructure, including network capacity and computing power, to continue to satisfy our needs.",true,AI,Person 2,Risk,Competitive,Investment Cost & Uncertainty,,,done,true,false,,1,,,disputed,,,,,
0001326801,"Meta Platforms, Inc.",2024,0001326801-24-000012,Item 1A - Risk Factors,492,"It is possible that we may fail to continue to effectively scale and grow our technical infrastructure to accommodate these increased demands, which may adversely affect our user engagement and advertising revenue.",true,AI,Person 2,Risk,Competitive,Market Share Uncertainty,,,done,true,true,,1,,,disputed,,,,,
0001326801,"Meta Platforms, Inc.",2024,0001326801-24-000012,Item 1A - Risk Factors,534,"To calculate these metrics, we rely upon complex techniques, algorithms and machine learning models that seek to count the individual people behind user accounts, including by matching multiple user accounts within an individual product and across multiple products when we believe they are attributable to a single person, and counting such group of accounts as one person.",true,machine learning,Person 1,Risk,"AI Safety (General, Broad)",-,,,done,true,false,,1,,,disputed,,,,,
0001326801,"Meta Platforms, Inc.",2024,0001326801-24-000012,Item 1A - Risk Factors,534,"To calculate these metrics, we rely upon complex techniques, algorithms and machine learning models that seek to count the individual people behind user accounts, including by matching multiple user accounts within an individual product and across multiple products when we believe they are attributable to a single person, and counting such group of accounts as one person.",true,machine learning,Person 1,Risk,Sociotechnical,Human-centered,,,done,true,true,,1,,,disputed,,,,,
0001326801,"Meta Platforms, Inc.",2024,0001326801-24-000012,Item 1A - Risk Factors,"534,535","To calculate these metrics, we rely upon complex techniques, algorithms and machine learning models that seek to count the individual people behind user accounts, including by matching multiple user accounts within an individual product and across multiple products when we believe they are attributable to a single person, and counting such group of accounts as one person. These techniques and models require significant judgment, are subject to data and other limitations discussed below, and inherently are subject to statistical variances and uncertainties.",true,machine learning; AI,Person 2,Risk,Sociotechnical,Other,,,done,true,true,070372ab-b336-4e2e-86eb-83bb44837100,2,,,disputed,,,,,
0001326801,"Meta Platforms, Inc.",2024,0001326801-24-000012,Item 1A - Risk Factors,534,"To calculate these metrics, we rely upon complex techniques, algorithms and machine learning models that seek to count the individual people behind user accounts, including by matching multiple user accounts within an individual product and across multiple products when we believe they are attributable to a single person, and counting such group of accounts as one person.",true,machine learning,Person 2,Risk,"AI Safety (General, Broad)",-,,,done,true,false,,1,,,disputed,,,,,
0001326801,"Meta Platforms, Inc.",2024,0001326801-24-000012,Item 1A - Risk Factors,540,"To calculate our estimates of Family DAP and MAP, we currently use a series of machine learning models that are developed based on internal reviews of limited samples of user accounts and calibrated against user survey data.",true,AI; machine learning,Person 1,Risk,Sociotechnical,Human-centered,,,done,false,false,,1,,,agreed,,,,,
0001326801,"Meta Platforms, Inc.",2024,0001326801-24-000012,Item 1A - Risk Factors,"540,541","To calculate our estimates of Family DAP and MAP, we currently use a series of machine learning models that are developed based on internal reviews of limited samples of user accounts and calibrated against user survey data. We apply significant judgment in designing these models and calculating these estimates.",true,AI; machine learning,Person 2,Risk,Sociotechnical,Human-centered,,,done,true,false,573621e6-cc88-4541-9431-9644dea5a2d5,2,,,disputed,,,,,
0001326801,"Meta Platforms, Inc.",2024,0001326801-24-000012,Item 1A - Risk Factors,540,"To calculate our estimates of Family DAP and MAP, we currently use a series of machine learning models that are developed based on internal reviews of limited samples of user accounts and calibrated against user survey data.",true,AI; machine learning,Person 2,Risk,Sociotechnical,Human-centered,,,done,false,false,,1,,,agreed,,,,,
0001326801,"Meta Platforms, Inc.",2024,0001326801-24-000012,Item 1A - Risk Factors,549,"Our estimates of Family metrics also may change as our methodologies evolve, including through the application of new data signals or technologies, product changes, or other improvements in our user surveys, algorithms, or machine learning that may improve our ability to match accounts within and across our products or otherwise evaluate the broad population of our users.",true,machine learning,Person 1,Risk,Sociotechnical,Human-centered,,,done,true,true,,1,,,disputed,,,,,
0001326801,"Meta Platforms, Inc.",2024,0001326801-24-000012,Item 1A - Risk Factors,668,"We are also the subject of multiple lawsuits related to our alleged use of facial recognition technology, our alleged recommendation of and/or failure to remove harmful content, information from third-party websites or apps via our business tools, our alleged use of copyright-protected content to train our AI models, and allegations that Facebook and Instagram cause ""social media addiction"" in users and allegations of violations of the Children's Online Privacy Protection Act (COPPA).",true,AI; facial recognition,Person 1,Risk,Sociotechnical,Privacy & Security,,,done,false,false,,1,,,agreed,,,,,
0001326801,"Meta Platforms, Inc.",2024,0001326801-24-000012,Item 1A - Risk Factors,668,"We are also the subject of multiple lawsuits related to our alleged use of facial recognition technology, our alleged recommendation of and/or failure to remove harmful content, information from third-party websites or apps via our business tools, our alleged use of copyright-protected content to train our AI models, and allegations that Facebook and Instagram cause ""social media addiction"" in users and allegations of violations of the Children's Online Privacy Protection Act (COPPA).",true,AI; facial recognition,Person 1,Risk,Legal,Ongoing Litigation,,,done,false,false,,1,,,agreed,,,,,
0001326801,"Meta Platforms, Inc.",2024,0001326801-24-000012,Item 1A - Risk Factors,668,"We are also the subject of multiple lawsuits related to our alleged use of facial recognition technology, our alleged recommendation of and/or failure to remove harmful content, information from third-party websites or apps via our business tools, our alleged use of copyright-protected content to train our AI models, and allegations that Facebook and Instagram cause ""social media addiction"" in users and allegations of violations of the Children's Online Privacy Protection Act (COPPA).",true,AI; facial recognition,Person 1,Risk,Legal,Uncertainty & Complexity,,,done,false,false,,1,,,agreed,,,,,
0001326801,"Meta Platforms, Inc.",2024,0001326801-24-000012,Item 1A - Risk Factors,"668,669,670","We are also the subject of multiple lawsuits related to our alleged use of facial recognition technology, our alleged recommendation of and/or failure to remove harmful content, information from third-party websites or apps via our business tools, our alleged use of copyright-protected content to train our AI models, and allegations that Facebook and Instagram cause ""social media addiction"" in users and allegations of violations of the Children's Online Privacy Protection Act (COPPA). The results of any such lawsuits and claims cannot be predicted with certainty, and any negative outcome from any such lawsuits could result in payments of substantial monetary damages or fines, or undesirable changes to our products or business practices, and accordingly our business, financial condition, or results of operations could be materially and adversely affected. There can be no assurances that a favorable final outcome will be obtained in all our cases, and defending any lawsuit is costly and can impose a significant burden on management and employees.",true,AI; facial recognition,Person 2,Risk,Legal,Uncertainty & Complexity,,,done,true,false,0bfb70f8-8c50-4b70-a45e-9263801ceb2e,3,,,disputed,,,,,
0001326801,"Meta Platforms, Inc.",2024,0001326801-24-000012,Item 1A - Risk Factors,668,"We are also the subject of multiple lawsuits related to our alleged use of facial recognition technology, our alleged recommendation of and/or failure to remove harmful content, information from third-party websites or apps via our business tools, our alleged use of copyright-protected content to train our AI models, and allegations that Facebook and Instagram cause ""social media addiction"" in users and allegations of violations of the Children's Online Privacy Protection Act (COPPA).",true,AI; facial recognition,Person 2,Risk,Legal,Ongoing Litigation,,,done,false,false,,1,,,agreed,,,,,
0001326801,"Meta Platforms, Inc.",2024,0001326801-24-000012,Item 1A - Risk Factors,668,"We are also the subject of multiple lawsuits related to our alleged use of facial recognition technology, our alleged recommendation of and/or failure to remove harmful content, information from third-party websites or apps via our business tools, our alleged use of copyright-protected content to train our AI models, and allegations that Facebook and Instagram cause ""social media addiction"" in users and allegations of violations of the Children's Online Privacy Protection Act (COPPA).",true,AI; facial recognition,Person 2,Risk,Legal,Uncertainty & Complexity,,,done,false,false,,1,,,agreed,,,,,
0001326801,"Meta Platforms, Inc.",2024,0001326801-24-000012,Item 1A - Risk Factors,668,"We are also the subject of multiple lawsuits related to our alleged use of facial recognition technology, our alleged recommendation of and/or failure to remove harmful content, information from third-party websites or apps via our business tools, our alleged use of copyright-protected content to train our AI models, and allegations that Facebook and Instagram cause ""social media addiction"" in users and allegations of violations of the Children's Online Privacy Protection Act (COPPA).",true,AI; facial recognition,Person 2,Risk,Sociotechnical,Privacy & Security,,,done,false,false,,1,,,agreed,,,,,
0001326801,"Meta Platforms, Inc.",2024,0001326801-24-000012,Item 1A - Risk Factors,669,"The results of any such lawsuits and claims cannot be predicted with certainty, and any negative outcome from any such lawsuits could result in payments of substantial monetary damages or fines, or undesirable changes to our products or business practices, and accordingly our business, financial condition, or results of operations could be materially and adversely affected.",true,AI,Person 2,Risk,Competitive,Market Share Uncertainty,,,done,true,true,,1,,,disputed,,,,,
0001326801,"Meta Platforms, Inc.",2024,0001326801-24-000012,Item 1A - Risk Factors,669,"The results of any such lawsuits and claims cannot be predicted with certainty, and any negative outcome from any such lawsuits could result in payments of substantial monetary damages or fines, or undesirable changes to our products or business practices, and accordingly our business, financial condition, or results of operations could be materially and adversely affected.",true,AI,Person 2,Risk,Legal,Ongoing Litigation,,,done,true,true,,1,,,disputed,,,,,
0001326801,"Meta Platforms, Inc.",2024,0001326801-24-000012,Item 1A - Risk Factors,765,"We are subject to a variety of laws and regulations in the United States and abroad that involve matters central to our business, including privacy, data use, data protection and personal information, the provision of our services to younger users, biometrics, encryption, rights of publicity, content, integrity, intellectual property, advertising, marketing, distribution, data security, data retention and deletion, data localization and storage, data disclosure, AI and machine learning, electronic contracts and other communications, competition, protection of minors, consumer protection, civil rights, accessibility, telecommunications, product liability, e-commerce, taxation, economic or other trade controls including sanctions, anti-corruption and political law compliance, securities law compliance, and online payment services.",true,AI; machine learning,Person 1,Risk,Legal,Uncertainty & Complexity,,,done,false,false,,1,,,agreed,,,,,
0001326801,"Meta Platforms, Inc.",2024,0001326801-24-000012,Item 1A - Risk Factors,765,"We are subject to a variety of laws and regulations in the United States and abroad that involve matters central to our business, including privacy, data use, data protection and personal information, the provision of our services to younger users, biometrics, encryption, rights of publicity, content, integrity, intellectual property, advertising, marketing, distribution, data security, data retention and deletion, data localization and storage, data disclosure, AI and machine learning, electronic contracts and other communications, competition, protection of minors, consumer protection, civil rights, accessibility, telecommunications, product liability, e-commerce, taxation, economic or other trade controls including sanctions, anti-corruption and political law compliance, securities law compliance, and online payment services.",true,AI; machine learning,Person 1,Risk,Legal,Compliance costs/burdens,,,done,false,false,,1,,,agreed,,,,,
0001326801,"Meta Platforms, Inc.",2024,0001326801-24-000012,Item 1A - Risk Factors,765,"We are subject to a variety of laws and regulations in the United States and abroad that involve matters central to our business, including privacy, data use, data protection and personal information, the provision of our services to younger users, biometrics, encryption, rights of publicity, content, integrity, intellectual property, advertising, marketing, distribution, data security, data retention and deletion, data localization and storage, data disclosure, AI and machine learning, electronic contracts and other communications, competition, protection of minors, consumer protection, civil rights, accessibility, telecommunications, product liability, e-commerce, taxation, economic or other trade controls including sanctions, anti-corruption and political law compliance, securities law compliance, and online payment services.",true,AI; machine learning,Person 2,Risk,Legal,Uncertainty & Complexity,,,done,false,false,,1,,,agreed,,,,,
0001326801,"Meta Platforms, Inc.",2024,0001326801-24-000012,Item 1A - Risk Factors,765,"We are subject to a variety of laws and regulations in the United States and abroad that involve matters central to our business, including privacy, data use, data protection and personal information, the provision of our services to younger users, biometrics, encryption, rights of publicity, content, integrity, intellectual property, advertising, marketing, distribution, data security, data retention and deletion, data localization and storage, data disclosure, AI and machine learning, electronic contracts and other communications, competition, protection of minors, consumer protection, civil rights, accessibility, telecommunications, product liability, e-commerce, taxation, economic or other trade controls including sanctions, anti-corruption and political law compliance, securities law compliance, and online payment services.",true,AI; machine learning,Person 2,Risk,Legal,Compliance costs/burdens,,,done,false,false,,1,,,agreed,,,,,
0001326801,"Meta Platforms, Inc.",2024,0001326801-24-000012,Item 1A - Risk Factors,765,"We are subject to a variety of laws and regulations in the United States and abroad that involve matters central to our business, including privacy, data use, data protection and personal information, the provision of our services to younger users, biometrics, encryption, rights of publicity, content, integrity, intellectual property, advertising, marketing, distribution, data security, data retention and deletion, data localization and storage, data disclosure, AI and machine learning, electronic contracts and other communications, competition, protection of minors, consumer protection, civil rights, accessibility, telecommunications, product liability, e-commerce, taxation, economic or other trade controls including sanctions, anti-corruption and political law compliance, securities law compliance, and online payment services.",true,AI; machine learning,Person 2,Risk,Legal,Uncertainty & Complexity,,,done,false,false,,1,,,agreed,,,,,
0001326801,"Meta Platforms, Inc.",2024,0001326801-24-000012,Item 1A - Risk Factors,766,"The introduction of new products, expansion of our activities in certain jurisdictions, or other actions that we may take may subject us to additional laws, regulations, or other government scrutiny.",true,AI,Person 2,Risk,Legal,Ongoing Litigation,,,done,true,true,,1,,,disputed,,,,,
0001326801,"Meta Platforms, Inc.",2024,0001326801-24-000012,Item 1A - Risk Factors,"820,821,822","We receive formal and informal inquiries from government authorities and regulators regarding our compliance with laws and regulations, many of which are evolving and subject to interpretation. We are and expect to continue to be the subject of investigations, inquiries, data requests, requests for information, actions, and audits in the United States, Europe, and around the world, particularly in the areas of privacy, data use and data protection, including with respect to processing of sensitive data, data from third parties, data for advertising purposes, data security, minors, safety, law enforcement, consumer protection, civil rights, content moderation, use of our platform for illegal, illicit, or otherwise objectionable activity, competition, AI, and machine learning. In addition, we are currently, and may in the future be, subject to regulatory orders or consent decrees.",true,AI; machine learning,Person 2,Risk,Legal,Uncertainty & Complexity,,,done,true,false,5b198166-d976-450f-868f-2afc64fbcb28,3,,,disputed,,,,,
0001326801,"Meta Platforms, Inc.",2024,0001326801-24-000012,Item 1A - Risk Factors,821,"We are and expect to continue to be the subject of investigations, inquiries, data requests, requests for information, actions, and audits in the United States, Europe, and around the world, particularly in the areas of privacy, data use and data protection, including with respect to processing of sensitive data, data from third parties, data for advertising purposes, data security, minors, safety, law enforcement, consumer protection, civil rights, content moderation, use of our platform for illegal, illicit, or otherwise objectionable activity, competition, AI, and machine learning.",true,AI; machine learning,Person 1,Risk,Sociotechnical,Privacy & Security,,,done,true,false,,1,,,disputed,,,,,
0001326801,"Meta Platforms, Inc.",2024,0001326801-24-000012,Item 1A - Risk Factors,821,"We are and expect to continue to be the subject of investigations, inquiries, data requests, requests for information, actions, and audits in the United States, Europe, and around the world, particularly in the areas of privacy, data use and data protection, including with respect to processing of sensitive data, data from third parties, data for advertising purposes, data security, minors, safety, law enforcement, consumer protection, civil rights, content moderation, use of our platform for illegal, illicit, or otherwise objectionable activity, competition, AI, and machine learning.",true,AI; machine learning,Person 1,Risk,Legal,Uncertainty & Complexity,,,done,true,false,,1,,,disputed,,,,,
0001326801,"Meta Platforms, Inc.",2024,0001326801-24-000012,Item 1A - Risk Factors,821,"We are and expect to continue to be the subject of investigations, inquiries, data requests, requests for information, actions, and audits in the United States, Europe, and around the world, particularly in the areas of privacy, data use and data protection, including with respect to processing of sensitive data, data from third parties, data for advertising purposes, data security, minors, safety, law enforcement, consumer protection, civil rights, content moderation, use of our platform for illegal, illicit, or otherwise objectionable activity, competition, AI, and machine learning.",true,AI; machine learning,Person 2,Risk,"AI Safety (General, Broad)",-,,,done,true,true,,1,,,disputed,,,,,
0001326801,"Meta Platforms, Inc.",2024,0001326801-24-000012,Item 1A - Risk Factors,821,"We are and expect to continue to be the subject of investigations, inquiries, data requests, requests for information, actions, and audits in the United States, Europe, and around the world, particularly in the areas of privacy, data use and data protection, including with respect to processing of sensitive data, data from third parties, data for advertising purposes, data security, minors, safety, law enforcement, consumer protection, civil rights, content moderation, use of our platform for illegal, illicit, or otherwise objectionable activity, competition, AI, and machine learning.",true,AI; machine learning,Person 2,Risk,Legal,Uncertainty & Complexity,,,done,true,false,,1,,,disputed,,,,,
0001326801,"Meta Platforms, Inc.",2024,0001326801-24-000012,Item 1A - Risk Factors,821,"We are and expect to continue to be the subject of investigations, inquiries, data requests, requests for information, actions, and audits in the United States, Europe, and around the world, particularly in the areas of privacy, data use and data protection, including with respect to processing of sensitive data, data from third parties, data for advertising purposes, data security, minors, safety, law enforcement, consumer protection, civil rights, content moderation, use of our platform for illegal, illicit, or otherwise objectionable activity, competition, AI, and machine learning.",true,AI; machine learning,Person 2,Risk,Sociotechnical,Privacy & Security,,,done,true,false,,1,,,disputed,,,,,
0001326801,"Meta Platforms, Inc.",2024,0001326801-24-000012,Item 1A - Risk Factors,832,"In addition, we are subject to a lawsuit by the state of Texas in connection with the ""tag suggestions"" feature and other uses of facial recognition technology.",true,facial recognition,Person 1,Risk,Sociotechnical,Privacy & Security,,,done,true,true,,1,,,disputed,,,,,
0001326801,"Meta Platforms, Inc.",2024,0001326801-24-000012,Item 1A - Risk Factors,958,"Additionally, our AI is trained on data sets that may include open source software and the outputs of our AI may be subject to open source license restrictions or obligations.",true,AI,Person 1,Risk,Legal,IP & Copyright,,,done,true,false,,1,,,disputed,,,,,
0001326801,"Meta Platforms, Inc.",2024,0001326801-24-000012,Item 1A - Risk Factors,958,"Additionally, our AI is trained on data sets that may include open source software and the outputs of our AI may be subject to open source license restrictions or obligations.",true,AI,Person 2,Risk,Sociotechnical,Human-centered,,,done,true,true,,1,,,disputed,,,,,
0001326801,"Meta Platforms, Inc.",2024,0001326801-24-000012,Item 1A - Risk Factors,958,"Additionally, our AI is trained on data sets that may include open source software and the outputs of our AI may be subject to open source license restrictions or obligations.",true,AI,Person 2,Risk,Legal,Uncertainty & Complexity,,,done,true,true,,1,,,disputed,,,,,
0001326801,"Meta Platforms, Inc.",2024,0001326801-24-000012,Item 1A - Risk Factors,958,"Additionally, our AI is trained on data sets that may include open source software and the outputs of our AI may be subject to open source license restrictions or obligations.",true,AI,Person 2,Risk,"AI Safety (General, Broad)",-,,,done,true,true,,1,,,disputed,,,,,
0001326801,"Meta Platforms, Inc.",2024,0001326801-24-000012,Item 1A - Risk Factors,958,"Additionally, our AI is trained on data sets that may include open source software and the outputs of our AI may be subject to open source license restrictions or obligations.",true,AI,Person 2,Risk,Legal,IP & Copyright,,,done,true,false,,1,,,disputed,,,,,
0001326801,"Meta Platforms, Inc.",2024,0001326801-24-000012,Item 3 - Legal Proceedings,1046,") alleging that ""tag suggestions"" and other uses of facial recognition technology violated the Texas Capture or Use of Biometric Identifiers Act and the Texas Deceptive Trade Practices-Consumer Protection Act, and seeking statutory damages and injunctive relief.",true,facial recognition,Person 1,Risk,Sociotechnical,Privacy & Security,,,done,true,true,,1,,,disputed,,,,,
0001326801,"Meta Platforms, Inc.",2024,0001326801-24-000012,Item 3 - Legal Proceedings,"1127,1128,1129,1130,1131,1132","Beginning on July 7, 2023, multiple putative class actions were filed against us in the U.S. District Court for the Northern District of California ( Kadrey, et al. v. Meta Platforms, Inc. and Chabon, et al. v. Meta Platforms, Inc. ) and U.S. District Court for the Southern District of New York ( Huckabee, et al. v. Meta Platforms, Inc. et al., which was subsequently transferred to the U.S. District Court for the Northern District of California ) alleging that we used various copyrighted books and materials to train our artificial intelligence models, and seeking unspecified damages and injunctive relief.",true,artificial intelligence,Person 2,Risk,Legal,Ongoing Litigation,,,done,true,true,fe2dfd70-a396-4477-8d57-f91c66d583a7,6,,,disputed,,,,,
0001326801,"Meta Platforms, Inc.",2024,0001326801-24-000012,Item 3 - Legal Proceedings,"1127,1128,1129,1130,1131,1132","Beginning on July 7, 2023, multiple putative class actions were filed against us in the U.S. District Court for the Northern District of California ( Kadrey, et al. v. Meta Platforms, Inc. and Chabon, et al. v. Meta Platforms, Inc. ) and U.S. District Court for the Southern District of New York ( Huckabee, et al. v. Meta Platforms, Inc. et al., which was subsequently transferred to the U.S. District Court for the Northern District of California ) alleging that we used various copyrighted books and materials to train our artificial intelligence models, and seeking unspecified damages and injunctive relief.",true,artificial intelligence,Person 2,Risk,Legal,IP & Copyright,,,done,true,false,eff40aeb-a4e2-4c40-940e-e188c382e22a,6,,,disputed,,,,,
0001326801,"Meta Platforms, Inc.",2024,0001326801-24-000012,Item 3 - Legal Proceedings,1132,") alleging that we used various copyrighted books and materials to train our artificial intelligence models, and seeking unspecified damages and injunctive relief.",true,artificial intelligence,Person 1,Risk,Legal,IP & Copyright,,,done,true,false,,1,,,disputed,,,,,
0001326801,"Meta Platforms, Inc.",2024,0001326801-24-000012,Item 3 - Legal Proceedings,1132,") alleging that we used various copyrighted books and materials to train our artificial intelligence models, and seeking unspecified damages and injunctive relief.",true,artificial intelligence,Person 2,Risk,Legal,IP & Copyright,,,done,true,false,,1,,,disputed,,,,,
0001326801,"Meta Platforms, Inc.",2024,0001326801-24-000012,Item 7 - MD&A,1309,"Across all of these efforts, we are making significant investments in artificial intelligence (AI), including generative AI, to improve our delivery, targeting, and measurement capabilities.",true,artificial intelligence; AI; generative AI,Person 2,Risk,Competitive,Investment Cost & Uncertainty,,,done,true,true,,1,,,disputed,,,,,
0001326801,"Meta Platforms, Inc.",2024,0001326801-24-000012,Item 7 - MD&A,1309,"Across all of these efforts, we are making significant investments in artificial intelligence (AI), including generative AI, to improve our delivery, targeting, and measurement capabilities.",true,artificial intelligence; AI; generative AI,Person 2,Risk,Competitive,Market Share Uncertainty,,,done,true,true,,1,,,disputed,,,,,
0001326801,"Meta Platforms, Inc.",2024,0001326801-24-000012,Item 7 - MD&A,1333,"These efforts include significant investments in AI initiatives, including to recommend relevant content across our products, enhance our advertising tools, develop new products, and develop new features for existing products using generative AI.",true,AI; generative AI,Person 1,Risk,Competitive,Investment Cost & Uncertainty,,,done,true,false,,1,,,disputed,,,,,
0001326801,"Meta Platforms, Inc.",2024,0001326801-24-000012,Item 7 - MD&A,1333,"These efforts include significant investments in AI initiatives, including to recommend relevant content across our products, enhance our advertising tools, develop new products, and develop new features for existing products using generative AI.",true,AI; generative AI,Person 2,Risk,Competitive,Investment Cost & Uncertainty,,,done,true,false,,1,,,disputed,,,,,
0001326801,"Meta Platforms, Inc.",2024,0001326801-24-000012,Item 7 - MD&A,1333,"These efforts include significant investments in AI initiatives, including to recommend relevant content across our products, enhance our advertising tools, develop new products, and develop new features for existing products using generative AI.",true,AI; generative AI,Person 2,Risk,Competitive,Market Share Uncertainty,,,done,true,true,,1,,,disputed,,,,,
0001326801,"Meta Platforms, Inc.",2024,0001326801-24-000012,Item 7 - MD&A,1350,"Our calculations of DAP rely upon complex techniques, algorithms, and machine learning models that seek to estimate the underlying number of unique people using one or more of these products, including by matching user accounts within an individual product and across multiple products when we believe they are attributable to a single person, and counting such group of accounts as one person.",true,machine learning,Person 1,Risk,Sociotechnical,Human-centered,,,done,true,true,,1,,,disputed,,,,,
0001326801,"Meta Platforms, Inc.",2024,0001326801-24-000012,Item 7 - MD&A,1351,"As these techniques and models require significant judgment, are developed based on internal reviews of limited samples of user accounts, and are calibrated against user survey data, there is necessarily some margin of error in our estimates.",true,AI,Person 2,Risk,Sociotechnical,Other,,,done,true,true,,1,,,disputed,,,,,
0001326801,"Meta Platforms, Inc.",2024,0001326801-24-000012,Item 7 - MD&A,1386,"Our calculations of MAP rely upon complex techniques, algorithms, and machine learning models that seek to estimate the underlying number of unique people using one or more of these products, including by matching user accounts within an individual product and across multiple products when we believe they are attributable to a single person, and counting such group of accounts as one person.",true,machine learning,Person 1,Risk,Sociotechnical,Human-centered,,,done,false,false,,1,,,agreed,,,,,
0001326801,"Meta Platforms, Inc.",2024,0001326801-24-000012,Item 7 - MD&A,1386,"Our calculations of MAP rely upon complex techniques, algorithms, and machine learning models that seek to estimate the underlying number of unique people using one or more of these products, including by matching user accounts within an individual product and across multiple products when we believe they are attributable to a single person, and counting such group of accounts as one person.",true,machine learning,Person 2,Risk,Sociotechnical,Human-centered,,,done,false,false,,1,,,agreed,,,,,
0001326801,"Meta Platforms, Inc.",2024,0001326801-24-000012,Item 8 - Financial Statements,3955,") alleging that ""tag suggestions"" and other uses of facial recognition technology violated the Texas Capture or Use of Biometric Identifiers Act and the Texas Deceptive Trade Practices-Consumer Protection Act, and seeking statutory damages and injunctive relief.",true,facial recognition,Person 1,Risk,Sociotechnical,Privacy & Security,,,done,true,true,,1,,,disputed,,,,,
0001326801,"Meta Platforms, Inc.",2024,0001326801-24-000012,Item 8 - Financial Statements,3955,") alleging that ""tag suggestions"" and other uses of facial recognition technology violated the Texas Capture or Use of Biometric Identifiers Act and the Texas Deceptive Trade Practices-Consumer Protection Act, and seeking statutory damages and injunctive relief.",true,facial recognition,Person 2,Risk,Legal,Compliance costs/burdens,,,done,true,true,,1,,,disputed,,,,,
0001326801,"Meta Platforms, Inc.",2024,0001326801-24-000012,Item 8 - Financial Statements,"4029,4030,4031,4032,4033,4034,4035,4036","On June 21, 2022, the U.S. Court of Appeals for the Ninth Circuit granted our petition for permission to appeal the district court's class certification order, and the court heard argument on September 12, 2023. The case is stayed in the district court pending appeal. Beginning on July 7, 2023, multiple putative class actions were filed against us in the U.S. District Court for the Northern District of California ( Kadrey, et al. v. Meta Platforms, Inc. and Chabon, et al. v. Meta Platforms, Inc. ) and U.S. District Court for the Southern District of New York ( Huckabee, et al. v. Meta Platforms, Inc. et al. ) , which was subsequently transferred to the U.S. District Court for the Northern District of California) alleging that we used various copyrighted books and materials to train our artificial intelligence models, and seeking unspecified damages and injunctive relief.",true,artificial intelligence,Person 2,Risk,Legal,Ongoing Litigation,,,done,true,true,3de34d49-a177-4ba4-a415-7d00603ff8bc,8,,,disputed,,,,,
0001326801,"Meta Platforms, Inc.",2024,0001326801-24-000012,Item 8 - Financial Statements,4036,"which was subsequently transferred to the U.S. District Court for the Northern District of California) alleging that we used various copyrighted books and materials to train our artificial intelligence models, and seeking unspecified damages and injunctive relief.",true,artificial intelligence,Person 1,Risk,Legal,IP & Copyright,,,done,true,true,,1,,,disputed,,,,,
