10-K,Source,Anchor ID,Sentence,Type,Category,Subcategory,Strength,Decision,Explanation,Explanation longer...
alphabet_2024,AI,s-00273,"We make it a priority to protect the privacy and security of our products, users, and customers, even if there are near-",Risk Mitigation,Technical & Security Controls,"AI Security, Privacy, and Data Protections",2,AI-flagged incorrectly,Not specific to AI,"I don't think this is specific enough to AI (""privacy and security"" could mean a lot of things that don't include artificial intelligence"
alphabet_2024,AI,s-00273,"We make it a priority to protect the privacy and security of our products, users, and customers, even if there are near-",Risk Mitigation,Technical & Security Controls,"AI Security, Privacy, and Data Protections",2,AI-flagged incorrectly,Not specific to AI,"I don't think this is specific enough to AI (""privacy and security"" could mean a lot of things that don't include artificial intelligence"
alphabet_2024,AI,s-00274,We do this by continuously investing in building products that are secure by default; strictly upholding responsible dat,Risk Mitigation,Technical & Security Controls,"AI Security, Privacy, and Data Protections",3,AI-flagged incorrectly,Not specific to AI,"I don't think this is specific enough to AI (""secure by default"" isn't enough to pinpoint AI use)"
alphabet_2024,AI,s-00486,We are expanding our investment in AI across the entire company.,Risk,Competitive,Investment Cost & Uncertainty,,AI-flagged incorrectly,Not specific to AI,"I think expanding ""investment in AI"" is not broad enough (is it the application, development, gaurdrails against it, etc)"
alphabet_2024,AI,s-00486,We are expanding our investment in AI across the entire company.,Risk,Competitive,Investment Cost & Uncertainty,,AI-flagged incorrectly,Not specific to AI,"I think expanding ""investment in AI"" is not broad enough (is it the application, development, gaurdrails against it, etc)"
alphabet_2024,AI,s-00487,This includes generative AI and continuing to integrate AI capabilities into our products and services.,Risk,Competitive,Investment Cost & Uncertainty,,AI-flagged incorrectly,Not specific to AI,"More elaboration on the sentence above, but still wouldn't highlight it as it's not specifically talking about a risk/mitigation regarding AI"
alphabet_2024,AI,s-00488,"AI technology and services are highly competitive, rapidly evolving, and require significant investment, including techn",Risk,Competitive,Investment Cost & Uncertainty,,Human Miss,Not sure why humans missed it,"I double checked and found this sentence in the 2023, 2024 Alphabet JSONL. It must have been a human error on both my and Chibudom's part."
alphabet_2024,AI,s-00488,"AI technology and services are highly competitive, rapidly evolving, and require significant investment, including techn",Risk,Competitive,Market Share Uncertainty,,AI-flagged incorrectly,AI incorrectly tagged subcategory,I don't think this would exactly qualify as market share uncertainty because it isn't explicitly about 1) AI dev race pressure 2) fear of falling behind 3) loss of market share.
alphabet_2024,AI,s-00488,"AI technology and services are highly competitive, rapidly evolving, and require significant investment, including techn",Risk,Competitive,Investment Cost & Uncertainty,,Human Miss,Not sure why humans missed it,"I double checked and found this sentence in the 2023, 2024 Alphabet JSONL. It must have been a human error on both my and Chibudom's part."
alphabet_2024,AI,s-00488,"AI technology and services are highly competitive, rapidly evolving, and require significant investment, including techn",Risk,Competitive,Market Share Uncertainty,,AI-flagged incorrectly,AI incorrectly tagged subcategory,I don't think this would exactly qualify as market share uncertainty because it isn't explicitly about 1) AI dev race pressure 2) fear of falling behind 3) loss of market share.
alphabet_2024,AI,s-00490,"Additionally, other companies may develop AI products and technologies that are similar or superior to our technologies",Risk,Competitive,Market Share Uncertainty,,Human Miss,Not sure why humans missed it,"Found in Alphabet 2024, unsure why both Chibudom and I missed this one. Maybe because we thought it was more about the product competition themselves, but ultimately human error."
alphabet_2024,AI,s-00490,"Additionally, other companies may develop AI products and technologies that are similar or superior to our technologies",Risk,Competitive,Market Share Uncertainty,,AI-flagged incorrectly,AI is incorrectly duplicating/double counting its own annotations,Same sentence as the one above.
alphabet_2024,AI,s-00506,"Our investments ultimately may not be commercially viable or may not result in an adequate return of capital and, in pur",Risk,Competitive,Investment Cost & Uncertainty,,Human Miss,Not sure why humans missed it,"Found in Alphabet 2024, unsure why both Chibudom and I missed this one. May have not taken the sentence before into full context, ultimately human error."
alphabet_2024,AI,s-00527,"In particular, margins on our devices have had, and may continue to have, an adverse effect on our consolidated margins",Risk,Competitive,Investment Cost & Uncertainty,,AI-flagged incorrectly,Not specific to AI,I don't think this is specific enough to AI.
alphabet_2024,AI,s-00598,"In addition, our products and services are highly technical and complex and have contained in the past, and may contain",Risk,Sociotechnical,Privacy & Security,,AI-flagged incorrectly,Not specific to AI,I don't think this is specific enough to AI.
alphabet_2024,AI,s-00652,"Our products and services involve the storage, handling, and transmission of proprietary and other sensitive information",Risk,Sociotechnical,Privacy & Security,,AI-flagged incorrectly,Not specific to AI,I don't think this is specific enough to AI.
alphabet_2024,AI,s-00653,"Malicious software such as viruses, software bugs, theft, misuse, defects, vulnerabilities in our products and services,",Risk,Sociotechnical,Privacy & Security,,AI-flagged incorrectly,Not specific to AI,I don't think this is specific enough to AI.
alphabet_2024,AI,s-00659,"While there is no guarantee that such incidents will not cause significant damage, we expect to continue to expend signi",Risk Mitigation,Technical & Security Controls,"AI Security, Privacy, and Data Protections",2,AI-flagged incorrectly,Not specific to AI,I don't think this is specific enough to AI.
alphabet_2024,AI,s-00663,"We have also seen, and will continue to see, industry-wide software supply chain vulnerabilities, which could affect our",Risk,Sociotechnical,Privacy & Security,,AI-flagged incorrectly,Not specific to AI,I don't think this is specific enough to AI.
alphabet_2024,AI,s-00690,"In addition to our efforts to prevent and mitigate cyber attacks, we are making significant investments in safety, secur",Risk Mitigation,Technical & Security Controls,"AI Security, Privacy, and Data Protections",2,AI-flagged incorrectly,Not specific to AI,I don't think this is specific enough to AI.
alphabet_2024,AI,s-00712,"Although we continue to invest in and deploy proprietary technology to detect and prevent web spam on our platforms, the",Risk Mitigation,Technical & Security Controls,AI-Generated Content,2,AI-flagged incorrectly,Not specific to AI,I don't think this is specific enough to AI.
alphabet_2024,AI,s-00714,"We are continually launching algorithmic changes designed to detect and prevent abuse from low-quality websites, but we",Risk Mitigation,Technical & Security Controls,AI-Generated Content,2,AI-flagged incorrectly,Not specific to AI,I don't think this is specific enough to AI.
alphabet_2024,AI,s-00718,Our business depends on continued and unimpeded access to the Internet by us and our users.,Risk,Competitive,Other,,AI-flagged incorrectly,Not specific to AI,I don't think this is specific enough to AI.
alphabet_2024,AI,s-00728,We are subject to numerous U.S. federal and state as well as foreign laws and regulations covering a wide variety of sub,Risk,Legal,Uncertainty & Complexity,,AI-flagged incorrectly,Not specific to AI,I don't think this is specific enough to AI.
alphabet_2024,AI,s-00737,"New or changing laws and regulations, or interpretations or applications of existing laws and regulations in a manner in",Risk,Legal,Uncertainty & Complexity,,AI-flagged incorrectly,Not specific to AI,I don't think this is specific enough to AI.
alphabet_2024,AI,s-00742,"For example, the EU AI",Risk,Legal,Compliance Costs,,AI-flagged incorrectly,Not specific to AI,I don't think this is specific enough to AI.
alphabet_2024,AI,s-00743,"Act came into force on August 1, 2024, and will generally become fully applicable after a two-year transitional period (",Risk,Legal,Compliance Costs,,AI-flagged incorrectly,Not specific to AI,I don't think this is specific enough to AI.
alphabet_2024,AI,s-00745,"In the U.S., there is increasing uncertainty as to the federal government's approach to AI regulation going forward, as",Risk,Legal,Uncertainty & Complexity,,AI-flagged incorrectly,Not specific to AI,I don't think this is specific enough to AI.
alphabet_2024,AI,s-00746,"Trustworthy Development and Use of Artificial Intelligence, which lays out a framework for the U.S. government, among ot",Risk,Legal,Uncertainty & Complexity,,AI-flagged incorrectly,Not specific to AI,I don't think this is specific enough to AI.
alphabet_2024,AI,s-00748,"Further, at the federal and state level, there have been various proposals (and in some cases laws enacted) addressing",Risk,Legal,Uncertainty & Complexity,,AI-flagged incorrectly,Humans did tag it...,We did tag this in Alphabet 2024.
alphabet_2024,AI,s-00749,‚Äúdeepfakes‚Äù and other AI-generated synthetic media.,Risk,Sociotechnical,Malicious Actors / Misuse,,AI-flagged incorrectly,Humans did tag it...,We did tag this in Alphabet 2024.
alphabet_2024,AI,s-00764,"Our development, use, and commercialization of AI products and services (including our",Risk,Legal,Uncertainty & Complexity,,AI-flagged incorrectly,Humans did tag it...,We did tag this in Alphabet 2024.
alphabet_2024,AI,s-00764,"Our development, use, and commercialization of AI products and services (including our",Risk,Legal,Uncertainty & Complexity,,AI-flagged incorrectly,AI is incorrectly duplicating/double counting its own annotations,Duplication error.
alphabet_2024,AI,s-00774,"We are subject to claims, lawsuits, regulatory and government inquiries and investigations, other proceedings, and order",Risk,Legal,Litigation,,AI-flagged incorrectly,Not specific to AI,"If stretched, the statement fit the the risks/mitigation categories, but is not AI-specific enough."
alphabet_2024,AI,s-00775,"The U.S. Department of Justice (DOJ), various U.S. states, and other plaintiffs have filed, and may continue to file in",Risk,Legal,Litigation,,AI-flagged incorrectly,Not specific to AI,"If stretched, the statement fit the the risks/mitigation categories, but is not AI-specific enough."
alphabet_2024,AI,s-00779,"Also, in December 2023, a California jury delivered a verdict in Epic Games v. Google finding that Google violated antit",Risk,Legal,Litigation,,AI-flagged incorrectly,Not specific to AI,"Not AI-specific enough, this is just about a court ruling."
alphabet_2024,AI,s-00809,"Privacy, data protection, data usage, and portability regulations are complex and rapidly evolving areas.",Risk,Legal,Uncertainty & Complexity,,AI-flagged incorrectly,Not specific to AI,"Privacy, data protection, etc isn't AI-specific enough (no explicit mention)."
alphabet_2024,AI,s-00810,"Any failure or alleged failure to comply with these laws could harm our business, reputation, financial condition, and o",Risk,Legal,Compliance Costs,,AI-flagged incorrectly,Not specific to AI,"This is more general risk - if stretched, could fit the risk/mitigation categories, but is not specific to AI."
alphabet_2024,AI,s-00813,"AI technologies, which rely on the collection of large amounts of data and use of such data for training purposes, has l",Risk,Legal,Compliance Costs,,Human Miss,Not sure why humans missed it,"Not sure why we missed this one, double checked and found it in Alphabet 2024 on Prodigy. User error."
alphabet_2024,AI,s-00832,"We face, and may continue to face, intellectual property infringement or misappropriation, violation of rights of public",Risk,Legal,IP & Copyright,,AI-flagged incorrectly,Not specific to AI,"If stretched, the statement fit the the risks/mitigation categories, but is not AI-specific enough."
alphabet_2024,AI,s-00833,"We, like other internet, technology, and media companies, are frequently subject to litigation based on allegations of i",Risk,Legal,IP & Copyright,,AI-flagged incorrectly,Not specific to AI,"If stretched, the statement fit the the risks/mitigation categories, but is not AI-specific enough."
alphabet_2024,AI,s-00833,"We, like other internet, technology, and media companies, are frequently subject to litigation based on allegations of i",Risk,Legal,IP & Copyright,,AI-flagged incorrectly,AI is incorrectly duplicating/double counting its own annotations,Duplication error.
alphabet_2024,AI,s-00958,"We maintain a comprehensive process for identifying, assessing, and managing material risks from cybersecurity threats a",Risk Mitigation,Governance & Oversight,Overall Risk Management & Governance Plan,3,AI-flagged incorrectly,Not specific to AI,"If stretched, the statement fit the the risks/mitigation categories, but is not AI-specific enough."
alphabet_2024,AI,s-00961,"Teams of dedicated privacy, safety, and security professionals oversee cybersecurity risk management and mitigation, inc",Risk Mitigation,Governance & Oversight,Overall Risk Management & Governance Plan,2,AI-flagged incorrectly,Not specific to AI,"If stretched, the statement fit the the risks/mitigation categories, but is not AI-specific enough."
alphabet_2024,AI,s-00964,"Our executive leadership team, along with input from the above teams, are responsible for our overall enterprise risk ma",Risk Mitigation,Governance & Oversight,Overall Risk Management & Governance Plan,2,AI-flagged incorrectly,Not specific to AI,"If stretched, the statement fit the the risks/mitigation categories, but is not AI-specific enough."
alphabet_2024,AI,s-00965,"As part of our cybersecurity risk management system, our incident management teams track and log privacy and security in",Risk Mitigation,Operational Process Controls,"Incident Monitoring, Response, and Recovery",3,AI-flagged incorrectly,Not specific to AI,"If stretched, the statement fit the the risks/mitigation categories, but is not AI-specific enough."
alphabet_2024,AI,s-00968,"We consult with outside counsel as appropriate, including on materiality analysis and disclosure matters, and our senior",Risk Mitigation,Governance & Oversight,Overall Risk Management & Governance Plan,2,AI-flagged incorrectly,Not specific to AI,"If stretched, the statement fit the the risks/mitigation categories, but is not AI-specific enough."
alphabet_2024,AI,s-00977,The Audit and Compliance Committee has oversight responsibility for risks and incidents relating to cybersecurity threat,Risk Mitigation,Governance & Oversight,Board Structure & Oversight,2,AI-flagged incorrectly,Not specific to AI,"If stretched, the statement fit the the risks/mitigation categories, but is not AI-specific enough."
alphabet_2024,AI,s-00979,Internal Audit maintains a dedicated cybersecurity auditing team that independently tests our cybersecurity controls.,Risk Mitigation,Operational Process Controls,Testing & Auditing,3,AI-flagged incorrectly,Not specific to AI,"If stretched, the statement fit the the risks/mitigation categories, but is not AI-specific enough."
alphabet_2024,AI,s-01110,We continue to invest heavily and develop localized versions of our products and advertising programs relevant to our us,Risk Mitigation,Governance & Oversight,Overall Risk Management & Governance Plan,2,AI-flagged incorrectly,Not specific to AI,"If stretched, the statement fit the the risks/mitigation categories, but is not AI-specific enough."
alphabet_2024,AI,s-01120,"While we have a foreign exchange risk management program designed to reduce our exposure to these fluctuations, this pro",Risk Mitigation,Governance & Oversight,Overall Risk Management & Governance Plan,2,AI-flagged incorrectly,Not specific to AI,"If stretched, the statement fit the the risks/mitigation categories, but is not AI-specific enough."
alphabet_2024,AI,s-01169,"As our business evolves, we periodically review, refine, and update our methodologies for monitoring, gathering, and cou",Risk Mitigation,Governance & Oversight,Overall Risk Management & Governance Plan,2,AI-flagged incorrectly,Not specific to AI,"If stretched, the statement fit the the risks/mitigation categories, but is not AI-specific enough."
alphabet_2024,AI,s-02583,We use derivative instruments to manage risks relating to our ongoing business operations.,Risk Mitigation,Governance & Oversight,Overall Risk Management & Governance Plan,2,AI-flagged incorrectly,Not specific to AI,"If stretched, the statement fit the the risks/mitigation categories, but is not AI-specific enough."
alphabet_2024,AI,s-02584,The primary risk managed is foreign exchange risk.,Risk Mitigation,Governance & Oversight,Overall Risk Management & Governance Plan,2,AI-flagged incorrectly,Not specific to AI,"If stretched, the statement fit the the risks/mitigation categories, but is not AI-specific enough."
alphabet_2024,AI,s-02585,"We use foreign currency contracts to reduce the risk that our cash flows, earnings, and investment in foreign subsidiari",Risk Mitigation,Governance & Oversight,Overall Risk Management & Governance Plan,2,AI-flagged incorrectly,Not specific to AI,"If stretched, the statement fit the the risks/mitigation categories, but is not AI-specific enough."
alphabet_2024,AI,s-02591,We designate foreign currency forward and option contracts (including collars) as cash flow hedges to hedge certain fore,Risk Mitigation,Governance & Oversight,Overall Risk Management & Governance Plan,3,AI-flagged incorrectly,Not specific to AI,"If stretched, the statement fit the the risks/mitigation categories, but is not AI-specific enough."
alphabet_2024,AI,s-02681,We enter into master netting arrangements and collateral security arrangements to reduce credit risk.,Risk Mitigation,Technical & Security Controls,"AI Security, Privacy, and Data Protections",3,AI-flagged incorrectly,Not specific to AI,"If stretched, the statement fit the the risks/mitigation categories, but is not AI-specific enough."
alphabet_2024,AI,s-03056,We believe we have strong arguments against these open claims and will defend ourselves vigorously.,Risk Mitigation,Governance & Oversight,Overall Risk Management & Governance Plan,2,AI-flagged incorrectly,Not specific to AI,"If stretched, the statement fit the the risks/mitigation categories, but is not AI-specific enough."
alphabet_2024,AI,s-03057,"We continue to cooperate with federal and state regulators in the U.S., the EC, and other regulators around the world.",Risk Mitigation,Governance & Oversight,Overall Risk Management & Governance Plan,2,AI-flagged incorrectly,Not specific to AI,"If stretched, the statement fit the the risks/mitigation categories, but is not AI-specific enough."
alphabet_2024,AI,s-03059,"We are subject to a number of privacy-related laws and regulations, and we currently are party to a number of privacy in",Risk,Legal,Litigation,,AI-flagged incorrectly,Not specific to AI,"If stretched, the statement fit the the risks/mitigation categories, but is not AI-specific enough."
alphabet_2024,AI,s-03060,"For example, there are ongoing investigations and litigation in the U.S. and the EU, including those relating to our col",Risk,Legal,Litigation,,AI-flagged incorrectly,Not specific to AI,"If stretched, the statement fit the the risks/mitigation categories, but is not AI-specific enough."
alphabet_2024,AI,s-03523,"We have adopted insider trading policies and procedures governing the purchase, sale, and other dispositions of securiti",Risk Mitigation,Governance & Oversight,Overall Risk Management & Governance Plan,2,AI-flagged incorrectly,Not specific to AI,"If stretched, the statement fit the the risks/mitigation categories, but is not AI-specific enough."
alphabet_2024,AI,(unmatched),"We have a comprehensive process for identifying, assessing, and managing material risks from cybersecurity threats as pa",Risk Mitigation,Governance & Oversight,Overall Risk Management & Governance Plan,3,AI-flagged incorrectly,Not specific to AI,"If stretched, the statement fit the the risks/mitigation categories, but is not AI-specific enough."
amazon_2024,AI,s-00157,"In addition, new and enhanced technologies, including search, web and infrastructure computing services, practical applications of artificial intelligence and machine learning, digital content, satellites, and electronic devices continue to increase our competition.",Risk,Competitive,Market Share Uncertainty,,AI-flagged incorrectly,Not specific to AI,"""New and enhanced"" doesn't mean ""AI"" specific, so I wouldn't have inferred that they are describing AI risks from that statement since it didn't have an AI term included within a paragraph before the sentence. "
amazon_2024,AI,s-01546,Our disclosure controls and procedures and internal control over financial reporting are designed to provide reasonable assurance of achieving their objectives as specified above.,Risk Mitigation,Governance & Oversight,Overall Risk Management & Governance Plan,2,AI-flagged incorrectly,Not specific to AI,"Not AI specific, especially as there wasn't an AI term included within a paragraph before or after the sentence. "
amazon_2024,AI,s-00470,"We have processes in place for assessing, identifying, and managing material risks from potential unauthorized occurrences on or through our electronic information systems that could adversely affect the confidentiality, integrity, or availability of our information systems or the information residing on those systems.",Risk Mitigation,Technical & Security Controls,"AI Security, Privacy, and Data Protections",2,AI-flagged incorrectly,Not specific to AI,"General cybersecurity risk management steps, not specific to AI, especially as there wasn't an AI term included within a paragraph before or after the sentence (besides cybersecurity)."
amazon_2024,AI,s-00471,"These include a wide variety of mechanisms, controls, technologies, methods, systems, and other processes that are designed to prevent, detect, or mitigate data loss, theft, misuse, unauthorized access, or other security incidents or vulnerabilities affecting the data.",Risk Mitigation,Technical & Security Controls,"AI Security, Privacy, and Data Protections",3,AI-flagged incorrectly,Not specific to AI,"Generic data security controls discussion, not specific to AI, especially as there wasn't an AI term included within a paragraph before or after the sentence (besides cybersecurity)."
amazon_2024,AI,s-00475,"As part of our risk management process, we conduct application security assessments, vulnerability management, penetration testing, security audits, and ongoing risk assessments.",Risk Mitigation,Operational Process Controls,Testing & Auditing,3,AI-flagged incorrectly,Not specific to AI,"Cybersecurity discussion, not specific to AI, especially as there wasn't an AI term included within a paragraph before or after the sentence (besides cybersecurity)."
amazon_2024,AI,s-00475,"As part of our risk management process, we conduct application security assessments, vulnerability management, penetration testing, security audits, and ongoing risk assessments.",Risk Mitigation,Operational Process Controls,Testing & Auditing,3,AI-flagged incorrectly,AI is incorrectly duplicating/double counting its own annotations,Duplication error.
amazon_2024,AI,s-00476,We also maintain a variety of incident response plans that are utilized when incidents are detected.,Risk Mitigation,Operational Process Controls,"Incident Monitoring, Response, and Recovery",2,AI-flagged incorrectly,Not specific to AI,"General incident response plans, no AI connection, especially as there wasn't an AI term included within a paragraph before or after the sentence (besides cybersecurity)."
amazon_2024,AI,s-00477,"We require employees with access to information systems, including all corporate employees, to undertake data protection and cybersecurity training and compliance programs annually.",Risk Mitigation,Governance & Oversight,Overall Risk Management & Governance Plan,3,AI-flagged incorrectly,Not specific to AI,"General cybersecurity risk management discussion, no AI connection, especially as there wasn't an AI term included within a paragraph before or after the sentence (besides cybersecurity)."
amazon_2024,AI,s-00477,"We require employees with access to information systems, including all corporate employees, to undertake data protection and cybersecurity training and compliance programs annually.",Risk Mitigation,Governance & Oversight,Overall Risk Management & Governance Plan,3,AI-flagged incorrectly,AI is incorrectly duplicating/double counting its own annotations,Duplication error.
amazon_2024,AI,s-00478,"We have a unified and centrally-coordinated team, led by our chief security officer, that is responsible for implementing and maintaining centralized cybersecurity and data protection practices at Amazon in close coordination with senior leadership and other teams across Amazon.",Risk Mitigation,Governance & Oversight,Overall Risk Management & Governance Plan,3,AI-flagged incorrectly,Not specific to AI,"General cybersecurity risk management discussion, no AI connection, especially as there wasn't an AI term included within a paragraph before or after the sentence (besides cybersecurity)."
amazon_2024,AI,s-00478,"We have a unified and centrally-coordinated team, led by our chief security officer, that is responsible for implementing and maintaining centralized cybersecurity and data protection practices at Amazon in close coordination with senior leadership and other teams across Amazon.",Risk Mitigation,Governance & Oversight,Overall Risk Management & Governance Plan,3,AI-flagged incorrectly,AI is incorrectly duplicating/double counting its own annotations,Duplication error.
amazon_2024,AI,s-00481,"Our cybersecurity risks and associated mitigations are evaluated by senior leadership, including as part of our enterprise risk assessments that are reviewed by the Audit Committee and our Board of Directors.",Risk Mitigation,Governance & Oversight,Overall Risk Management & Governance Plan,3,AI-flagged incorrectly,Not specific to AI,"General cybersecurity risk management discussion, no AI connection, especially as there wasn't an AI term included within a paragraph before or after the sentence (besides cybersecurity)."
amazon_2024,AI,s-00481,"Our cybersecurity risks and associated mitigations are evaluated by senior leadership, including as part of our enterprise risk assessments that are reviewed by the Audit Committee and our Board of Directors.",Risk Mitigation,Governance & Oversight,Overall Risk Management & Governance Plan,3,AI-flagged incorrectly,AI is incorrectly duplicating/double counting its own annotations,Duplication error.
amazon_2024,AI,s-00482,Such risks and mitigations are also subject to oversight by the Security Committee of our Board of Directors.,Risk Mitigation,Governance & Oversight,Board Structure & Oversight,2,AI-flagged incorrectly,Not specific to AI,"General cybersecurity risk management discussion, no AI connection, especially as there wasn't an AI term included within a paragraph before or after the sentence (besides cybersecurity)."
amazon_2024,AI,s-00484,"The Security Committee, which is comprised of independent directors, oversees our policies and procedures for protecting our cybersecurity infrastructure and for compliance with applicable data protection and security regulations, and related risks.",Risk Mitigation,Governance & Oversight,Overall Risk Management & Governance Plan,3,AI-flagged incorrectly,AI is incorrectly duplicating/double counting its own annotations,Duplication error.
amazon_2024,AI,s-00484,"The Security Committee, which is comprised of independent directors, oversees our policies and procedures for protecting our cybersecurity infrastructure and for compliance with applicable data protection and security regulations, and related risks.",Risk Mitigation,Governance & Oversight,Overall Risk Management & Governance Plan,3,AI-flagged incorrectly,Not specific to AI,"General cybersecurity risk management discussion, no AI connection, especially as there wasn't an AI term included within a paragraph before or after the sentence (besides cybersecurity)."
amazon_2024,AI,s-00486,The Security Committee also oversees the Board’s response to any significant cybersecurity incidents.,Risk Mitigation,Operational Process Controls,"Incident Monitoring, Response, and Recovery",3,AI-flagged incorrectly,Not specific to AI,"General cybersecurity risk management discussion, no AI connection, especially as there wasn't an AI term included within a paragraph before or after the sentence (besides cybersecurity)."
amazon_2024,AI,s-00487,"Our chief security officer, who has extensive cybersecurity knowledge and skills gained from over 15 years of work experience on the security team at Amazon and an extensive career in the technology and cybersecurity industries as a senior executive in the federal government, heads the team responsible for implementing and maintaining cybersecurity and data protection practices at Amazon and reports directly to the Chief Executive Officer.",Risk Mitigation,Governance & Oversight,Board Structure & Oversight,2,AI-flagged incorrectly,Not specific to AI,"General cybersecurity risk management discussion, no AI connection, especially as there wasn't an AI term included within a paragraph before or after the sentence (besides cybersecurity)."
amazon_2024,AI,s-00487,"Our chief security officer, who has extensive cybersecurity knowledge and skills gained from over 15 years of work experience on the security team at Amazon and an extensive career in the technology and cybersecurity industries as a senior executive in the federal government, heads the team responsible for implementing and maintaining cybersecurity and data protection practices at Amazon and reports directly to the Chief Executive Officer.",Risk Mitigation,Governance & Oversight,Board Structure & Oversight,2,AI-flagged incorrectly,AI is incorrectly duplicating/double counting its own annotations,Duplication error.
amazon_2024,AI,s-00534,"To decrease our variable costs on a per unit basis and enable us to lower prices for customers, we seek to increase our direct sourcing, increase discounts from suppliers, and reduce defects in our processes.",Risk Mitigation,Governance & Oversight,Overall Risk Management & Governance Plan,2,AI-flagged incorrectly,Not specific to AI,Cost reduction and supplier discounts unrelated to AI (no AI mention a paragraph before or after either).
amazon_2024,AI,s-00906,"These two changes above are due to an increased pace of technology development, particularly in the area of artificial intelligence and machine learning.",Risk,Competitive,Investment Cost & Uncertainty,,Human Miss,Not sure why humans missed it,"Unsure as to why we missed this as it had the AI_Terms clearly there, and explicitly references accelerated AI/ML technological development and the risks it brings (prior sentences)."
amazon_2024,AI,s-00906,"These two changes above are due to an increased pace of technology development, particularly in the area of artificial intelligence and machine learning.",Risk,"AI Safety (General, Broad)",-,,Human Miss,Not sure why humans missed it,"Unsure as to why we missed this as it had the AI_Terms clearly there, and explicitly references accelerated AI/ML technological development and the risks it brings (prior sentences)."
amazon_2024,AI,s-00303,"We use third-party technology and systems for a variety of reasons, including, without limitation, encryption and authentication technology, employee email, content delivery to customers, back-office support, and other functions.",Risk Mitigation,Technical & Security Controls,"AI Security, Privacy, and Data Protections",2,AI-flagged incorrectly,Not specific to AI,"Not AI-specific enough, this doesn't explicitly mention an AI_Term in the paragraph - this is too general and not related to AI."
amazon_2024,AI,s-00473,We also use systems and processes designed to reduce the impact of a security incident at a third-party vendor or customer.,Risk Mitigation,Technical & Security Controls,"AI Security, Privacy, and Data Protections",2,AI-flagged incorrectly,Not specific to AI,"Not AI-specific enough, this doesn't explicitly mention an AI_Term in the paragraph - this is too general and not related to AI."
amazon_2024,AI,s-00694,We expect spending in technology and infrastructure to increase over time as we continue to add employees and infrastructure.,Risk,Competitive,Investment Cost & Uncertainty,,AI-flagged incorrectly,Not specific to AI,"Not AI-specific enough, this doesn't explicitly mention an AI_Term in the paragraph - this is too general and not related to AI."
amazon_2024,AI,s-00778,"Our results are inherently unpredictable and may be materially affected by many factors, such as fluctuations in foreign exchange rates, changes in global economic and geopolitical conditions and customer demand and spending (including the impact of recessionary fears), inflation, interest rates, regional labor market constraints, world events, the rate of growth of the internet, online commerce, cloud services, and new and emerging technologies, as well as those outlined in Item 1A of Part I, “Risk Factors.”",Risk,Competitive,Other,,AI-flagged incorrectly,Not specific to AI,"Not AI-specific enough, new businesses & tech isn't exactly AI; doesn't explicitly mention an AI_Term in the paragraph - this is too general and not related to AI."
amazon_2024,AI,s-01320,"The Company is involved from time to time in claims, proceedings, and litigation, including the following:",Risk,Legal,Litigation,,AI-flagged incorrectly,Not specific to AI,"Too general about litigation, not AI related."
amazon_2024,AI,s-01364,"In July 2021, the Luxembourg National Commission for Data Protection (the “CNPD”) issued a decision against Amazon Europe Core S.",Risk,Legal,Uncertainty & Complexity,,AI-flagged incorrectly,Not specific to AI,"Not AI related enough. This is about data protection, but doesn't explicitly mention an AI term in the paragraph. "
amazon_2024,AI,s-00806,We also have foreign exchange risk related to our intercompany balances denominated in various currencies.,Risk,Competitive,Other,,AI-flagged incorrectly,Not specific to AI,Not AI related enough. This foreign exchange rate risk does not include AI_Terms in the paragraph. 
amazon_2024,AI,s-00629,"We believe that cash flows generated from operations and our cash, cash equivalents, and marketable securities balances, as well as our borrowing arrangements, will be sufficient to meet our anticipated operating cash needs for at least the next twelve months.",Risk Mitigation,Governance & Oversight,Overall Risk Management & Governance Plan,2,AI-flagged incorrectly,Not specific to AI,Not AI related enough. Cash flow and liquidities does not involve AI_Terms.
amazon_2024,AI,s-00118,"In addition, safety is integral to everything we do at Amazon and we continue to invest in safety improvements such as capital improvements, new safety technology, vehicle safety controls, and engineering ergonomic solutions.",Risk Mitigation,Operational Process Controls,Overall Risk Management & Governance Plan,2,AI-flagged incorrectly,Not specific to AI,Not AI related enough. Customer service center operations and doesn't include an AI_Term in the paragraph before and after.
amazon_2024,AI,s-00079,"We operate customer service centers globally, which are supplemented by co-sourced arrangements.",Risk Mitigation,Operational Process Controls,Overall Risk Management & Governance Plan,1,AI-flagged incorrectly,Not specific to AI,Not AI related enough. Foreign exchange rates isn't explicitly related and an AI Term was not present in the paragraph before and after. 
amazon_2024,AI,(unmatched),"We also have foreign exchange risk related to foreign-denominated cash, cash equivalents, and marketable securities (“foreign funds”).",Risk,Competitive,Other,,AI-flagged incorrectly,Not specific to AI,Not AI related enough. Foreign exchange risk isn't explicitly related and an AI Term was not present in the paragraph before and after. 
amazon_2024,AI,(unmatched),"These are designed to prevent, detect, or mitigate data loss, theft, misuse, unauthorized access, or other security incidents or vulnerabili",Risk Mitigation,Technical & Security Controls,"AI Security, Privacy, and Data Protections",3,AI-flagged incorrectly,Not specific to AI,Not AI related enough. Information system data loss isn't explicitly related and an AI Term was not present in the paragraph before and after. 
apple_2024,AI,s-00431,"The Company’s global operations are subject to complex and changing laws and regulations on subjects, including antitrust; privacy, data security and data localization; consumer protection; advertising, sales, billing and e-commerce; financial services and technology; product liability; intellectual property ownership and infringement; digital platforms; machine learning and artificial intelligence; internet, telecommunications and mobile communications; media, television, film and digital content; availability of third-party software applications and services; labor and employment; anticorruption; import, export and trade; foreign exchange controls and cash repatriation restrictions; anti–money laundering; foreign ownership and investment; tax; and environmental, health and safety, including electronic waste, recycling, product design and climate change.",Risk,Legal,Uncertainty & Complexity,,Human Miss,Not sure why humans missed it,"Unsure as to why we missed this as it had the AI_Terms clearly there, and explicitly lists machine learning and artificial intelligence. "
apple_2024,AI,s-00347,"The Company has also implemented changes to iOS, iPadOS, the App Store and Safari® in the European Union (“EU”) as it seeks to comply with the Digital Markets Act (the “DMA”), including new business terms and alternative fee structures for iOS and iPadOS apps, alternative methods of distribution for iOS and iPadOS apps, alternative payment processing for apps across the Company’s operating systems, and additional tools and application programming interfaces (“APIs”) for developers.",Risk Mitigation,Governance & Oversight,Overall Risk Management & Governance Plan,2,AI-flagged incorrectly,Not specific to AI,"Not AI related enough. App stores, payments, APIs, and distribution may be affected by AI but is not mentioned directly within the 10k and an AI Term was not present in the paragraph before and after."
apple_2024,AI,s-00456,The Company has also continued to make changes to its compliance plan in response to feedback and engagement with the European Commission (the “Commission”).,Risk Mitigation,Governance & Oversight,Overall Risk Management & Governance Plan,2,AI-flagged incorrectly,Not specific to AI,Not AI related enough. Mentions a general compliance plan updates in response to the European Commission and an AI Term was not present in the paragraph before and after.
apple_2024,AI,s-00400,"To help protect customers and the Company, the Company deploys and makes available technologies like multifactor authentication, monitors its services and systems for unusual activity and may freeze accounts under suspicious circumstances, which, among other things, can result in the delay or loss of customer orders or impede customer access to the Company’s products and services.",Risk Mitigation,Technical & Security Controls,"AI Security, Privacy, and Data Protections",3,AI-flagged incorrectly,Not specific to AI,"Not AI related enough. About MFA authentication and account monitoring, and an AI Term was not present in the paragraph before and after."
apple_2024,AI,s-00546,"The Company’s management, led by its Head of Corporate Information Security, has overall responsibility for identifying, assessing and managing any material risks from cybersecurity threats.",Risk Mitigation,Governance & Oversight,Overall Risk Management & Governance Plan,3,AI-flagged incorrectly,Not specific to AI,Not AI related enough. About general cybersecurity risk management and an AI Term was not present in the paragraph before and after.
apple_2024,AI,s-00547,"The Company’s Head of Corporate Information Security leads a dedicated Information Security team of highly skilled individuals with experience across industries that, among other things, develops and distributes information security policies, standards and procedures; engages in employee cybersecurity training; implements security controls; assesses security risk and compliance posture; monitors and responds to security events; and executes security testing and assessments.",Risk Mitigation,Governance & Oversight,Overall Risk Management & Governance Plan,3,AI-flagged incorrectly,Not specific to AI,Not AI related enough. About general cybersecurity risk management and an AI Term was not present in the paragraph before and after.
apple_2024,AI,s-00549,"The Company’s Information Security team coordinates with teams across the Company to prevent, respond to and manage security incidents, and engages third parties, as appropriate, to assess, test or otherwise assist with aspects of its security processes and incident response.",Risk Mitigation,Operational Process Controls,"Incident Monitoring, Response, and Recovery",3,AI-flagged incorrectly,Not specific to AI,Not AI related enough. About general cybersecurity risk management and an AI Term was not present in the paragraph before and after.
apple_2024,AI,s-00551,"The Company has processes to log, track, address, and escalate for further assessment and report, as appropriate, cybersecurity incidents across the Company and its suppliers to senior management and the Audit and Finance Committee (the “Audit Committee”) of the Board.",Risk Mitigation,Operational Process Controls,"Incident Monitoring, Response, and Recovery",3,AI-flagged incorrectly,Not specific to AI,Not AI related enough. About general cybersecurity risk management and an AI Term was not present in the paragraph before and after.
apple_2024,AI,s-00552,"The Company’s enterprise risk management program is designed to identify, assess, and monitor the Company’s business risks, including financial, operational, compliance and reputational risks, and reflects management’s assessment of cybersecurity risks.",Risk Mitigation,Governance & Oversight,Overall Risk Management & Governance Plan,3,AI-flagged incorrectly,Not specific to AI,Not AI related enough. About general cybersecurity risk management and an AI Term was not present in the paragraph before and after.
apple_2024,AI,s-00553,The Audit Committee assists the Board in the oversight and monitoring of cybersecurity matters.,Risk Mitigation,Governance & Oversight,Board Structure & Oversight,2,AI-flagged incorrectly,Not specific to AI,Not AI related enough. About general cybersecurity risk management and an AI Term was not present in the paragraph before and after.
broadcom_2024,AI,s-01079,Our products and services can be broadly categorized as sales of products and subscriptions and services.,Risk,Sociotechnical,Other,,AI-flagged incorrectly,Not specific to AI,Not AI related enough. Generic description of products and services and an AI Term was not present in the paragraph before and after.
broadcom_2024,AI,s-00195,"It also includes Tanzu AI Solutions, a set of capabilities that help application teams deliver generative AI-powered, intelligent applications quickly, safely, and at scale.",Risk Mitigation,Operational Process Controls,System Access Management,1,AI-flagged incorrectly,Not specific to AI,"Not AI related enough. I feel like this is a description of just the product that they offer (Tanzu AI), does them saying it's ""safe"" signal towards responsible AI?? "
broadcom_2024,AI,s-00202,"By combining our VeloRAIN (Robust AI Networking) architecture with seamless connectivity and outcome-based quality of service, VeloCloud provides users and devices with compute and connectivity to optimize performance, security and reliability across fixed or mobile environments, while simplifying operations.",Risk Mitigation,Technical & Security Controls,AI Capabilities Safeguards,2,AI-flagged incorrectly,Not specific to AI,"Not AI related enough. I feel like this is describing Velocloud - does saying that they use AI architecture to make environments/operations safer count, or is that more product-centered?"
broadcom_2024,AI,s-00205,•VeloRAIN: Our architecture uses AI or machine learning to improve the performance and security of distributed workloads.,Risk Mitigation,Technical & Security Controls,AI Capabilities Safeguards,2,AI-flagged incorrectly,Not specific to AI,"Not AI related enough. I feel like this is describing VELORAIN - does saying that AI or machine learning to improve the performance and security of distributed workloads count, or is that more product-centered (AI enhancing the product but it's not about AI safety itself)."
broadcom_2024,AI,s-00900,"Our cybersecurity risk management program is integrated into our overall enterprise risk management system and processes, and includes:",Risk Mitigation,Governance & Oversight,Overall Risk Management & Governance Plan,2,AI-flagged incorrectly,Not specific to AI,"Honestly, I'm not sure about this one. After our discussions I would lean towards no because it's just about general cybersecurity practices and there aren't direct AI mentions before or after that I can infer from, but looking at Chibudom and I's highlights we highlighted the sentences before and after. Re: the highlighting ""sandwich"" conversation we had I would then highlight these... but I don't think the Chibudom and my highlights apply now."
broadcom_2024,AI,s-00901,•a team of professionals within our Global Technology Organization team who are responsible for identifying and mitigating cybersecurity risks and managing our security controls and response activities;,Risk Mitigation,Governance & Oversight,Overall Risk Management & Governance Plan,2,AI-flagged incorrectly,Not specific to AI,"Honestly, I'm not sure about this one. After our discussions I would lean towards no because it's just about general cybersecurity practices and there aren't direct AI mentions before or after that I can infer from, but looking at Chibudom and I's highlights we highlighted the sentences before and after. Re: the highlighting ""sandwich"" conversation we had I would then highlight these... but I don't think the Chibudom and my highlights apply now."
broadcom_2024,AI,s-00902,"•risk assessment processes designed to identify cybersecurity risks to our critical systems, information, products, services and our broader enterprise IT environment;",Risk Mitigation,Operational Process Controls,Testing & Auditing,3,AI-flagged incorrectly,Not specific to AI,"Honestly, I'm not sure about this one. After our discussions I would lean towards no because it's just about general cybersecurity practices and there aren't direct AI mentions before or after that I can infer from, but looking at Chibudom and I's highlights we highlighted the sentences before and after. Re: the highlighting ""sandwich"" conversation we had I would then highlight these... but I don't think the Chibudom and my highlights apply now."
broadcom_2024,AI,s-00903,•an annual tabletop exercise to simulate a response to a cybersecurity incident; and,Risk Mitigation,Operational Process Controls,"Incident Monitoring, Response, and Recovery",3,AI-flagged incorrectly,Not specific to AI,"Honestly, I'm not sure about this one. After our discussions I would lean towards no because it's just about general cybersecurity practices and there aren't direct AI mentions before or after that I can infer from, but looking at Chibudom and I's highlights we highlighted the sentences before and after. Re: the highlighting ""sandwich"" conversation we had I would then highlight these... but I don't think the Chibudom and my highlights apply now."
broadcom_2024,AI,s-00904,•mandatory training annually and upon hiring for all employees on data privacy and cybersecurity topics.,Risk Mitigation,Governance & Oversight,Overall Risk Management & Governance Plan,3,AI-flagged incorrectly,Not specific to AI,"Honestly, I'm not sure about this one. After our discussions I would lean towards no because it's just about general cybersecurity practices and there aren't direct AI mentions before or after that I can infer from, but looking at Chibudom and I's highlights we highlighted the sentences before and after. Re: the highlighting ""sandwich"" conversation we had I would then highlight these... but I don't think the Chibudom and my highlights apply now."
broadcom_2024,AI,s-00905,"When appropriate, we utilize independent, external service providers to assess, test or otherwise assist with certain aspects of our cybersecurity risk management program and related processes, including for penetration testing, threat monitoring and incident response.",Risk Mitigation,Operational Process Controls,Testing & Auditing,3,AI-flagged incorrectly,Not specific to AI,"Honestly, I'm not sure about this one. After our discussions I would lean towards no because it's just about general cybersecurity practices and there aren't direct AI mentions before or after that I can infer from, but looking at Chibudom and I's highlights we highlighted the sentences before and after. Re: the highlighting ""sandwich"" conversation we had I would then highlight these... but I don't think the Chibudom and my highlights apply now."
broadcom_2024,AI,s-00911,Our Board of Directors is actively involved in overseeing our cybersecurity risk management and shares oversight responsibility and processes with the Audit Committee of the Board of Directors (the “Audit Committee”).,Risk Mitigation,Governance & Oversight,Board Structure & Oversight,2,AI-flagged incorrectly,Not specific to AI,"Based off of our conversation regarding whether cybersecurity actually counts when it's not AI related, I would not highlight this."
broadcom_2024,AI,s-00912,"Our management, including our Chief Information Officer (“CIO”), in consultation with our Chief Information Security Officer (“CISO”), reviews with the Audit Committee at least quarterly our cybersecurity security policies, practices and protective measures, threat intelligence, cybersecurity incidents and related risks.",Risk Mitigation,Governance & Oversight,Overall Risk Management & Governance Plan,3,AI-flagged incorrectly,Not specific to AI,"Based off of our conversation regarding whether cybersecurity actually counts when it's not AI related, I would not highlight this."
broadcom_2024,AI,s-00913,"At least quarterly, our CIO also provides the Audit Committee with an update on our enterprise security program that includes procedures and policies for testing vulnerabilities, responding to cybersecurity threats, and training and evaluating our employees.",Risk Mitigation,Operational Process Controls,Testing & Auditing,3,AI-flagged incorrectly,Not specific to AI,"Based off of our conversation regarding whether cybersecurity actually counts when it's not AI related, I would not highlight this."
broadcom_2024,AI,s-00914,The Audit Committee and management also update our Board of Directors at least quarterly on our cybersecurity performance and risk profile and the effectiveness of our cybersecurity processes.,Risk Mitigation,Governance & Oversight,Board Structure & Oversight,2,AI-flagged incorrectly,Not specific to AI,"Based off of our conversation regarding whether cybersecurity actually counts when it's not AI related, I would not highlight this."
broadcom_2024,AI,s-00915,"Our management, including our CIO and CISO, are responsible for assessing and managing material risks from cybersecurity threats.",Risk Mitigation,Governance & Oversight,Overall Risk Management & Governance Plan,2,AI-flagged incorrectly,Not specific to AI,"Based off of our conversation regarding whether cybersecurity actually counts when it's not AI related, I would not highlight this."
broadcom_2024,AI,s-00916,Our CIO oversees our Global Technology Organization that has primary responsibility for our overall cybersecurity risk management program.,Risk Mitigation,Governance & Oversight,Overall Risk Management & Governance Plan,2,AI-flagged incorrectly,Not specific to AI,"Based off of our conversation regarding whether cybersecurity actually counts when it's not AI related, I would not highlight this."
broadcom_2024,AI,s-00919,"Our management is informed about and monitors the prevention, detection, mitigation, and remediation of cybersecurity risks and incidents through various means, which may include, among other things, threat intelligence and other information obtained from governmental, public or private sources, including external consultants engaged by us, and alerts and reports produced by security tools deployed in our IT environment.",Risk Mitigation,Operational Process Controls,"Incident Monitoring, Response, and Recovery",3,AI-flagged incorrectly,Not specific to AI,"Based off of our conversation regarding whether cybersecurity actually counts when it's not AI related, I would not highlight this."
broadcom_2024,AI,s-00590,"The loss of, or any substantial reduction in sales to, any of our top customers, including our hyperscale customers, could have a material adverse effect on our business, financial condition, results of operations and cash flows.",Risk,Competitive,Market Share Uncertainty,,AI-flagged incorrectly,Not specific to AI,"Not AI related enough, the context before is more about customer concentration risk; there is an AI mention the paragraph after but it is clear its talking about the way the industry is cyclical and in ""evolving markets such as AI""."
broadcom_2024,AI,s-00594,"The market for AI-related products has resulted in a significant upturn in certain segments of the industry resulting in record revenue, which may not be sustainable.",Risk,Competitive,Market Share Uncertainty,,AI-flagged incorrectly,Humans did tag it...,We did tag this in Row 346 in the Using the MIT AI Frameworks:SPRING 2026.
broadcom_2024,AI,s-00605,"If we fail to timely develop new and enhanced products and technologies, if we focus on technologies that do not become widely adopted, or if new competitive technologies that we do not support become widely accepted, demand for our products such as our custom AI accelerators or XPUs and other AI-related products may be reduced.",Risk,Competitive,Market Share Uncertainty,,Human Miss,Not sure why humans missed it,I have no idea why Chibudom and I didn't tag this one - it fits perfectly.
broadcom_2024,AI,s-00615,"In such event, we may be forced to dedicate significant additional resources such as product engineering and incur additional costs and expenses, which we expect to continue for our AI-related products.",Risk,Competitive,Investment Cost & Uncertainty,,Human Miss,Not sure why humans missed it,I have no idea why Chibudom and I didn't tag this one - it fits perfectly.
broadcom_2024,AI,s-00687,"Although we continually seek to improve our countermeasures to prevent such incidents, we may be unable to anticipate every scenario and it is possible that certain cyber threats or vulnerabilities will be undetected or unmitigated in time to prevent an attack or an accidental incident on us and our customers.",Risk Mitigation,Technical & Security Controls,"AI Security, Privacy, and Data Protections",2,AI-flagged incorrectly,Not specific to AI,"Based off of our conversation regarding whether cybersecurity actually counts when it's not AI related, I would not highlight this."
broadcom_2024,AI,s-00686,Our products are also subject to known and unknown security vulnerabilities resulting from integration with third-party products or services.,Risk,Sociotechnical,Privacy & Security,,AI-flagged incorrectly,Not specific to AI,"Based off of our conversation regarding whether cybersecurity actually counts when it's not AI related, I would not highlight this."
broadcom_2024,AI,s-00689,"A successful cyber-attack involving our products could cause customers and potential customers to believe our services are ineffective or unreliable and result in, among other things, the loss of customers, unfavorable publicity, damage to our reputation, difficulty in marketing our products, and allegations by our customers that we have not performed our contractual obligations, and give rise to significant costs, including costs related to developing solutions or indemnification obligations under our agreements.",Risk,Reputational,Individual or Organizational Reputation,,AI-flagged incorrectly,Not specific to AI,"Based off of our conversation regarding whether cybersecurity actually counts when it's not AI related, I would not highlight this."
broadcom_2024,AI,s-00689,"A successful cyber-attack involving our products could cause customers and potential customers to believe our services are ineffective or unreliable and result in, among other things, the loss of customers, unfavorable publicity, damage to our reputation, difficulty in marketing our products, and allegations by our customers that we have not performed our contractual obligations, and give rise to significant costs, including costs related to developing solutions or indemnification obligations under our agreements.",Risk,Sociotechnical,Privacy & Security,,AI-flagged incorrectly,Not specific to AI,"Based off of our conversation regarding whether cybersecurity actually counts when it's not AI related, I would not highlight this."
broadcom_2024,AI,s-00712,"Our use of open source software in certain products and services could materially adversely affect our business, financial condition, operating results and cash flow.",Risk,Legal,IP & Copyright,,AI-flagged incorrectly,Not specific to AI,I don't think open source software with no AI relation (paragraph before and after) counts.
broadcom_2024,AI,s-00712,"Our use of open source software in certain products and services could materially adversely affect our business, financial condition, operating results and cash flow.",Risk,Legal,IP & Copyright,,AI-flagged incorrectly,Not specific to AI,I don't think open source software with no AI relation (paragraph before and after) counts.
broadcom_2024,AI,s-00472,"Our business is subject to various domestic and international laws and other legal requirements, including anti-competition and import/export regulations, such as the U.S. Export Administration Regulations, and applicable executive",Risk,Legal,Compliance Costs,,AI-flagged incorrectly,Not specific to AI,"While this talks about regulation, it doesn't mention AI (even paragraph before and after)."
broadcom_2024,AI,s-00805,"The cost of complying with and implementing these privacy-related and data governance measures could increase depending on any additional burdensome security, business processes, or business record or data localization requirements.",Risk,Legal,Compliance Costs,,Human Miss,Not sure why humans missed it,"This was context right before something Chibudom and I tagged - I think we weren't tagging context broadly enough when we read this, but now I would definitely include this."
broadcom_2024,AI,s-00799,"We collect, use, store, or otherwise process personal information, which subjects us to privacy and data security laws and contractual commitments, and our actual or perceived failure to comply with such laws and commitments could harm our business.",Risk,Sociotechnical,Privacy & Security,,,,"While this is part of the context before that paragraph, AI didn't highlight the sentences between this one and the one above - I don't know if this one should count as the other sentences in between aren't highlighted. Would this be considered as too far removed?"
broadcom_2024,AI,(unmatched),Our platform engineering teams with enhanced governance and operational efficiency while reducing toil and complexity for development teams.,Risk Mitigation,Governance & Oversight,Overall Risk Management & Governance Plan,2,AI-flagged incorrectly,Not specific to AI,"Not AI related enough. About general governance (can't verify whether AI term was present before or after, couldn't find this text ? it said unmatched to document text)"
broadcom_2024,AI,(unmatched),"Our solutions are designed to modernize, optimize, and secure the most complex private and hybrid cloud environments, enabling scalability,",Risk Mitigation,Technical & Security Controls,"AI Security, Privacy, and Data Protections",2,AI-flagged incorrectly,Not specific to AI,"Not AI related enough. About general optimization and security (can't verify whether AI term was present before or after, couldn't find this text ? it said unmatched to document text)"
broadcom_2024,AI,(unmatched),"Our software products are complex and, when deployed, may contain errors, defects or security vulnerabilities, some of which may not be disc",Risk,Sociotechnical,Privacy & Security,,AI-flagged incorrectly,Not specific to AI,"Not AI related enough. About complexity of software products (can't verify whether AI term was present before or after, couldn't find this text ? it said unmatched to document text)"
meta_2024,AI,s-00098,"To calculate our estimates of DAP, we currently use a series of machine learning models that are developed based on internal reviews of limited samples of user accounts and calibrated against user survey data.",Risk,Sociotechnical,Privacy & Security,,AI-flagged incorrectly,Not specific to AI,"Not AI related enough. Machine learning is used to estimate DAP metrics which is an internal process from my understanding, like a business measurement process rather than an external product etc."
meta_2024,AI,s-00103,"In addition, our data limitations may affect our understanding of certain details of our business and increase the risk of error for our Family metrics estimates.",Risk,Sociotechnical,Privacy & Security,,AI-flagged incorrectly,Not specific to AI,"Not AI related enough - it's more about data limitations affecting business metrics, not AI specific."
meta_2024,AI,s-00109,"Our estimates of Family metrics also may change as our methodologies evolve, including through the application of new data signals or technologies, product changes, or other improvements in our user surveys, algorithms, or machine learning that may improve our ability to match accounts within and across our products or otherwise evaluate the broad population of our users.",Risk,Sociotechnical,Privacy & Security,,AI-flagged incorrectly,Not specific to AI,Not AI related enough. More about machine learning being used for an internal business measurement process rather than an external product.
meta_2024,AI,s-00204,"We are also investing in protecting the security, privacy, and integrity of our platform by investing in both people and technology to strengthen our systems against abuse.",Risk Mitigation,Technical & Security Controls,"AI Security, Privacy, and Data Protections",2,Human Miss,Not sure why humans missed it,"This was context right before something Chibudom and I tagged - I think we weren't tagging context broadly enough when we read this, but now I would definitely include this."
meta_2024,AI,s-00206,"We also believe in the power of open source innovation and have released our Llama models, consisting of state-of-the-art foundation models that are available for researchers and developers to use and build upon.",Risk Mitigation,Transparency,Third-Party System Access for Assessment,2,Human Miss,Not sure why humans missed it,"This was context right before something Chibudom and I tagged - I think we weren't tagging context broadly enough when we read this, but now I would definitely include this."
meta_2024,AI,s-00516,"If our investments are not successful longer-term, our business and financial performance could be harmed.",Risk,Competitive,Other,,Human Miss,Not sure why humans missed it,"This was context right before something Chibudom and I tagged - I think we weren't tagging context broadly enough when we read this, but now I would definitely include this."
meta_2024,AI,s-00518,"There are significant risks involved in developing and deploying AI and there can be no assurance that the usage of AI will enhance our products or services or be beneficial to our business, including our efficiency or profitability.",Risk,"AI Safety (General, Broad)",-,,Human Miss,Not sure why humans missed it,Defintely a human miss as we highlighted a similar sentence in 2023 - will check on Prodigy viewer.
meta_2024,AI,s-00519,"For example, our AI-related efforts, particularly those related to generative AI, subject us to risks related to harmful or illegal content, accuracy, misinformation and deepfakes (including related to elections), bias, discrimination, toxicity, consumer protection, intellectual property infringement or misappropriation, defamation, data privacy, cybersecurity, and sanctions and export controls, among others.",Risk,Sociotechnical,Malicious Actors / Misuse,,AI-flagged incorrectly,Humans did tag it...,We did tag this in Row 251 in the Using the MIT AI Frameworks:SPRING 2026.
meta_2024,AI,s-00528,Our AI initiatives also depend on our access to data to effectively train our models.,Risk,Sociotechnical,Privacy & Security,,Human Miss,Not sure why humans missed it,"This was context right before something Chibudom and I tagged - I think we weren't tagging context broadly enough when we read this, but now I would definitely include this."
meta_2024,AI,s-00529,"Further, our ability to continue to develop and effectively deploy AI technologies is dependent on access to specific third-party equipment and other technical and physical infrastructure, such as processing hardware, network capacity, computing power, and related energy requirements, as to which we cannot control the availability or pricing, especially in a highly competitive environment.",Risk,Competitive,Investment Cost & Uncertainty,,Human Miss,Not sure why humans missed it,"This was context right before something Chibudom and I tagged - I think we weren't tagging context broadly enough when we read this, but now I would definitely include this."
meta_2024,AI,s-00530,"We are also developing AI technology that we make available via open source, commercial, and non-commercial license agreements to third-parties that can use this technology for use in their own products and services.",Risk Mitigation,Transparency,Third-Party System Access for Assessment,2,Human Miss,Not sure why humans missed it,"This was context right before something Chibudom and I tagged - I think we weren't tagging context broadly enough when we read this, but now I would definitely include this."
meta_2024,AI,s-00231,"As a result, the application, interpretation, and enforcement of these laws and regulations are often uncertain, particularly in the new and rapidly evolving industry in which we operate, and may be interpreted and applied inconsistently from jurisdiction to jurisdiction and inconsistently with our current policies and practices.",Risk,Legal,Uncertainty & Complexity,,AI-flagged incorrectly,Not specific to AI,Not AI related enough: this is more like general regulatory uncertainty with legal complexity.
meta_2024,AI,s-00257,"As a result, the interpretation and enforcement of the GDPR, as well as the imposition and amount of penalties for non-compliance, are subject to significant uncertainty, and as it evolves, could potentially have a negative impact on our business and/or our operations.",Risk,Legal,Uncertainty & Complexity,,AI-flagged incorrectly,Not specific to AI,Not AI related enough: this is more like general regulatory uncertainty with legal complexity.
meta_2024,AI,s-00278,"The DMA has caused, and may in the future cause, us to incur significant compliance costs and make changes to our products or business practices.",Risk,Legal,Compliance Costs,,AI-flagged incorrectly,Not specific to AI,Not AI related enough: this is more like general regulatory uncertainty with legal complexity.
meta_2024,AI,s-00282,"The interpretation and enforcement of the DMA and the DSA, as well as the imposition and amount of penalties for non-compliance, are subject to significant uncertainty.",Risk,Legal,Uncertainty & Complexity,,AI-flagged incorrectly,Not specific to AI,Not AI related enough: this is more like general regulatory uncertainty with legal complexity.
meta_2024,AI,s-01068,"These compliance and oversight efforts are increasing demand on our systems and resources, and require significant new and ongoing investments, including investments in compliance processes, personnel, and technical infrastructure.",Risk,Legal,Compliance Costs,,AI-flagged incorrectly,Not specific to AI,Not AI related enough: this is more like general regulatory uncertainty with legal complexity.
meta_2024,AI,s-01256,We maintain an information security program that is comprised of policies and controls designed to mitigate cybersecurity risk.,Risk Mitigation,Technical & Security Controls,"AI Security, Privacy, and Data Protections",2,AI-flagged incorrectly,Not specific to AI,"Based off of our conversation regarding whether cybersecurity actually counts when it's not AI related, I would not highlight this."
meta_2024,AI,s-01259,"We use a risk management framework based on applicable laws and regulations, and informed by industry standards and industry-recognized practices, for managing cybersecurity risks within our products and services, infrastructure, and corporate resources.",Risk Mitigation,Governance & Oversight,Overall Risk Management & Governance Plan,3,AI-flagged incorrectly,Not specific to AI,"Based off of our conversation regarding whether cybersecurity actually counts when it's not AI related, I would not highlight this."
meta_2024,AI,s-01261,We regularly conduct risk assessments to evaluate the maturity and effectiveness of our systems and processes in addressing cybersecurity threats and to identify areas for remediation and opportunities for enhancements.,Risk Mitigation,Operational Process Controls,Testing & Auditing,3,AI-flagged incorrectly,Not specific to AI,"Based off of our conversation regarding whether cybersecurity actually counts when it's not AI related, I would not highlight this."
meta_2024,AI,s-01262,"We also engage third-party security experts and consultants to assist with assessment and enhancement of our cybersecurity risk management processes, as well as benchmarking against industry practices.",Risk Mitigation,Operational Process Controls,Testing & Auditing,2,AI-flagged incorrectly,Not specific to AI,"Based off of our conversation regarding whether cybersecurity actually counts when it's not AI related, I would not highlight this."
meta_2024,AI,s-01264,"In addition, we maintain a privacy risk management program to assess privacy risks related to how we are collecting, using, sharing, and storing user data, which is subject to assessment by an independent, third-party privacy assessor.",Risk Mitigation,Technical & Security Controls,"AI Security, Privacy, and Data Protections",3,AI-flagged incorrectly,Not specific to AI,"Based off of our conversation regarding whether cybersecurity actually counts when it's not AI related, I would not highlight this."
meta_2024,AI,s-01268,support informed risk-based decision-making and prioritization of cybersecurity countermeasures and risk mitigation strategies.,Risk Mitigation,Governance & Oversight,Overall Risk Management & Governance Plan,2,AI-flagged incorrectly,Not specific to AI,"Based off of our conversation regarding whether cybersecurity actually counts when it's not AI related, I would not highlight this."
meta_2024,AI,s-01269,"Our risk mitigation strategies include a broad variety of technical and operational measures, as well as annual cybersecurity and privacy training for all of our employees.",Risk Mitigation,Governance & Oversight,Overall Risk Management & Governance Plan,3,AI-flagged incorrectly,Not specific to AI,"Based off of our conversation regarding whether cybersecurity actually counts when it's not AI related, I would not highlight this."
meta_2024,AI,s-01271,"Under our TPA process, we gather information from certain third parties who contract with Meta and share or receive data, or have access to or integrate with our systems, in order to help us assess potential risks associated with their security controls.",Risk Mitigation,Operational Process Controls,Testing & Auditing,3,AI-flagged incorrectly,Not specific to AI,"Based off of our conversation regarding whether cybersecurity actually counts when it's not AI related, I would not highlight this."
meta_2024,AI,s-01272,"We also generally require third parties to, among other things, maintain security controls to protect our confidential information and data, and notify us of material data breaches that may impact our data.",Risk Mitigation,Technical & Security Controls,"AI Security, Privacy, and Data Protections",3,AI-flagged incorrectly,Not specific to AI,"Based off of our conversation regarding whether cybersecurity actually counts when it's not AI related, I would not highlight this."
meta_2024,AI,s-01273,Our board of directors has oversight of our strategic and business risk management and has delegated cybersecurity risk management oversight to the audit & risk oversight committee of our board of directors (Audit & Risk Oversight Committee).,Risk Mitigation,Governance & Oversight,Board Structure & Oversight,2,AI-flagged incorrectly,Not specific to AI,"Based off of our conversation regarding whether cybersecurity actually counts when it's not AI related, I would not highlight this."
meta_2024,AI,s-01274,Our Audit & Risk Oversight Committee is responsible for ensuring that management has processes in place designed to identify and evaluate cybersecurity risks to which the company is exposed and to implement processes and programs to manage cybersecurity risks and mitigate cybersecurity incidents.,Risk Mitigation,Governance & Oversight,Overall Risk Management & Governance Plan,3,AI-flagged incorrectly,Not specific to AI,"Based off of our conversation regarding whether cybersecurity actually counts when it's not AI related, I would not highlight this."
meta_2024,AI,s-01276,"Management is responsible for identifying, assessing, and managing material cybersecurity risks on an ongoing basis, establishing processes to ensure that such potential cybersecurity risk exposures are monitored, putting in place appropriate mitigation measures, maintaining cybersecurity policies and procedures, and providing regular reports to our board of directors, including through the Audit & Risk Oversight Committee and Privacy & Product Compliance Committee.",Risk Mitigation,Governance & Oversight,Overall Risk Management & Governance Plan,3,AI-flagged incorrectly,Not specific to AI,"Based off of our conversation regarding whether cybersecurity actually counts when it's not AI related, I would not highlight this."
meta_2024,AI,s-01282,"Our cybersecurity teams monitor the prevention, detection, mitigation, and remediation of cybersecurity incidents through a variety of technical and operational measures, and regularly report to our CISO.",Risk Mitigation,Operational Process Controls,"Incident Monitoring, Response, and Recovery",3,AI-flagged incorrectly,Not specific to AI,"Based off of our conversation regarding whether cybersecurity actually counts when it's not AI related, I would not highlight this."
meta_2024,AI,s-01540,"To mitigate these developments, we are continually working to evolve our advertising systems to improve the performance of our ad products.",Risk Mitigation,Operational Process Controls,Overall Risk Management & Governance Plan,2,Human Miss,Not sure why humans missed it,"This was context right before something Chibudom and I tagged - I think we weren't tagging context broadly enough when we read this, but now I would definitely include this."
meta_2024,AI,s-01540,"To mitigate these developments, we are continually working to evolve our advertising systems to improve the performance of our ad products.",Risk Mitigation,Operational Process Controls,Overall Risk Management & Governance Plan,2,AI-flagged incorrectly,AI is incorrectly duplicating/double counting its own annotations,Duplication error.
meta_2024,AI,s-01541,"We are developing privacy enhancing technologies to deliver relevant ads and measurement capabilities while reducing the amount of personal information we process, including by relying more on anonymized or aggregated third-party data.",Risk Mitigation,Technical & Security Controls,"AI Security, Privacy, and Data Protections",3,Human Miss,Not sure why humans missed it,"This was context right before something Chibudom and I tagged - I think we weren't tagging context broadly enough when we read this, but now I would definitely include this."
meta_2024,AI,s-01541,"We are developing privacy enhancing technologies to deliver relevant ads and measurement capabilities while reducing the amount of personal information we process, including by relying more on anonymized or aggregated third-party data.",Risk Mitigation,Technical & Security Controls,"AI Security, Privacy, and Data Protections",3,AI-flagged incorrectly,AI is incorrectly duplicating/double counting its own annotations,Duplication error.
meta_2024,AI,s-01542,"In addition, we are developing tools that enable marketers to share their data into our systems, as well as ad products that generate more valuable signals within our apps.",Risk Mitigation,Operational Process Controls,Overall Risk Management & Governance Plan,2,Human Miss,Not sure why humans missed it,"This was context right before something Chibudom and I tagged - I think we weren't tagging context broadly enough when we read this, but now I would definitely include this."
meta_2024,AI,s-01549,"In addition, we maintain advertising policies to protect the security and integrity of our platform and comply with global content, security, and integrity obligations.",Risk Mitigation,Governance & Oversight,Overall Risk Management & Governance Plan,2,Human Miss,Not sure why humans missed it,"This was context right after something Chibudom and I tagged - I think we weren't tagging context broadly enough when we read this, but now I would definitely include this."
meta_2024,AI,s-01550,"Our ongoing efforts to enhance enforcement against ads and marketers which violate our advertising policies adversely affect our revenue, and we expect that the continued enhancement of such efforts will have an impact on our revenue in the future, which may be material.",Risk,Competitive,Other,,Human Miss,Not sure why humans missed it,"This was context right after something Chibudom and I tagged - I think we weren't tagging context broadly enough when we read this, but now I would definitely include this."
meta_2024,AI,s-01557,"However, we continue to face competition from other products and services within certain demographics, in particular younger users.",Risk,Competitive,Market Share Uncertainty,,Human Miss,Not sure why humans missed it,"I have no idea why Chibudom and I didn't tag this one. However, the AI ALSO didn't tag the relevant sentences before (context that has the actual AI term): ""We are investing in Reels and in AI initiatives across our products, including our AI-powered discovery engine to recommend relevant content, which we have already seen results in improved user engagement and monetization of our products"", so I think it should be highlighted as well."
meta_2024,AI,s-01557,"However, we continue to face competition from other products and services within certain demographics, in particular younger users.",Risk,Competitive,Market Share Uncertainty,,AI-flagged incorrectly,AI is incorrectly duplicating/double counting its own annotations,Duplication error.
meta_2024,AI,s-01558,"In addition, while Reels is growing in usage, it monetizes at a lower rate than our Feed and Stories products and we expect it will continue to monetize at a lower rate for the foreseeable future.",Risk,Competitive,Investment Cost & Uncertainty,,Human Miss,Not sure why humans missed it,"I have no idea why Chibudom and I didn't tag this one. However, the AI ALSO didn't tag the relevant sentences before (context that has the actual AI term): ""We are investing in Reels and in AI initiatives across our products, including our AI-powered discovery engine to recommend relevant content, which we have already seen results in improved user engagement and monetization of our products"", so I think it should be highlighted as well."
meta_2024,AI,s-01126,"Our products and services involve the collection, storage, processing, and transmission of a large amount of data.",Risk,Sociotechnical,Privacy & Security,,AI-flagged incorrectly,Not specific to AI,"Based off of our conversation regarding whether cybersecurity actually counts when it's not AI related, I would not highlight this."
meta_2024,AI,s-01127,"Any failure to prevent or mitigate security breaches and improper access to or disclosure of our data or user data, including personal information, content, or payment information from users, or information from marketers, could result in the loss, modification, disclosure, destruction, or other misuse of such data, which could harm our business and reputation and diminish our competitive position.",Risk,Sociotechnical,Privacy & Security,,AI-flagged incorrectly,Not specific to AI,"Based off of our conversation regarding whether cybersecurity actually counts when it's not AI related, I would not highlight this."
meta_2024,AI,s-01131,Our efforts to address undesirable activity on our platform also increase the risk of retaliatory attacks.,Risk,Sociotechnical,Malicious Actors / Misuse,,AI-flagged incorrectly,Not specific to AI,"Based off of our conversation regarding whether cybersecurity actually counts when it's not AI related, I would not highlight this."
meta_2024,AI,s-01136,"Although we have developed systems and processes that are designed to protect our data and user data, to reduce the risk of data loss or misuse, to disable undesirable accounts and activities on our platform, and to reduce the risk of or detect security breaches, such measures will not provide absolute security, and we cannot assure you that we will be able to react in a timely manner to any cyber-attacks or other security incidents, or that our remediation efforts will be successful.",Risk Mitigation,Technical & Security Controls,"AI Security, Privacy, and Data Protections",3,AI-flagged incorrectly,Not specific to AI,"Based off of our conversation regarding whether cybersecurity actually counts when it's not AI related, I would not highlight this."
meta_2024,AI,s-01150,"We are making significant investments in privacy, safety, security, and content and advertising review efforts to combat these activities, including investigations and audits of platform applications, as well as other enforcement efforts.",Risk Mitigation,Operational Process Controls,Testing & Auditing,2,AI-flagged incorrectly,Not specific to AI,"Based off of our conversation regarding whether cybersecurity actually counts when it's not AI related, I would not highlight this."
meta_2024,AI,s-01155,We may also be subject to increased risk as a result of changes to our content policies and enforcement efforts which we began to implement in January 2025 to further free expression on our platform and mitigate over-enforcement of certain of our content policies.,Risk Mitigation,Governance & Oversight,Overall Risk Management & Governance Plan,1,AI-flagged incorrectly,Not specific to AI,"Based off of our conversation regarding whether cybersecurity actually counts when it's not AI related, I would not highlight this."
meta_2024,AI,s-02419,"We also notify the Irish Data Protection Commission (IDPC), our lead European Union privacy regulator under the General Data Protection Regulation (GDPR), of certain other personal data breaches and privacy issues, issue similar notifications to European regulators under other laws (such as UK GDPR and Member State implementations of the ePrivacy Directive), and are subject to inquiries and investigations by the IDPC and other European regulators regarding various aspects of our regulatory compliance.",Risk,Legal,Uncertainty & Complexity,,AI-flagged incorrectly,Not specific to AI,"Not AI related enough, this is more about general litigation risks and data privacy than AI (no AI terms mentioned paragraph before and after)."
meta_2024,AI,s-01067,"In particular, we are maintaining a comprehensive privacy program in connection with the FTC consent order that includes substantial management and board of directors oversight, stringent operational requirements and reporting obligations, prohibitions against making misrepresentations relating to user data, a process to regularly certify our compliance with the privacy program to the FTC, and regular assessments of our privacy program by an independent third-party assessor, which has been and will continue to be challenging and costly to maintain and enhance.",Risk Mitigation,Governance & Oversight,Overall Risk Management & Governance Plan,3,AI-flagged incorrectly,Not specific to AI,"Not AI related enough, this is more about general litigation risks and data privacy than AI (no AI terms mentioned paragraph before and after)."
meta_2024,AI,s-01067,"In particular, we are maintaining a comprehensive privacy program in connection with the FTC consent order that includes substantial management and board of directors oversight, stringent operational requirements and reporting obligations, prohibitions against making misrepresentations relating to user data, a process to regularly certify our compliance with the privacy program to the FTC, and regular assessments of our privacy program by an independent third-party assessor, which has been and will continue to be challenging and costly to maintain and enhance.",Risk Mitigation,Governance & Oversight,Overall Risk Management & Governance Plan,3,AI-flagged incorrectly,AI is incorrectly duplicating/double counting its own annotations,Duplication error.
meta_2024,AI,s-01076,"The FTC initiated an administrative proceeding against us alleging, among other things, deficient compliance with the FTC consent order and seeking substantial modifications to the requirements of the consent order, including a prohibition on our use of minors' data for any commercial purposes, changes to the composition of our board of directors, and significant limitations on our ability to modify and launch new products.",Risk,Legal,Litigation,,AI-flagged incorrectly,Not specific to AI,"Not AI related enough, this is more about general litigation risks and data privacy than AI (no AI terms mentioned paragraph before and after)."
meta_2024,AI,s-01078,"If the challenge is unsuccessful and the FTC is able to impose the proposed order in its current form, it would limit our ability to provide certain features and services, engage in certain business practices, require us to further increase the time, resources, and costs we spend on compliance and oversight efforts, and would adversely affect our business and financial results.",Risk,Legal,Compliance Costs,,AI-flagged incorrectly,Not specific to AI,"Not AI related enough, this is more about general litigation risks and data privacy than AI (no AI terms mentioned paragraph before and after)."
meta_2024,AI,s-01079,"If we are unable to successfully implement and comply with the mandates of the FTC consent order (including any future modifications to the order), GDPR, U.S. state privacy laws, youth social media laws, ePrivacy Directive, DMA, DSA, or other regulatory or legislative requirements, or if any relevant authority believes that we are in violation of the consent order or other applicable requirements, we may be subject to regulatory or governmental investigations or lawsuits, which may result in significant monetary fines or damages (including for loss of control of data without other damage), judgments, penalties, or other remedies, and we may also be required to make additional changes to our business practices.",Risk,Legal,Uncertainty & Complexity,,AI-flagged incorrectly,Not specific to AI,"Not AI related enough, this is more about general litigation risks and data privacy than AI (no AI terms mentioned paragraph before and after)."
meta_2024,AI,s-01034,"We are also subject to disclosure, reporting, and diligence requirements regarding our social and environmental risks and initiatives.",Risk,Legal,Compliance Costs,,AI-flagged incorrectly,Not specific to AI,"Not AI related enough, this is more about general litigation risks and data privacy than AI (no AI terms mentioned paragraph before and after)."
meta_2024,AI,s-01037,"We have been and remain subject to regulatory and other government investigations, enforcement actions, and settlements, and we expect to continue to be subject to such proceedings and other inquiries in the future, which could cause us to incur substantial costs or require us to change our business practices in a manner materially adverse to our business.",Risk,Legal,Litigation,,AI-flagged incorrectly,Not specific to AI,"Not AI related enough, this is more about general litigation risks and data privacy than AI (no AI terms mentioned paragraph before and after)."
meta_2024,AI,s-00334,"To aid in this effort, we have taken steps to reduce bias in our people processes and tooling, including our hiring processes and performance management systems.",Risk Mitigation,Societal Impact,Societal Impact Assessment,2,AI-flagged incorrectly,Not specific to AI,"Not AI related enough, this is more about general litigation risks and data privacy than AI (no AI terms mentioned paragraph before and after)."
microsoft_2024,AI,s-00111,"Azure AI Studio provides a full lifecycle toolchain customers can use to ground these models on their own data, create prompt workflows, and help ensure they are deployed and used safely.",Risk Mitigation,Operational Process Controls,System Access Management,2,Human Miss,Not sure why humans missed it,"This was context right after something Chibudom and I tagged - I think we weren't tagging context broadly enough when we read this, but now I would definitely include this."
microsoft_2024,AI,s-00118,"Our hybrid infrastructure offers integrated, end-to-end security, compliance, identity, and management capabilities to support the real-world needs and evolving regulatory requirements of commercial customers and enterprises.",Risk Mitigation,Governance & Oversight,Overall Risk Management & Governance Plan,2,Human Miss,Not sure why humans missed it,"This is a little vague (hybrid infastructure meaning ??) but after reading through the context (the few sentences after), I can see how Azure can be used to address regulatory requirements. Would add this."
microsoft_2024,AI,s-00125,"As the rate and pace of cyberthreats continue to accelerate, security is a top priority for every organization.",Risk,Sociotechnical,Privacy & Security,,Human Miss,Not sure why humans missed it,"I think we weren't tagging context broadly enough when we read this, but now I would include this now."
microsoft_2024,AI,s-00125,"As the rate and pace of cyberthreats continue to accelerate, security is a top priority for every organization.",Risk,"AI Safety (General, Broad)",-,,Human Miss,Not sure why humans missed it,"I think we weren't tagging context broadly enough when we read this, but now I would include this now."
microsoft_2024,AI,s-00125,"As the rate and pace of cyberthreats continue to accelerate, security is a top priority for every organization.",Risk,Sociotechnical,Privacy & Security,,AI-flagged incorrectly,AI is incorrectly duplicating/double counting its own annotations,Duplication error.
microsoft_2024,AI,s-00132,"Windows 11 security and privacy features include operating system security, application security, and user and identity security.",Risk Mitigation,Technical & Security Controls,"AI Security, Privacy, and Data Protections",2,AI-flagged incorrectly,Not specific to AI,This is more about products themselves than actual responsible AI or AI risks.
microsoft_2024,AI,s-00138,"Copilot is an AI assistant that helps users navigate the web, answer questions, and create content.",Risk,Sociotechnical,Malicious Actors / Misuse,,AI-flagged incorrectly,Not specific to AI,This is more about products themselves than actual responsible AI or AI risks.
microsoft_2024,AI,s-00139,"Microsoft Edge is our fast and secure browser that helps protect users’ data and offers enhanced browsing capabilities including quick access to AI-powered tools, apps, and more.",Risk Mitigation,Technical & Security Controls,"AI Security, Privacy, and Data Protections",2,AI-flagged incorrectly,Not specific to AI,This is more about products themselves than actual responsible AI or AI risks.
microsoft_2024,AI,s-00212,"Generative AI is creating unparalleled opportunities to empower workers globally, but only if everyone has the skills to use it.",Risk Mitigation,Societal Impact,Education / Public Goodwill,1,Human Miss,Not sure why humans missed it,Defintely a human miss as we highlighted a similar sentence in 2023 - will check on Prodigy viewer.
microsoft_2024,AI,s-00212,"Generative AI is creating unparalleled opportunities to empower workers globally, but only if everyone has the skills to use it.",Risk Mitigation,Societal Impact,Education / Public Goodwill,1,AI-flagged incorrectly,AI is incorrectly duplicating/double counting its own annotations,Duplication error.
microsoft_2024,AI,s-00555,"Our business teams, with legal support, manage the compliance programs and prepare external regulatory and commercial reporting, and our internal audit teams conduct reviews of our programs and processes.",Risk Mitigation,Governance & Oversight,Overall Risk Management & Governance Plan,2,Human Miss,Not sure why humans missed it,"I think we weren't tagging context broadly enough when we read this, but now I would include this now."
microsoft_2024,AI,s-00711,"In addition, we are focused on developing new AI platform services and incorporating AI into existing products and services.",Risk,Competitive,Investment Cost & Uncertainty,,AI-flagged incorrectly,Not specific to AI,"While this does talk about AI directly, it's just talking about broad investment (the context is just about other places they invest in), doesn't really have a risk/mitigation lead to it. Does this count as mitigation?"
microsoft_2024,AI,s-00719,Our data-handling practices across our products and services will continue to be under scrutiny.,Risk,Reputational,Individual or Organizational Reputation,,AI-flagged incorrectly,Not specific to AI,"Not AI related enough, this is more about general uncertainty and complexity."
microsoft_2024,AI,s-00723,We could experience significant delays in new releases or significant problems in creating new products or services.,Risk,Competitive,Investment Cost & Uncertainty,,AI-flagged incorrectly,Not specific to AI,"Not AI related enough, this is more about general uncertainty and complexity."
microsoft_2024,AI,s-00732,"The success of these transactions and arrangements depend in part on our ability to leverage them to enhance our existing products and services or develop compelling new ones, as well as the acquired companies’ ability to meet our policies and processes in areas such as data governance, privacy, and cybersecurity.",Risk Mitigation,Governance & Oversight,Overall Risk Management & Governance Plan,2,AI-flagged incorrectly,Not specific to AI,"Not AI related enough, this is more about general uncertainty and complexity."
microsoft_2024,AI,s-00800,We are committed to notifying our customers whose systems have been impacted as we become aware and have actionable information for customers to help protect themselves.,Risk Mitigation,Operational Process Controls,"Incident Monitoring, Response, and Recovery",2,AI-flagged incorrectly,Not specific to AI,"Based off of our conversation regarding whether cybersecurity actually counts when it's not AI related, I would not highlight this."
microsoft_2024,AI,s-00801,"We are also committed to providing guidance and support on detection, tracking, and remediation.",Risk Mitigation,Operational Process Controls,"Incident Monitoring, Response, and Recovery",2,AI-flagged incorrectly,Not specific to AI,"Based off of our conversation regarding whether cybersecurity actually counts when it's not AI related, I would not highlight this."
microsoft_2024,AI,s-00803,"Any of the foregoing events could result in reputational harm, loss of revenue, increased costs, or otherwise adversely affect our business, financial condition, and results of operations.",Risk,Reputational,Individual or Organizational Reputation,,AI-flagged incorrectly,Not specific to AI,"Based off of our conversation regarding whether cybersecurity actually counts when it's not AI related, I would not highlight this."
microsoft_2024,AI,s-00876,"We spend substantial amounts to build, purchase, or lease datacenters and equipment and to upgrade our technology and network infrastructure to handle more traffic on our websites and in our datacenters.",Risk,Competitive,Investment Cost & Uncertainty,,AI-flagged incorrectly,Not specific to AI,"Not AI related enough, this is more about general operation risks regarding data centers."
microsoft_2024,AI,s-00880,We are rapidly growing our business of providing a platform and back-end hosting for services provided by third parties to their end users.,Risk,Competitive,Market Share Uncertainty,,AI-flagged incorrectly,Not specific to AI,"Not AI related enough, this is more about general operational risks."
microsoft_2024,AI,s-00881,"Maintaining, securing, and expanding this infrastructure is expensive and complex, and requires development of principles for datacenter builds in geographies with higher safety and reliability risks.",Risk,Competitive,Investment Cost & Uncertainty,,AI-flagged incorrectly,Not specific to AI,"Not AI related enough, this is more about general operational risks."
microsoft_2024,AI,s-00166,Microsoft’s approach to addressing climate change starts with the sustainability of our own business.,Risk Mitigation,Environmental Impact,Environmental Impact Mitigation,2,Human Miss,Not sure why humans missed it,"This was context right before something Chibudom and I tagged - I think we weren't tagging context broadly enough when we read this, but now I would definitely include this."
microsoft_2024,AI,s-00167,"In 2020, we committed to being a carbon negative, water positive, and zero waste company by 2030.",Risk Mitigation,Environmental Impact,Environmental Impact Mitigation,1,Human Miss,Not sure why humans missed it,"This was context right before something Chibudom and I tagged - I think we weren't tagging context broadly enough when we read this, but now I would definitely include this."
microsoft_2024,AI,s-00168,"Since announcing that commitment, we have seen major changes both in the technology sector and in our understanding of what it will take to meet our climate goals.",Risk,Sociotechnical,Environmental,,Human Miss,Not sure why humans missed it,"This was context right before something Chibudom and I tagged - I think we weren't tagging context broadly enough when we read this, but now I would definitely include this."
microsoft_2024,AI,s-00199,"These commitments drive sustained impact by directly enabling an increase of funds into local communities, improving diverse, small-business access to capital, and increasing skill development.",Risk Mitigation,Societal Impact,Education / Public Goodwill,2,AI-flagged incorrectly,Not specific to AI,"Not AI related enough, this is more about general societal benefit (Minority Depository Institutions and funds supporting Black and African American-owned small businesses)."
microsoft_2024,AI,s-00217,"As of June 2024, we’ve helped more than 2.5 million people in 92% of the world’s countries learn how to use AI.",Risk Mitigation,Societal Impact,Education / Public Goodwill,2,AI-flagged incorrectly,Humans did tag it...,We did tag this in Row 441 in the Using the MIT AI Frameworks:SPRING 2026.
microsoft_2024,AI,s-00221,"We strive to maximize the potential of our human capital resources by creating a respectful, rewarding, and inclusive work environment that enables our global employees to create products and services that further our mission.",Risk Mitigation,Governance & Oversight,Overall Risk Management & Governance Plan,2,AI-flagged incorrectly,Not specific to AI,"Not AI related enough, this is more about general employee values + wellbeing."
microsoft_2024,AI,s-00334,"We believe our cloud’s global scale, coupled with our broad portfolio of identity and security solutions, allows us to effectively solve complex cybersecurity challenges for our customers and differentiates us from the competition.",Risk Mitigation,Technical & Security Controls,"AI Security, Privacy, and Data Protections",2,AI-flagged incorrectly,Not specific to AI,"Based off of our conversation regarding whether cybersecurity actually counts when it's not AI related, I would not highlight this."
microsoft_2024,AI,s-00345,"We believe our server products provide customers with advantages in performance, total costs of ownership, and productivity by delivering superior applications, development tools, compatibility with a broad base of hardware and software applications, security, and manageability.",Risk Mitigation,Operational Process Controls,Testing & Auditing,2,AI-flagged incorrectly,Not specific to AI,"Not AI related enough, AI is not mentioned, this is more about general product competitiveness."
microsoft_2024,AI,s-01116,"We operate a cybersecurity program and governance framework designed to protect our computing environments against cybersecurity threats, and we have controls, policies, and procedures to identify, manage, and mitigate cybersecurity threats.",Risk Mitigation,Governance & Oversight,Overall Risk Management & Governance Plan,3,AI-flagged incorrectly,Not specific to AI,"Based off of our conversation regarding whether cybersecurity actually counts when it's not AI related, I would not highlight this."
microsoft_2024,AI,s-01117,"Annually, we assess our cybersecurity program’s alignment with the National Institute of Standards & Technology’s Cyber Security Framework (“NIST”) and other applicable industry standards.",Risk Mitigation,Governance & Oversight,Overall Risk Management & Governance Plan,3,AI-flagged incorrectly,Not specific to AI,"Based off of our conversation regarding whether cybersecurity actually counts when it's not AI related, I would not highlight this."
microsoft_2024,AI,s-01119,"We assess our program's effectiveness through various exercises, including tabletop simulations and production environment tests, penetration and vulnerability tests, red team exercises, and other related activities.",Risk Mitigation,Operational Process Controls,Testing & Auditing,3,AI-flagged incorrectly,Not specific to AI,"Based off of our conversation regarding whether cybersecurity actually counts when it's not AI related, I would not highlight this."
microsoft_2024,AI,s-01120,"We conduct mandatory cybersecurity training, provide employees with tools to report suspected incidents and assess their own security posture, and conduct real-time simulated employee education exercises, such as phishing email campaigns designed to emulate real-world attacks.",Risk Mitigation,Governance & Oversight,Overall Risk Management & Governance Plan,3,AI-flagged incorrectly,Not specific to AI,"Based off of our conversation regarding whether cybersecurity actually counts when it's not AI related, I would not highlight this."
microsoft_2024,AI,s-01126,"We continuously monitor our computing environments, products, and services for vulnerabilities and signs of compromise, and we utilize our own security products to combat cybersecurity threats.",Risk Mitigation,Operational Process Controls,Post-deployment Monitoring,3,AI-flagged incorrectly,Not specific to AI,"Based off of our conversation regarding whether cybersecurity actually counts when it's not AI related, I would not highlight this."
microsoft_2024,AI,s-01127,"We integrate security into our computing environments, products, and services through our Security Development Lifecycle (“SDL”).",Risk Mitigation,Governance & Oversight,Overall Risk Management & Governance Plan,3,AI-flagged incorrectly,Not specific to AI,"Based off of our conversation regarding whether cybersecurity actually counts when it's not AI related, I would not highlight this."
microsoft_2024,AI,s-01128,Our SDL introduces security and privacy considerations throughout all phases of our development process and through the adoption of zero-trust end-to-end architecture.,Risk Mitigation,Technical & Security Controls,"AI Security, Privacy, and Data Protections",3,AI-flagged incorrectly,Not specific to AI,"Based off of our conversation regarding whether cybersecurity actually counts when it's not AI related, I would not highlight this."
microsoft_2024,AI,s-01129,We utilize machine learning and AI-powered security tools to gain insights from over 78 trillion signals per day and over 135 million managed devices.,Risk Mitigation,Technical & Security Controls,"AI Security, Privacy, and Data Protections",2,AI-flagged incorrectly,Not specific to AI,"Based off of our conversation regarding whether cybersecurity actually counts when it's not AI related, I would not highlight this."
microsoft_2024,AI,s-01137,"We require third-party service providers to manage their cybersecurity risks in defined ways, undergo cybersecurity reviews, notify us of cyber events, and satisfy additional contractual requirements.",Risk Mitigation,Governance & Oversight,Overall Risk Management & Governance Plan,3,AI-flagged incorrectly,Not specific to AI,"Based off of our conversation regarding whether cybersecurity actually counts when it's not AI related, I would not highlight this."
microsoft_2024,AI,s-01140,"When we experience a cybersecurity incident, we utilize our well-established incident response plans that operate both across the company and at the product and services level.",Risk Mitigation,Operational Process Controls,"Incident Monitoring, Response, and Recovery",3,AI-flagged incorrectly,Not specific to AI,"Based off of our conversation regarding whether cybersecurity actually counts when it's not AI related, I would not highlight this."
microsoft_2024,AI,s-01141,"Incidents are first triaged for severity, and then more deeply assessed to establish a plan of record and activate internal and external notification, disclosure, and communication plans, as applicable.",Risk Mitigation,Operational Process Controls,"Incident Monitoring, Response, and Recovery",3,AI-flagged incorrectly,Not specific to AI,"Based off of our conversation regarding whether cybersecurity actually counts when it's not AI related, I would not highlight this."
microsoft_2024,AI,s-01142,Engineering and development resources are mobilized to resolve or remediate the incident.,Risk Mitigation,Operational Process Controls,"Incident Monitoring, Response, and Recovery",2,AI-flagged incorrectly,Not specific to AI,"Based off of our conversation regarding whether cybersecurity actually counts when it's not AI related, I would not highlight this."
microsoft_2024,AI,s-01143,"After the incident is resolved, a comprehensive post-incident review process is conducted.",Risk Mitigation,Operational Process Controls,"Incident Monitoring, Response, and Recovery",3,AI-flagged incorrectly,Not specific to AI,"Based off of our conversation regarding whether cybersecurity actually counts when it's not AI related, I would not highlight this."
microsoft_2024,AI,s-01147,"As discussed above, our business strategy is tied to the SFI and we are committed to continuously monitoring cybersecurity threats, enhancing the security of our products, investing in our cybersecurity infrastructure, and collaborating with peers, customers, service providers, regulators, and governments to advance our and the entire digital ecosystem’s cybersecurity defenses and resiliency.",Risk Mitigation,Governance & Oversight,Overall Risk Management & Governance Plan,3,AI-flagged incorrectly,Not specific to AI,"Based off of our conversation regarding whether cybersecurity actually counts when it's not AI related, I would not highlight this."
microsoft_2024,AI,s-01149,Our Board of Directors oversees cybersecurity risk.,Risk Mitigation,Governance & Oversight,Board Structure & Oversight,2,AI-flagged incorrectly,Not specific to AI,"Based off of our conversation regarding whether cybersecurity actually counts when it's not AI related, I would not highlight this."
microsoft_2024,AI,s-01150,"Cybersecurity reviews by the Board are scheduled to occur at least quarterly, or more frequently as determined to be necessary or advisable.",Risk Mitigation,Governance & Oversight,Board Structure & Oversight,3,AI-flagged incorrectly,Not specific to AI,"Based off of our conversation regarding whether cybersecurity actually counts when it's not AI related, I would not highlight this."
microsoft_2024,AI,s-01160,"The CGC responsibilities include approving our enterprise security risk assessment process and results, determining the appropriate cybersecurity risk level and mitigations, reviewing the NIST CSF alignment, and supporting compliance with cybersecurity regulations.",Risk Mitigation,Governance & Oversight,Overall Risk Management & Governance Plan,3,AI-flagged incorrectly,Not specific to AI,"Based off of our conversation regarding whether cybersecurity actually counts when it's not AI related, I would not highlight this."
microsoft_2024,AI,s-01161,"Our cybersecurity efforts are supported directly by Microsoft’s security and threat intelligence experts and our employees across the company, all of whom receive cybersecurity awareness training and education and are expected to support our efforts.",Risk Mitigation,Governance & Oversight,Overall Risk Management & Governance Plan,3,AI-flagged incorrectly,Not specific to AI,"Based off of our conversation regarding whether cybersecurity actually counts when it's not AI related, I would not highlight this."
microsoft_2024,AI,s-01396,"We use derivative instruments to manage risks related to foreign currencies, interest rates, equity prices, and credit; to enhance investment returns; and to facilitate portfolio diversification.",Risk Mitigation,Governance & Oversight,Overall Risk Management & Governance Plan,2,AI-flagged incorrectly,Not specific to AI,"Not AI related enough, this is more about forex risks than AI (no AI terms mentioned paragraph before and after)."
microsoft_2024,AI,s-01396,"We use derivative instruments to manage risks related to foreign currencies, interest rates, equity prices, and credit; to enhance investment returns; and to facilitate portfolio diversification.",Risk Mitigation,Governance & Oversight,Overall Risk Management & Governance Plan,2,AI-flagged incorrectly,AI is incorrectly duplicating/double counting its own annotations,Duplication error.
microsoft_2024,AI,s-01913,"Our objectives for holding derivatives include reducing, eliminating, and efficiently managing the economic impact of these exposures as effectively as possible.",Risk Mitigation,Governance & Oversight,Overall Risk Management & Governance Plan,3,AI-flagged incorrectly,Not specific to AI,"Not AI related enough, this is more about forex risks than AI (no AI terms mentioned paragraph before and after)."
microsoft_2024,AI,s-01917,We monitor our foreign currency exposures daily to maximize the economic effectiveness of our foreign currency hedge positions.,Risk Mitigation,Governance & Oversight,Overall Risk Management & Governance Plan,3,AI-flagged incorrectly,Not specific to AI,"Not AI related enough, this is more about forex risks than AI (no AI terms mentioned paragraph before and after)."
microsoft_2024,AI,s-01924,"We manage the average maturity of our fixed-income portfolio to achieve economic returns that correlate to certain broad-based fixed-income indices using option, futures, and swap contracts.",Risk Mitigation,Governance & Oversight,Overall Risk Management & Governance Plan,3,AI-flagged incorrectly,Not specific to AI,"Not AI related enough, this is more about financial risks than AI (no AI terms mentioned paragraph before and after)."
microsoft_2024,AI,s-01615,Our fixed-income portfolio is diversified and consists primarily of investment-grade securities.,Risk Mitigation,Governance & Oversight,Overall Risk Management & Governance Plan,2,AI-flagged incorrectly,Not specific to AI,"Not AI related enough, this is more about financial risks than AI (no AI terms mentioned paragraph before and after)."
microsoft_2024,AI,s-01932,We use credit default swap contracts to manage credit exposures relative to broad-based indices and to facilitate portfolio diversification.,Risk Mitigation,Governance & Oversight,Overall Risk Management & Governance Plan,3,AI-flagged incorrectly,Not specific to AI,"Not AI related enough, this is more about financial risks than AI (no AI terms mentioned paragraph before and after)."
microsoft_2024,AI,s-00240,"We provide individuals and teams with access to first and third-party content resources across professions, disciplines, and roles, and offer skilling opportunities to support employees’ growth while driving organizations’ needs.",Risk Mitigation,Societal Impact,Education / Public Goodwill,2,AI-flagged incorrectly,Not specific to AI,"Not AI related enough, this is more about financial risks than AI (no AI terms mentioned paragraph before and after)."
microsoft_2024,AI,s-00114,"We have a long-term partnership with OpenAI, a leading AI research and deployment company.",Risk Mitigation,Governance & Oversight,Overall Risk Management & Governance Plan,2,AI-flagged incorrectly,Not specific to AI,I don't think this relates to responsible AI - this is more about the partnership with OpenAI.
microsoft_2024,AI,s-00115,We deploy OpenAI’s models across our consumer and enterprise products.,Risk,Competitive,Investment Cost & Uncertainty,,AI-flagged incorrectly,Not specific to AI,I don't think this relates to responsible AI - this is more about the partnership with OpenAI.
microsoft_2024,AI,s-00117,We have also increased our investments in the development and deployment of specialized supercomputing systems to accelerate OpenAI’s research.,Risk,Competitive,Investment Cost & Uncertainty,,AI-flagged incorrectly,Not specific to AI,I don't think this relates to responsible AI - this is more about the partnership with OpenAI.
microsoft_2024,AI,s-01511,We expect capital expenditures to increase in coming years to support growth in our cloud offerings and our investments in AI infrastructure and training.,Risk,Competitive,Investment Cost & Uncertainty,,AI-flagged incorrectly,Not specific to AI,They're just talking about general AI infrastructure investment and do not say that they feel like there is complexity or uncertainty in the sentence or the surrounding context.
microsoft_2024,AI,s-01511,We expect capital expenditures to increase in coming years to support growth in our cloud offerings and our investments in AI infrastructure and training.,Risk,Competitive,Investment Cost & Uncertainty,,AI-flagged incorrectly,AI is incorrectly duplicating/double counting its own annotations,Duplication error.
microsoft_2024,AI,s-01107,"We have made it the top corporate priority to protect the computing environment used by our customers and employees and to support the resiliency of our cloud infrastructure and services, products, devices, and our internal corporate resources from determined adversaries.",Risk Mitigation,Governance & Oversight,Overall Risk Management & Governance Plan,3,AI-flagged incorrectly,Not specific to AI,"Based off of our conversation regarding whether cybersecurity actually counts when it's not AI related, I would not highlight this."
microsoft_2024,AI,s-01109,"The SFI focuses our business strategy and efforts on continual improvement in cybersecurity protection, and is aligned around three security principles:",Risk Mitigation,Governance & Oversight,Overall Risk Management & Governance Plan,3,AI-flagged incorrectly,Not specific to AI,"Based off of our conversation regarding whether cybersecurity actually counts when it's not AI related, I would not highlight this."
microsoft_2024,AI,s-01111,Secure by Design: Security comes first when designing any product or service.,Risk Mitigation,Technical & Security Controls,"AI Security, Privacy, and Data Protections",3,AI-flagged incorrectly,Not specific to AI,"Based off of our conversation regarding whether cybersecurity actually counts when it's not AI related, I would not highlight this."
microsoft_2024,AI,s-01113,"Secure by Default: Security protections are enabled and enforced by default, require no extra effort, and are not optional.",Risk Mitigation,Technical & Security Controls,"AI Security, Privacy, and Data Protections",3,AI-flagged incorrectly,Not specific to AI,"Based off of our conversation regarding whether cybersecurity actually counts when it's not AI related, I would not highlight this."
microsoft_2024,AI,s-01115,Secure Operations: Security controls and monitoring will continuously be improved to meet current and future threats.,Risk Mitigation,Operational Process Controls,Post-deployment Monitoring,3,AI-flagged incorrectly,Not specific to AI,"Based off of our conversation regarding whether cybersecurity actually counts when it's not AI related, I would not highlight this."
microsoft_2024,AI,s-01118,We also undertake integrated planning and preparedness activities to support business continuity and operational resiliency.,Risk Mitigation,Operational Process Controls,"Incident Monitoring, Response, and Recovery",3,AI-flagged incorrectly,Not specific to AI,"Based off of our conversation regarding whether cybersecurity actually counts when it's not AI related, I would not highlight this."
microsoft_2024,AI,s-01135,"We also leverage third parties by working with external researchers, operating bug bounty programs, and managing coordinated vulnerability disclosure programs with security organizations.",Risk Mitigation,Operational Process Controls,Testing & Auditing,3,AI-flagged incorrectly,Not specific to AI,"Based off of our conversation regarding whether cybersecurity actually counts when it's not AI related, I would not highlight this."
microsoft_2024,AI,s-01138,"We seek to improve the entire cybersecurity ecosystem through multistakeholder diplomacy to set and uphold expectations for state behavior, advancement of government policy that strengthens cybersecurity and resiliency, disruption and deterrence of cybercrime, protection of national security interests, and disruption of digital threats to democracies.",Risk Mitigation,Governance & Oversight,Overall Risk Management & Governance Plan,2,AI-flagged incorrectly,Not specific to AI,"Based off of our conversation regarding whether cybersecurity actually counts when it's not AI related, I would not highlight this."
microsoft_2024,AI,s-01139,We also establish processes and innovate solutions for us and our customers to address the growing number and complexity of cybersecurity regulations.,Risk Mitigation,Governance & Oversight,Overall Risk Management & Governance Plan,3,AI-flagged incorrectly,Not specific to AI,"Based off of our conversation regarding whether cybersecurity actually counts when it's not AI related, I would not highlight this."
microsoft_2024,AI,(unmatched),"We are committed to detecting and controlling such misuse of our cloud-based and AI services, but our efforts may not be effective, and we m",Risk,Reputational,Individual or Organizational Reputation,,AI-flagged incorrectly,Humans did tag it...,We did tag this in Row 449 in the Using the MIT AI Frameworks:SPRING 2026.
microsoft_2024,AI,(unmatched),"We also have introduced a Hybrid Workplace Flexibility guidance to better support leaders, managers, and employees in hybrid work scenarios.",Risk Mitigation,Governance & Oversight,Overall Risk Management & Governance Plan,2,AI-flagged incorrectly,Not specific to AI,"Not AI related enough, this is more about general employee experience + wellbeing."
microsoft_2024,AI,(unmatched),"We use derivatives instruments to manage risks related to foreign currencies, interest rates, equity prices, and credit; to enhance investme",Risk Mitigation,Governance & Oversight,Overall Risk Management & Governance Plan,2,AI-flagged incorrectly,Not specific to AI,"Not AI related enough, this is more about financial risks than AI (no AI terms mentioned paragraph before and after)."
microsoft_2024,AI,(unmatched),Our investments are subject to interest rate risk and credit risk.,Risk,"AI Safety (General, Broad)",-,,AI-flagged incorrectly,Not specific to AI,"Not AI related enough, this is more about financial risks than AI (no AI terms mentioned paragraph before and after)."
microsoft_2024,AI,(unmatched),We maintain a program of internal audits.,Risk Mitigation,Governance & Oversight,Overall Risk Management & Governance Plan,2,AI-flagged incorrectly,Not specific to AI,I am unsure as I cannot find this in the 10K to check for context.
microsoft_2024,AI,(unmatched),"We have implemented processes for the company, that we believe are reasonably designed to promote compliance with insider trading laws, rule",Risk Mitigation,Governance & Oversight,Overall Risk Management & Governance Plan,2,AI-flagged incorrectly,Not specific to AI,"Not AI related enough, this is more about financial risks than AI (no AI terms mentioned paragraph before and after)."
netflix_2024,AI,s-00187,"If our competitors gain an advantage by using such technologies more effectively to satisfy consumer demand, our ability to compete successfully and our results of operations could be adversely impacted.",Risk,Competitive,Market Share Uncertainty,,Human Miss,Not sure why humans missed it,"No idea why we missed this one, it came right after a sentence we highlighted - maybe it was before we were clear on what counted as context?"
netflix_2024,AI,s-00354,We have implemented certain systems and processes to thwart hackers and protect our data and systems.,Risk Mitigation,Technical & Security Controls,"AI Security, Privacy, and Data Protections",2,,,"I'm not sure about this one. Would it count as context? ""We and many of the third parties we work with rely on open source software and libraries that are integrated into a variety of applications, tools and systems, which may increase our exposure to vulnerabilities. The addition of new features or upgrades also increases our exposure to vulnerabilities, and generative artificial intelligence could intensify these cybersecurity risks. Additionally, outside parties may attempt to induce employees, vendors, partners, or users to disclose sensitive or confidential information in order to gain access to data. Any attempt by hackers to obtain our data (including member and corporate information) or intellectual property (including digital content assets), disrupt our service, or otherwise access our systems, or those of third parties we use, if successful, could harm our business, be expensive to remedy and damage our reputation. We have implemented certain systems and processes to thwart hackers and protect our data and systems. However, the techniques used to gain unauthorized access to data and software are constantly evolving, and we may be unable to anticipate, detect or prevent unauthorized access or address all cybersecurity incidents that occur. """
netflix_2024,AI,s-00550,"We use a widely-adopted risk quantification model to identify, measure and prioritize cybersecurity and technology risks and develop related security controls and safeguards.",Risk Mitigation,Governance & Oversight,Overall Risk Management & Governance Plan,3,AI-flagged incorrectly,Not specific to AI,"Based off of our conversation regarding whether cybersecurity actually counts when it's not AI related, I would not highlight this."
netflix_2024,AI,s-00551,"We conduct regular reviews and tests of our information security program and also leverage audits by our internal audit team, tabletop exercises, penetration and vulnerability testing, red team exercises, simulations, and other exercises to evaluate the effectiveness of our information security program and improve our security measures and planning.",Risk Mitigation,Operational Process Controls,Testing & Auditing,3,AI-flagged incorrectly,Not specific to AI,"Based off of our conversation regarding whether cybersecurity actually counts when it's not AI related, I would not highlight this."
netflix_2024,AI,s-00547,"These include, but are not limited to, internal reporting, monitoring and detection tools, and a bug bounty program to allow security researchers to assist us in identifying vulnerabilities in our products before they are exploited by malicious threat actors.",Risk Mitigation,Operational Process Controls,Testing & Auditing,3,AI-flagged incorrectly,Not specific to AI,"Based off of our conversation regarding whether cybersecurity actually counts when it's not AI related, I would not highlight this."
netflix_2024,AI,s-00547,"These include, but are not limited to, internal reporting, monitoring and detection tools, and a bug bounty program to allow security researchers to assist us in identifying vulnerabilities in our products before they are exploited by malicious threat actors.",Risk Mitigation,Transparency,Third-Party System Access for Assessment,3,AI-flagged incorrectly,Not specific to AI,"Based off of our conversation regarding whether cybersecurity actually counts when it's not AI related, I would not highlight this."
netflix_2024,AI,s-00548,"We also maintain a third party security program to identify, prioritize, assess, mitigate and remediate third party risks; however, we rely on the third parties we use to implement security programs commensurate with their risk, and we cannot ensure in all circumstances that their efforts will be successful.",Risk Mitigation,Governance & Oversight,Overall Risk Management & Governance Plan,2,AI-flagged incorrectly,Not specific to AI,"Based off of our conversation regarding whether cybersecurity actually counts when it's not AI related, I would not highlight this."
netflix_2024,AI,s-00563,"The Board oversees our annual enterprise risk assessment, where we assess key risks within the company, including security and technology risks and cybersecurity threats.",Risk Mitigation,Governance & Oversight,Board Structure & Oversight,2,AI-flagged incorrectly,Not specific to AI,"Based off of our conversation regarding whether cybersecurity actually counts when it's not AI related, I would not highlight this."
netflix_2024,AI,s-00564,"The Audit Committee of the Board oversees our cybersecurity risk and receives regular reports from our VP of Security and Privacy Engineering on various cybersecurity matters, including risk assessments, mitigation strategies, areas of emerging risks, incidents and industry trends, and other areas of importance.",Risk Mitigation,Governance & Oversight,Board Structure & Oversight,2,AI-flagged incorrectly,Not specific to AI,"Based off of our conversation regarding whether cybersecurity actually counts when it's not AI related, I would not highlight this."
netflix_2024,AI,s-01053,The Company uses derivative and non-derivative instruments to manage foreign exchange risk related to its ongoing business operations with the primary objective of reducing earnings and cash flow volatility associated with fluctuations in foreign exchange rates.,Risk Mitigation,Governance & Oversight,Overall Risk Management & Governance Plan,2,AI-flagged incorrectly,Not specific to AI,"Based off of our conversation regarding whether cybersecurity actually counts when it's not AI related, I would not highlight this."
netflix_2024,AI,s-01053,The Company uses derivative and non-derivative instruments to manage foreign exchange risk related to its ongoing business operations with the primary objective of reducing earnings and cash flow volatility associated with fluctuations in foreign exchange rates.,Risk Mitigation,Governance & Oversight,Overall Risk Management & Governance Plan,2,AI-flagged incorrectly,Not specific to AI,"Based off of our conversation regarding whether cybersecurity actually counts when it's not AI related, I would not highlight this."
netflix_2024,AI,s-00795,We enter into foreign exchange forward contracts to mitigate fluctuations in forecasted U.S. dollar-equivalent revenues from changes in foreign currency exchange rates.,Risk Mitigation,Operational Process Controls,"Incident Monitoring, Response, and Recovery",2,AI-flagged incorrectly,Not specific to AI,"Not AI related enough, this is more about forex risks than AI (no AI terms mentioned paragraph before and after)."
netflix_2024,AI,s-00800,We enter into foreign exchange forward contracts to mitigate fluctuations in forecasted and firmly committed U.S. dollar-equivalent transactions related to the licensing and production of content assets from changes in foreign currency exchange rates.,Risk Mitigation,Operational Process Controls,"Incident Monitoring, Response, and Recovery",2,AI-flagged incorrectly,Not specific to AI,"Not AI related enough, this is more about forex risks than AI (no AI terms mentioned paragraph before and after)."
netflix_2024,AI,s-00806,We use non-derivative instruments to mitigate foreign exchange risk related to our net investments in certain foreign subsidiaries.,Risk Mitigation,Operational Process Controls,"Incident Monitoring, Response, and Recovery",2,AI-flagged incorrectly,Not specific to AI,"Not AI related enough, this is more about forex risks than AI (no AI terms mentioned paragraph before and after)."
netflix_2024,AI,s-00810,"In the year ended December 31, 2024, we began entering into foreign exchange forward contracts to mitigate the foreign exchange risk on intercompany transactions and monetary assets and liabilities that are not denominated in the functional currencies of the Company and its subsidiaries.",Risk Mitigation,Operational Process Controls,"Incident Monitoring, Response, and Recovery",2,AI-flagged incorrectly,Not specific to AI,"Not AI related enough, this is more about forex risks than AI (no AI terms mentioned paragraph before and after)."
netflix_2024,AI,s-00813,We also designate certain contracts as fair value hedges to mitigate the foreign exchange risk on the remeasurement of our foreign-currency denominated debt.,Risk Mitigation,Operational Process Controls,"Incident Monitoring, Response, and Recovery",2,AI-flagged incorrectly,Not specific to AI,"Not AI related enough, this is more about forex risks than AI (no AI terms mentioned paragraph before and after)."
nvidia_2024,AI,s-00095,"Examples include generative AI, which can create new content such as text, code, images, audio, video, and molecule structures, and recommendation systems, which can recommend highly relevant content such as products, services, media or ads using deep neural networks trained on vast datasets that capture the user preferences.",Risk,Sociotechnical,Malicious Actors / Misuse,,AI-flagged incorrectly,Not specific to AI,"While this talks about AI, it's a definition of what generative AI can do rather than risks/mitigations and there's no followup sentence that centers around risks/mitigations that applies."
nvidia_2024,AI,s-00187,Our accelerated computing platform can solve complex problems in significantly less time and with lower power consumption than alternative computational approaches.,Risk Mitigation,Environmental Impact,Environmental Impact Mitigation,1,AI-flagged incorrectly,Not specific to AI,"Not AI related enough, this is about their computing abilities not about AI."
nvidia_2024,AI,s-00191,"While the computing requirements of these end markets are diverse, we address them with a unified underlying architecture leveraging our GPUs, CUDA and networking technologies as the fundamental building blocks.",Risk Mitigation,Governance & Oversight,Overall Risk Management & Governance Plan,1,AI-flagged incorrectly,Not specific to AI,"Not AI related enough, this is about their computing abilities not about AI."
nvidia_2024,AI,s-00251,We have expanded our supplier relationships to build redundancy and resilience in our operations to provide long-term manufacturing capacity aligned with growing customer demand.,Risk Mitigation,Operational Process Controls,Overall Risk Management & Governance Plan,2,AI-flagged incorrectly,Not specific to AI,"Not AI related enough, this is about trading dependencies, but AI isn't mentioned in the contex (paragraphs before and after)."
nvidia_2024,AI,s-00282,This decreased protection makes the possibility of piracy of our technology and products more likely.,Risk,Legal,IP & Copyright,,AI-flagged incorrectly,Not specific to AI,"Not AI related enough, this is about their IP but AI is not mentioned in the paragraphs before and after."
nvidia_2024,AI,s-00210,"For example, NVIDIA Avatar Cloud Engine, or ACE, is a suite of technologies that help developers bring digital avatars to life with generative AI, running in the cloud or locally on the PC.",Risk Mitigation,Societal Impact,Design for AI-Human Value Alignment,1,AI-flagged incorrectly,Not specific to AI,"While this talks about AI, it's a definition of what generative AI can do rather than risks/mitigations and there's no followup sentence that centers around risks/mitigations that applies."
nvidia_2024,AI,s-00231,Members of our sales team have technical expertise and product and industry knowledge.,Risk Mitigation,Governance & Oversight,Overall Risk Management & Governance Plan,1,,,"I don't know if this counts as Overall Risk Management & Governance Plan's ""**Worker training to use AI safely = counts as an example of this category+subcategory"" if they aren't training but come in with expertise??"
nvidia_2024,AI,s-00233,"For example, our solution architects work with CSPs to provide pre-sales assistance to optimize their hardware and software infrastructure for generative AI and LLM training and deployment.",Risk Mitigation,Governance & Oversight,Overall Risk Management & Governance Plan,1,,,"I don't know if this counts as Overall Risk Management & Governance Plan's ""**Worker training to use AI safely = counts as an example of this category+subcategory"" if they aren't training but come in with expertise??"
nvidia_2024,AI,s-00238,"Our developer program supports the development of AI frameworks, SDKs, and APIs for software applications and game titles that are optimized for our platforms.",Risk Mitigation,Governance & Oversight,Overall Risk Management & Governance Plan,1,AI-flagged incorrectly,Not specific to AI,"I don't think this counts because it's not about training to develop AI frameworks or educating people, just talking about how these frameworks are being developed."
nvidia_2024,AI,s-00139,This has enabled us to architect data center-scale computing platforms that can interconnect thousands of compute nodes with high-performance networking.,Risk Mitigation,Operational Process Controls,System Access Management,1,AI-flagged incorrectly,Not specific to AI,This is just a general statement instead of something related to AI.
nvidia_2024,AI,s-00653,"We cannot guarantee that third parties and infrastructure in our supply chain or our partners’ supply chains have not been compromised or that they do not contain exploitable vulnerabilities, defects or bugs that could result in a breach of or disruption to our information technology systems, including our products and services, or the third-party information technology systems that support our services.",Risk,Sociotechnical,Privacy & Security,,Human Miss,Not sure why humans missed it,Defintely a human miss as we highlighted a similar sentence in 2023 - will check on Prodigy viewer.
nvidia_2024,AI,s-00654,We may also incorporate third-party data into our AI algorithms or use open-source datasets to train our algorithms.,Risk,Sociotechnical,Privacy & Security,,Human Miss,Not sure why humans missed it,Defintely a human miss as we highlighted a similar sentence in 2023 - will check on Prodigy viewer.
nvidia_2024,AI,s-00655,"These datasets may be flawed, insufficient, or contain certain biased information, and may otherwise be vulnerable to security incidents.",Risk,Sociotechnical,Human-centered,,Human Miss,Not sure why humans missed it,Defintely a human miss as we highlighted a similar sentence in 2023 - will check on Prodigy viewer.
nvidia_2024,AI,s-00846,We have no assurance that the USG will grant such a license or that the USG will act on the license application in a timely manner or at all.,Risk,Legal,Uncertainty & Complexity,,AI-flagged incorrectly,Not specific to AI,This is just a general statement of uncertainty instead of something related to AI.
nvidia_2024,AI,s-00843,"We are working to expand our Data Center product portfolio to offer new solutions, including those for which the USG does not require a license or advance notice before each shipment.",Risk Mitigation,Governance & Oversight,Overall Risk Management & Governance Plan,1,AI-flagged incorrectly,Not specific to AI,This is just a general statement of uncertainty instead of something related to AI.
nvidia_2024,AI,s-01000,"We have in place certain infrastructure, systems, policies, and procedures that are designed to proactively and reactively address circumstances that arise when unexpected events such as a cybersecurity incident occur.",Risk Mitigation,Governance & Oversight,Overall Risk Management & Governance Plan,2,AI-flagged incorrectly,Not specific to AI,"Based off of our conversation regarding whether cybersecurity actually counts when it's not AI related, I would not highlight this."
nvidia_2024,AI,s-01009,"We routinely assess our high-risk suppliers’ conformance to industry standards (e.g., ISO 27001, ISO 28001, and C-TPAT), and we evaluate them for additional information, product, and physical security requirements.",Risk Mitigation,Operational Process Controls,Testing & Auditing,3,AI-flagged incorrectly,Not specific to AI,"Based off of our conversation regarding whether cybersecurity actually counts when it's not AI related, I would not highlight this."
nvidia_2024,AI,s-01020,We have designated a Chief Security Officer that reports to our Senior Vice President of Software Engineering to manage our assessment and management of material risks from cybersecurity threats.,Risk Mitigation,Governance & Oversight,Board Structure & Oversight,2,AI-flagged incorrectly,Not specific to AI,"Based off of our conversation regarding whether cybersecurity actually counts when it's not AI related, I would not highlight this."
nvidia_2024,AI,s-01016,"Our security efforts are managed by a team of executive cybersecurity, IT, engineering, operations, and legal professionals.",Risk Mitigation,Governance & Oversight,Overall Risk Management & Governance Plan,2,AI-flagged incorrectly,Not specific to AI,"Based off of our conversation regarding whether cybersecurity actually counts when it's not AI related, I would not highlight this."
nvidia_2024,AI,s-01016,"Our security efforts are managed by a team of executive cybersecurity, IT, engineering, operations, and legal professionals.",Risk Mitigation,Governance & Oversight,Overall Risk Management & Governance Plan,2,AI-flagged incorrectly,AI is incorrectly duplicating/double counting its own annotations,Duplication error.
nvidia_2024,AI,s-01017,"We have established a cross-functional leadership team, consisting of executive-level leaders, that meets regularly to review cybersecurity matters and evaluate emerging threats.",Risk Mitigation,Governance & Oversight,Overall Risk Management & Governance Plan,2,AI-flagged incorrectly,Not specific to AI,"Based off of our conversation regarding whether cybersecurity actually counts when it's not AI related, I would not highlight this."
nvidia_2024,AI,s-01018,"With oversight and guidance provided by the cross-functional leadership team, our information security teams refine our practices to address emerging security risks and changes in regulations.",Risk Mitigation,Governance & Oversight,Overall Risk Management & Governance Plan,2,AI-flagged incorrectly,Not specific to AI,"Based off of our conversation regarding whether cybersecurity actually counts when it's not AI related, I would not highlight this."
nvidia_2024,AI,s-01019,Our executive-level leadership team also participates in cybersecurity incident response efforts by engaging with the incident response team and helping direct the company’s response to and assessment of certain cybersecurity incidents.,Risk Mitigation,Operational Process Controls,"Incident Monitoring, Response, and Recovery",3,AI-flagged incorrectly,Not specific to AI,"Based off of our conversation regarding whether cybersecurity actually counts when it's not AI related, I would not highlight this."
nvidia_2024,AI,s-01013,"The Audit Committee of the Board, or the Audit Committee, also reviews the adequacy and effectiveness of the Company’s information security policies and practices and the internal controls regarding information security risks.",Risk Mitigation,Governance & Oversight,Board Structure & Oversight,2,AI-flagged incorrectly,Not specific to AI,"Based off of our conversation regarding whether cybersecurity actually counts when it's not AI related, I would not highlight this."
nvidia_2024,AI,s-00707,"Our business and those of our suppliers and customers may also be subject to climate-related laws, regulations and lawsuits.",Risk,Legal,Litigation,,AI-flagged incorrectly,Not specific to AI,This is just a general statement of uncertainty instead of something related to AI.
nvidia_2024,AI,s-01564,We offer a limited warranty to end-users ranging from one to three years for products to repair or replace products for manufacturing defects or hardware component failures.,Risk Mitigation,Operational Process Controls,"Incident Monitoring, Response, and Recovery",2,AI-flagged incorrectly,Not specific to AI,This is not AI related - this is about warranties.
nvidia_2024,AI,s-01567,We also accrue for known warranty and indemnification issues if a loss is probable and can be reasonably estimated.,Risk Mitigation,Operational Process Controls,"Incident Monitoring, Response, and Recovery",2,AI-flagged incorrectly,Not specific to AI,This is not AI related - this is about warranties.
nvidia_2024,AI,s-00888,"We are increasingly building AI capabilities and protections into many of our products and services, and we also offer stand-alone AI applications.",Risk Mitigation,Technical & Security Controls,"AI Security, Privacy, and Data Protections",1,Human Miss,Not sure why humans missed it,Defintely a human miss as we highlighted a similar sentence in 2025 - will check on Prodigy viewer.
nvidia_2024,AI,s-00894,"Furthermore, changes in AI-related regulation could disproportionately impact and disadvantage us and require us to change our business practices, which may negatively impact our financial results.",Risk,Legal,Uncertainty & Complexity,,Human Miss,Not sure why humans missed it,Defintely a human miss as we highlighted a similar sentence in 2023 - will check on Prodigy viewer.
nvidia_2024,AI,s-00922,"As applicable, such rights may include the right to access, correct, or delete certain personal data, and to opt-out of certain data processing activities, such as targeted advertising, profiling and automated decision-making.",Risk,Sociotechnical,Privacy & Security,,AI-flagged incorrectly,Not specific to AI,This is not AI related - this is about data privacy applications and general litigation.
nvidia_2024,AI,s-01635,We perform ongoing credit evaluations of our customers’ financial condition and maintain an allowance for potential credit losses.,Risk Mitigation,Governance & Oversight,Overall Risk Management & Governance Plan,2,AI-flagged incorrectly,Not specific to AI,"Not AI related enough, this is more about financial risks than AI (no AI terms mentioned paragraph before and after)."
nvidia_2024,AI,s-01634,"Our investment policy requires the purchase of highly-rated fixed income securities, the diversification of investment type and credit exposures, and includes certain limits on our portfolio duration.",Risk Mitigation,Governance & Oversight,Overall Risk Management & Governance Plan,3,AI-flagged incorrectly,Not specific to AI,"Not AI related enough, this is more about financial risks than AI (no AI terms mentioned paragraph before and after)."
nvidia_2024,AI,s-00471,"We have partnered with CSPs to host such software and services in their data centers, and we entered and may continue to enter into multi-year cloud service agreements to support these offerings and our research and development activities.",Risk Mitigation,Governance & Oversight,Overall Risk Management & Governance Plan,2,AI-flagged incorrectly,Not specific to AI,This is not AI related - this is about partnerships to host software.
nvidia_2024,AI,(unmatched),We utilize the expertise of industry-leading suppliers that are certified by the International Organization for Standardization in such area,Risk Mitigation,Operational Process Controls,Testing & Auditing,2,AI-flagged incorrectly,Not specific to AI,This is not AI related - this is about leveraging expertise of suppliers.
nvidia_2024,AI,(unmatched),"Our computing solutions are available from virtually every major server maker and CSP, as well as on our own AI supercomputers.",Risk Mitigation,Governance & Oversight,Overall Risk Management & Governance Plan,1,AI-flagged incorrectly,Not specific to AI,This is not AI related - this is about their products (general statement).
nvidia_2024,AI,(unmatched),"We have set up a cross-functional leadership team, consisting of executive-level leaders, that meets regularly to review cybersecurity matte",Risk Mitigation,Governance & Oversight,Overall Risk Management & Governance Plan,2,AI-flagged incorrectly,Not specific to AI,"Based off of our conversation regarding whether cybersecurity actually counts when it's not AI related, I would not highlight this."
nvidia_2024,AI,(unmatched),We have in place cybersecurity and data privacy training and policies designed to (a) respond to new requirements in global privacy laws and,Risk Mitigation,Governance & Oversight,Overall Risk Management & Governance Plan,3,AI-flagged incorrectly,Not specific to AI,"Based off of our conversation regarding whether cybersecurity actually counts when it's not AI related, I would not highlight this."
nvidia_2024,AI,(unmatched),"We currently, are, and will likely continue to face legal, administrative and regulatory proceedings, claims, demands and/or investigations",Risk,Legal,Litigation,,AI-flagged incorrectly,Not specific to AI,This is not AI related - this is about general legal uncertainty.
nvidia_2024,AI,(unmatched),"The investment policy requires the purchase of highly rated fixed income securities, the diversification of investment types and credit expo",Risk Mitigation,Governance & Oversight,Overall Risk Management & Governance Plan,3,AI-flagged incorrectly,Not specific to AI,"Not AI related enough, this is more about financial risks than AI (no AI terms mentioned paragraph before and after)."
oracle_2024,AI,s-00141,Oracle provides products and services that address enterprise information technology (IT) needs.,Risk Mitigation,Governance & Oversight,Overall Risk Management & Governance Plan,2,AI-flagged incorrectly,Not specific to AI,This is not AI related - this is about Oracle providing IT services.
oracle_2024,AI,s-00142,Our products and services include enterprise applications and infrastructure offerings that are delivered worldwide through a variety of flexible and interoperable IT deployment models.,Risk Mitigation,Governance & Oversight,Overall Risk Management & Governance Plan,2,AI-flagged incorrectly,Not specific to AI,This is not AI related - this is about Oracle providing IT services.
oracle_2024,AI,s-00142,Our products and services include enterprise applications and infrastructure offerings that are delivered worldwide through a variety of flexible and interoperable IT deployment models.,Risk Mitigation,Technical & Security Controls,"AI Security, Privacy, and Data Protections",2,AI-flagged incorrectly,Not specific to AI,This is not AI related - this is about Oracle providing IT services.
oracle_2024,AI,s-00149,"Oracle Cloud Services are designed to be rapidly deployable to enable customers shorter time to innovation; intuitive for casual and experienced users; easily maintainable to reduce upgrade, integration and testing work; connectable among differing deployment models to enable interoperability and extensibility to easily move workloads among the Oracle Cloud and other IT and cloud environments; cost-effective by lowering upfront customer investments and implementing usage-based resource consumption costs; and highly secure, standards-based and reliable.",Risk Mitigation,Technical & Security Controls,"AI Security, Privacy, and Data Protections",2,AI-flagged incorrectly,Not specific to AI,"This is about incorporating AI into their products, not an AI Risk or Mitigation."
oracle_2024,AI,s-00163,"We focus our development efforts on improving the performance, security, reliability, operation, integration and cost-effectiveness of our offerings relative to our competitors; facilitating the ease with which organizations are able to deploy, use, manage and maintain our offerings; and incorporating emerging technologies such as AI within our offerings to enable leaner business processes, automation and innovation.",Risk Mitigation,Governance & Oversight,Overall Risk Management & Governance Plan,2,AI-flagged incorrectly,Not specific to AI,"This is about a AI product feature (ML automation), not responsible AI."
oracle_2024,AI,s-00164,"For example, our Oracle Autonomous Database is designed to deliver transformational infrastructure as an OCI offering that uses machine learning capabilities to automate many traditionally manual functions.",Risk Mitigation,Operational Process Controls,System Access Management,2,AI-flagged incorrectly,Not specific to AI,"This is about their Oracle Autonomous Database, not responsible AI."
oracle_2024,AI,s-00223,"Our SaaS offerings are designed to support connected business processes in the cloud and are centered on an intuitive and conversational user experience, a responsive, open and flexible business core and a common data model.",Risk Mitigation,Transparency,System Documentation,2,AI-flagged incorrectly,Not specific to AI,"This is not AI related, this is about their SaaS product."
oracle_2024,AI,s-00223,"Our SaaS offerings are designed to support connected business processes in the cloud and are centered on an intuitive and conversational user experience, a responsive, open and flexible business core and a common data model.",Risk Mitigation,Technical & Security Controls,"AI Security, Privacy, and Data Protections",2,AI-flagged incorrectly,Not specific to AI,"This is not AI related, this is about their SaaS product."
oracle_2024,AI,s-00226,"Our SaaS offerings are designed to deliver a secure data isolation architecture and flexible upgrades; self-service access controls for users; a Service-Oriented Architecture; built-in social, mobile and business insight capabilities (analytics); and a high performance, high availability infrastructure based on OCI.",Risk Mitigation,Technical & Security Controls,"AI Security, Privacy, and Data Protections",2,AI-flagged incorrectly,Not specific to AI,"This is not AI related, this is about their SaaS product."
oracle_2024,AI,s-00228,"Our SaaS offerings are also designed to natively incorporate advanced technologies such as AI, Internet-of-Things (IoT), machine learning, blockchain, digital assistants and advances in the “human interface” and how users interact with Oracle Cloud SaaS offerings within a business context or to augment human capabilities to enhance productivity.",Risk Mitigation,Governance & Oversight,Overall Risk Management & Governance Plan,2,AI-flagged incorrectly,Not specific to AI,"This is not AI related, this is about their SaaS product."
oracle_2024,AI,s-00244,"Our infrastructure technologies are designed to be flexible, cost-effective, standards-based, secure and highly-performant to facilitate the development, deployment, integration, management and extension across an organization’s cloud-based, on-premise and hybrid IT environments.",Risk Mitigation,Technical & Security Controls,"AI Security, Privacy, and Data Protections",2,AI-flagged incorrectly,Not specific to AI,"This is not AI related, but instead this is about their infrastructure products."
oracle_2024,AI,s-00258,"OCI offerings are based upon Oracle’s Next-Generation Cloud Infrastructure and are designed to deliver our infrastructure technologies, including compute, storage and networking services, as a service.",Risk Mitigation,Governance & Oversight,Overall Risk Management & Governance Plan,2,AI-flagged incorrectly,Not specific to AI,This is not AI related - this is about OCI (their cloud product).
oracle_2024,AI,s-00262,OCI is designed to be differentiated from other cloud vendors to provide better security by separating cloud control code computers from customer compute nodes.,Risk Mitigation,Technical & Security Controls,"AI Security, Privacy, and Data Protections",3,AI-flagged incorrectly,Not specific to AI,This is not AI related - this is about a cloud-security product feature.
oracle_2024,AI,s-00267,"We continue to invest in OCI to improve features and performance; to expand the catalog of cloud-based infrastructure tools and services that we provide; to increase the capacity and geographic footprint to deliver these services; to simplify the processes for migrating workloads to the Oracle Cloud; and to provide customers with the ability to run workloads across different IT environments, the Oracle Cloud as well as other third-party clouds in both hybrid and multicloud deployment models.",Risk Mitigation,Governance & Oversight,Overall Risk Management & Governance Plan,2,AI-flagged incorrectly,Not specific to AI,This is not AI related - this is about OCI product investment and roadmap.
oracle_2024,AI,s-00269,"OCI AI offerings are designed to be embedded into customer applications for a variety of predictive use cases, including, among others, the servicing of machine parts that are at risk of failing, using generative AI for fault detection on an assembly line, the stocking of retailer store shelves, credit fraud detection and financial modeling to stay within a business’ forecasts.",Risk Mitigation,Operational Process Controls,Testing & Auditing,2,AI-flagged incorrectly,Not specific to AI,"This is about their AI product use cases, not responsible AI."
oracle_2024,AI,s-00308,"Oracle MySQL HeatWave combines transactions, real-time analytics, machine learning and generative AI in one managed cloud service.",Risk Mitigation,Governance & Oversight,Overall Risk Management & Governance Plan,2,AI-flagged incorrectly,Not specific to AI,"This is about an AI product (HeatWave), not responsible AI."
oracle_2024,AI,s-00339,"Oracle Engineered Systems are designed to deliver improved performance, scalability, availability, security and operational efficiency relative to our competitors’ products; to be upgraded effectively and efficiently in a non-disruptive manner; and to simplify maintenance cycles and improve security by providing a single solution for patching.",Risk Mitigation,Technical & Security Controls,"AI Security, Privacy, and Data Protections",2,AI-flagged incorrectly,Not specific to AI,This is not AI related - this is about their hardware products.
oracle_2024,AI,s-00349,"Oracle storage products are engineered for cloud, on-premise and hybrid IT environments and designed to securely archive, back up, manage and protect customers’ mission-critical data assets.",Risk Mitigation,Technical & Security Controls,"AI Security, Privacy, and Data Protections",2,AI-flagged incorrectly,Not specific to AI,This is not AI related - this is about their storage products.
oracle_2024,AI,s-00360,We continue to evolve hardware support processes that are intended to proactively identify and solve quality issues.,Risk Mitigation,Operational Process Controls,"Incident Monitoring, Response, and Recovery",2,AI-flagged incorrectly,Not specific to AI,This is not AI related - this is about hardware support processes.
oracle_2024,AI,s-00374,"Oracle Cloud Operations deliver our Oracle Cloud Services to customers through a secure, reliable, scalable, enterprise grade cloud infrastructure platform managed by Oracle employees within a global network of data centers, which we refer to as the Oracle Cloud.",Risk Mitigation,Technical & Security Controls,"AI Security, Privacy, and Data Protections",2,AI-flagged incorrectly,Not specific to AI,This is not AI related - this is about their cloud operations.
oracle_2024,AI,s-00376,Oracle Cloud Operations leverage automated software tools to enable the rapid delivery of the latest cloud technology capabilities to the Oracle Cloud as they become available and provide Oracle customers access to the latest Oracle releases.,Risk Mitigation,Governance & Oversight,Overall Risk Management & Governance Plan,2,AI-flagged incorrectly,Not specific to AI,This is not AI related - this is about their cloud operations.
oracle_2024,AI,s-00385,We monitor and evaluate potential risks of disruption within our supply chain operations.,Risk Mitigation,Operational Process Controls,"Incident Monitoring, Response, and Recovery",2,AI-flagged incorrectly,Not specific to AI,This is not AI related - this is about supply chain disruption.
oracle_2024,AI,s-01389,"Our management approved, committed to and initiated the 2024 Restructuring Plan and the 2022 Restructuring Plan in order to restructure and further improve efficiencies in our operations.",Risk Mitigation,Governance & Oversight,Overall Risk Management & Governance Plan,2,AI-flagged incorrectly,Not specific to AI,This is not AI related - this is about a corporate restructuring plan.
oracle_2024,AI,s-00421,We believe that C&I powers innovation.,Risk Mitigation,Societal Impact,Design for AI-Human Value Alignment,2,AI-flagged incorrectly,Not specific to AI,This is not AI related - this is about culture and inclusion.
oracle_2024,AI,s-00455,We believe that helping our employees learn and apply new skills is key to retaining them and critical to our ability to innovate and rapidly evolve.,Risk Mitigation,Governance & Oversight,Overall Risk Management & Governance Plan,2,AI-flagged incorrectly,Not specific to AI,This is not AI related - this is about employee learning and retention.
oracle_2024,AI,s-00457,We believe that Oracle Learning enables us to improve our employees’ learning experience and better measure learning consumption.,Risk Mitigation,Governance & Oversight,Overall Risk Management & Governance Plan,2,AI-flagged incorrectly,Not specific to AI,This is not AI related - this is about their employee learning platform.
oracle_2024,AI,s-00414,"Our Board of Directors oversees culture and inclusion (C&I) matters and the Compensation Committee of our Board of Directors (the Compensation Committee) is responsible for reviewing and monitoring matters related to human capital management, including talent acquisition and retention.",Risk Mitigation,Governance & Oversight,Board Structure & Oversight,2,AI-flagged incorrectly,Not specific to AI,This is not AI related - this is about board oversight of culture and human capital.
oracle_2024,AI,s-01035,"Our overall information security risk management approach is designed to enable us to assess, identify and manage major risk exposures, including from material risks from cybersecurity threats, in a timely manner.",Risk Mitigation,Governance & Oversight,Overall Risk Management & Governance Plan,3,AI-flagged incorrectly,Not specific to AI,"Based off of our conversation regarding whether cybersecurity actually counts when it's not AI related, I would not highlight this."
oracle_2024,AI,s-01036,"As part of our information security risk management program, we perform risk assessments in which we map and prioritize information security risks identified through the processes described below.",Risk Mitigation,Operational Process Controls,Testing & Auditing,3,AI-flagged incorrectly,Not specific to AI,"Based off of our conversation regarding whether cybersecurity actually counts when it's not AI related, I would not highlight this."
oracle_2024,AI,s-01046,"Our corporate security and information security programs are designed to help us prevent, prepare for, detect, respond to and recover from cybersecurity threats.",Risk Mitigation,Operational Process Controls,"Incident Monitoring, Response, and Recovery",3,AI-flagged incorrectly,Not specific to AI,"Based off of our conversation regarding whether cybersecurity actually counts when it's not AI related, I would not highlight this."
oracle_2024,AI,s-01047,We leverage industry standard security frameworks to evaluate our security controls.,Risk Mitigation,Governance & Oversight,Overall Risk Management & Governance Plan,3,AI-flagged incorrectly,Not specific to AI,"Based off of our conversation regarding whether cybersecurity actually counts when it's not AI related, I would not highlight this."
oracle_2024,AI,s-01049,"We continually conduct security and privacy reviews to pinpoint risks associated with our products, services and enterprise.",Risk Mitigation,Operational Process Controls,Testing & Auditing,3,AI-flagged incorrectly,Not specific to AI,"Based off of our conversation regarding whether cybersecurity actually counts when it's not AI related, I would not highlight this."
oracle_2024,AI,s-01050,"We also employ various monitoring tools to track suspicious or anomalous activity across our networks, systems, and data, and we simulate cyber threats to proactively address vulnerabilities.",Risk Mitigation,Operational Process Controls,Post-deployment Monitoring,3,AI-flagged incorrectly,Not specific to AI,"Based off of our conversation regarding whether cybersecurity actually counts when it's not AI related, I would not highlight this."
oracle_2024,AI,s-01051,"Finally, we routinely train our employees on cybersecurity matters.",Risk Mitigation,Governance & Oversight,Overall Risk Management & Governance Plan,2,AI-flagged incorrectly,Not specific to AI,"Based off of our conversation regarding whether cybersecurity actually counts when it's not AI related, I would not highlight this."
oracle_2024,AI,s-01052,"This program includes processes for triaging, assessing the severity of, escalating, containing, investigating and remediating information security events, as well as meeting legal obligations and minimizing customer impact and brand and reputational damage.",Risk Mitigation,Operational Process Controls,"Incident Monitoring, Response, and Recovery",3,AI-flagged incorrectly,Not specific to AI,"Based off of our conversation regarding whether cybersecurity actually counts when it's not AI related, I would not highlight this."
oracle_2024,AI,s-01054,"Periodic tabletop exercises are conducted to test and reinforce our incident response controls, with incident severity and priority assessed on an ongoing basis.",Risk Mitigation,Operational Process Controls,Testing & Auditing,3,AI-flagged incorrectly,Not specific to AI,"Based off of our conversation regarding whether cybersecurity actually counts when it's not AI related, I would not highlight this."
oracle_2024,AI,s-01055,We also conduct external and internal risk management audits to assess and report on our internal incident response preparedness and help identify areas for continued focus and improvement.,Risk Mitigation,Operational Process Controls,Testing & Auditing,3,AI-flagged incorrectly,Not specific to AI,"Based off of our conversation regarding whether cybersecurity actually counts when it's not AI related, I would not highlight this."
oracle_2024,AI,s-01056,"We conduct periodic penetration testing to identify vulnerabilities in our products, services, and systems.",Risk Mitigation,Operational Process Controls,Testing & Auditing,3,AI-flagged incorrectly,Not specific to AI,"Based off of our conversation regarding whether cybersecurity actually counts when it's not AI related, I would not highlight this."
oracle_2024,AI,s-01058,"Additionally, our vendor risk management program identifies and mitigates risks associated with third-party service providers, including those within our supply chain and those with access to our customer or employee data or systems.",Risk Mitigation,Operational Process Controls,Testing & Auditing,3,AI-flagged incorrectly,Not specific to AI,"Based off of our conversation regarding whether cybersecurity actually counts when it's not AI related, I would not highlight this."
oracle_2024,AI,s-01065,"As an element of its information security risk management oversight activities, the F&A Committee reviews the results of our incident response control tests, external and internal audits and penetration testing and oversees our vendor risk management program.",Risk Mitigation,Governance & Oversight,Board Structure & Oversight,2,AI-flagged incorrectly,Not specific to AI,"Based off of our conversation regarding whether cybersecurity actually counts when it's not AI related, I would not highlight this."
oracle_2024,AI,s-01072,"Our Chief Corporate Architect is responsible for day-to-day identification, assessment and management of the information security risks we face.",Risk Mitigation,Governance & Oversight,Board Structure & Oversight,2,AI-flagged incorrectly,Not specific to AI,"Based off of our conversation regarding whether cybersecurity actually counts when it's not AI related, I would not highlight this."
oracle_2024,AI,s-01078,"In addition to the ordinary-course Board of Directors and F&A Committee reporting and oversight described above, we also maintain disclosure controls and procedures designed for prompt reporting to the Board of Directors and timely public disclosure, as appropriate, of material events covered by our risk management framework, including cybersecurity risks.",Risk Mitigation,Transparency,System Documentation,3,AI-flagged incorrectly,Not specific to AI,"Based off of our conversation regarding whether cybersecurity actually counts when it's not AI related, I would not highlight this."
oracle_2024,AI,s-01458,"We believe that our current cash, cash equivalents and marketable securities balances, cash generated from operations, and our borrowing arrangements will be sufficient to meet our working capital, capital expenditures and contractual obligations requirements.",Risk Mitigation,Governance & Oversight,Overall Risk Management & Governance Plan,2,AI-flagged incorrectly,Not specific to AI,"Not AI related enough, this is more about financial risks than AI (no AI terms in surrounding context)."
oracle_2024,AI,s-01458,"We believe that our current cash, cash equivalents and marketable securities balances, cash generated from operations, and our borrowing arrangements will be sufficient to meet our working capital, capital expenditures and contractual obligations requirements.",Risk Mitigation,Governance & Oversight,Overall Risk Management & Governance Plan,2,AI-flagged incorrectly,AI is incorrectly duplicating/double counting its own annotations,Duplication error.
oracle_2024,AI,s-01459,"In addition, we believe that we could fund our future acquisitions, dividend payments and repurchases of common stock or debt with our internally available cash, cash equivalents and marketable securities, cash generated from operations, additional borrowings or from the issuance of additional securities.",Risk Mitigation,Governance & Oversight,Overall Risk Management & Governance Plan,2,AI-flagged incorrectly,Not specific to AI,"Not AI related enough, this is more about financial risks than AI (no AI terms in surrounding context)."
oracle_2024,AI,s-01138,"Oracle Cloud Services arrangements generally: are billed in advance of the cloud services being delivered; have durations of one to four years; are renewed at the customer’s option; and are recognized as revenues ratably over the contractual period of the cloud contract or, in the case of usage model contracts, as the cloud services are consumed over time; and",Risk Mitigation,Governance & Oversight,Overall Risk Management & Governance Plan,2,AI-flagged incorrectly,Not specific to AI,"Not AI related enough, this is more about revenue recognition and financial terms than AI."
oracle_2024,AI,s-01038,"We believe that Oracle is a target for computer hackers, cyber threats and other bad actors because our products and services store, retrieve, process and manage large amounts of data, including sensitive data.",Risk,Sociotechnical,Privacy & Security,,AI-flagged incorrectly,Not specific to AI,"Based off of our conversation regarding whether cybersecurity actually counts when it's not AI related, I would not highlight this."
oracle_2024,AI,s-01038,"We believe that Oracle is a target for computer hackers, cyber threats and other bad actors because our products and services store, retrieve, process and manage large amounts of data, including sensitive data.",Risk,Sociotechnical,Malicious Actors / Misuse,,AI-flagged incorrectly,Not specific to AI,"Based off of our conversation regarding whether cybersecurity actually counts when it's not AI related, I would not highlight this."
oracle_2024,AI,s-01039,"We and our vendors are regularly subject to attempts by third parties to identify and exploit product and service vulnerabilities, penetrate or bypass our security measures and gain unauthorized access to our or our customers’, partners’ and suppliers’ software, hardware and cloud offerings, networks and systems.",Risk,Sociotechnical,Privacy & Security,,AI-flagged incorrectly,Not specific to AI,"Based off of our conversation regarding whether cybersecurity actually counts when it's not AI related, I would not highlight this."
oracle_2024,AI,s-00757,"If a cyber-attack or other security incident results in unauthorized access to, or modification or exfiltration of, our customers’ or suppliers’ data, other external data, our own data or our IT systems, or if the services we provide to our customers are disrupted, or if our products or services are reported to have (or are perceived as having) security vulnerabilities, we could incur significant expenses and suffer substantial damage to our brand and reputation.",Risk,Sociotechnical,Privacy & Security,,AI-flagged incorrectly,Not specific to AI,"Based off of our conversation regarding whether cybersecurity actually counts when it's not AI related, I would not highlight this."
oracle_2024,AI,s-00757,"If a cyber-attack or other security incident results in unauthorized access to, or modification or exfiltration of, our customers’ or suppliers’ data, other external data, our own data or our IT systems, or if the services we provide to our customers are disrupted, or if our products or services are reported to have (or are perceived as having) security vulnerabilities, we could incur significant expenses and suffer substantial damage to our brand and reputation.",Risk,Reputational,Individual or Organizational Reputation,,AI-flagged incorrectly,Not specific to AI,"Based off of our conversation regarding whether cybersecurity actually counts when it's not AI related, I would not highlight this."
oracle_2024,AI,s-00761,"Because the techniques used to obtain unauthorized access to, or sabotage IT systems, change frequently, grow more complex over time, and often are not recognized until launched against a target, we may be unable to anticipate or implement adequate measures to prevent such techniques.",Risk,Sociotechnical,Privacy & Security,,AI-flagged incorrectly,Not specific to AI,"Based off of our conversation regarding whether cybersecurity actually counts when it's not AI related, I would not highlight this."
oracle_2024,AI,s-00769,"Our business practices with respect to data could give rise to operational interruption, liabilities or reputational harm as a result of governmental regulation, legal requirements or industry standards relating to privacy and data protection.",Risk,Sociotechnical,Privacy & Security,,AI-flagged incorrectly,Not specific to AI,"Based off of our conversation regarding whether cybersecurity actually counts when it's not AI related, I would not highlight this."
oracle_2024,AI,s-00773,"Following the European Union’s (EU) General Data Protection Regulation (GDPR), the rate of global consideration and adoption of privacy laws has increased, giving rise to more global jurisdictions in which regulatory inquiries and audits may be requested of Oracle, and if we are not deemed to be in compliance, could result in enforcement actions and/or fines.",Risk,Legal,Compliance Costs,,AI-flagged incorrectly,Not specific to AI,This is not AI related - this is about privacy-law compliance (GDPR).
oracle_2024,AI,s-00773,"Following the European Union’s (EU) General Data Protection Regulation (GDPR), the rate of global consideration and adoption of privacy laws has increased, giving rise to more global jurisdictions in which regulatory inquiries and audits may be requested of Oracle, and if we are not deemed to be in compliance, could result in enforcement actions and/or fines.",Risk,Legal,Uncertainty & Complexity,,AI-flagged incorrectly,Not specific to AI,This is not AI related - this is about privacy-law compliance (GDPR).
oracle_2024,AI,s-00789,"Third parties have claimed, and in the future may claim, infringement or misuse of intellectual property rights and/or breach of license agreement provisions.",Risk,Legal,IP & Copyright,,AI-flagged incorrectly,Not specific to AI,This is not AI related - this is about general IP-infringement claims.
oracle_2024,AI,s-00803,"Responding to any such claim, regardless of its validity, could:",Risk,Legal,Litigation,,AI-flagged incorrectly,AI is incorrectly breaking up sentences into fragments,This is fragmented.
oracle_2024,AI,s-00818,We may not be able to protect our intellectual property rights.,Risk,Legal,IP & Copyright,,AI-flagged incorrectly,Not specific to AI,This is not AI related - this is about general litigation.
oracle_2024,AI,s-00827,Adverse litigation results could affect our business.,Risk,Legal,Litigation,,AI-flagged incorrectly,Not specific to AI,This is not AI related - this is about general litigation.
oracle_2024,AI,s-00828,We are subject to various legal proceedings.,Risk,Legal,Litigation,,AI-flagged incorrectly,Not specific to AI,This is not AI related - this is about tax risk.
oracle_2024,AI,s-00837,We may be subjected to increased taxes due to changes in U.S. or international tax laws or from adverse resolutions of tax audits and controversies.,Risk,Legal,Uncertainty & Complexity,,AI-flagged incorrectly,Not specific to AI,This is not AI related - this is about general international-operations risk.
oracle_2024,AI,s-00851,Our international sales and operations and global customer base subject us to additional risks that can adversely affect our operating results.,Risk,Legal,Uncertainty & Complexity,,AI-flagged incorrectly,Not specific to AI,This is not AI related - this is about general compliance costs.
oracle_2024,AI,s-00853,Compliance with international and U.S. laws and regulations that apply to our international operations increases our cost of doing business.,Risk,Legal,Compliance Costs,,AI-flagged incorrectly,Not specific to AI,This is not AI related - this is about general international-operations risk.
oracle_2024,AI,s-00859,"Changes to sanctions or export control regulations in the U.S. and the other jurisdictions where we currently operate or have dealings, or in the future may operate or have dealings, can require suspension or termination of business (including financial transactions) in or with certain countries and territories or with certain customers.",Risk,Legal,Compliance Costs,,AI-flagged incorrectly,Not specific to AI,This is not AI related - this is about sanctions and export controls.
oracle_2024,AI,s-00862,"Compliance with any further economic sanctions, export controls or other regulatory restrictions (and any countermeasures thereto) taken by the U.S. or other countries could prevent us from serving certain customers or restrict us or our customers from operating in specific jurisdictions, which could have an adverse effect on our operations and results of operations.",Risk,Legal,Compliance Costs,,AI-flagged incorrectly,Not specific to AI,This is not AI related - this is about sanctions and export-control compliance.
oracle_2024,AI,s-00897,"The healthcare industry is highly regulated, and thus, we are subject to several laws, regulations and industry initiatives, non-compliance with certain of which could adversely affect our healthcare business.",Risk,Legal,Compliance Costs,,AI-flagged incorrectly,Not specific to AI,This is not AI related - this is about healthcare-regulatory compliance.
oracle_2024,AI,s-00909,Complying with these regulations globally is expensive and could subject us to unanticipated and significant delays.,Risk,Legal,Compliance Costs,,AI-flagged incorrectly,Not specific to AI,This is not AI related - this is about general regulatory-compliance costs.
oracle_2024,AI,s-00917,"Compliance with these cybersecurity requirements is complex and costly, and failure to meet, or delays in meeting, the required security controls could limit our ability to sell products and services, directly or indirectly, to the DoD and other federal and state government entities that implement similar cybersecurity requirements.",Risk,Legal,Compliance Costs,,AI-flagged incorrectly,Not specific to AI,This is not AI related - this is about cybersecurity-compliance (DoD/CMMC) costs.
oracle_2024,AI,s-00918,We are also subject to early termination of our contracts.,Risk,Legal,Other,,AI-flagged incorrectly,Not specific to AI,This is not AI related - this is about government-contract termination.
oracle_2024,AI,s-00937,"The Nomination and Governance Committee of our Board of Directors oversees and periodically reviews our environmental, social and governance (ESG) programs, including environmental sustainability.",Risk Mitigation,Governance & Oversight,Board Structure & Oversight,2,AI-flagged incorrectly,Not specific to AI,This is not AI related - this is about ESG governance.
oracle_2024,AI,s-00938,"We also have an Environmental Steering Committee (ESC) comprised of senior individuals from a wide range of Oracle business units, including our Chief Sustainability Officer who oversees our overall sustainability strategy, including climate related risk mitigation.",Risk Mitigation,Governance & Oversight,Board Structure & Oversight,3,AI-flagged incorrectly,Not specific to AI,This is not AI related - this is about environmental and sustainability governance.
oracle_2024,AI,s-00939,"The ESC evaluates if climate or environmental risks have the potential for significant chronic or acute impact on our core and/or strategic business functions, including service delivery and support, product development and deployment, supply chain management, facility operations, employee recruitment and retention, or brand reputation.",Risk Mitigation,Environmental Impact,Environmental Impact Mitigation,3,AI-flagged incorrectly,Not specific to AI,This is not AI related - this is about climate and environmental risk.
oracle_2024,AI,s-00941,"We publish an annual Social Impact Report, which includes disclosure of our ESG matters and goals.",Risk Mitigation,Transparency,System Documentation,2,AI-flagged incorrectly,Not specific to AI,This is not AI related - this is about ESG reporting.
oracle_2024,AI,s-00972,We have a program which primarily utilizes foreign currency forward contracts designed to offset the risks associated with certain foreign currency exposures.,Risk Mitigation,Operational Process Controls,"Incident Monitoring, Response, and Recovery",3,AI-flagged incorrectly,Not specific to AI,"Not AI related enough, this is more about financial risks than AI (no AI terms in surrounding context)."
oracle_2024,AI,s-01501,We have established a program that primarily utilizes foreign currency forward contracts to partially offset the risks that arise from the aforementioned transactions.,Risk Mitigation,Operational Process Controls,"Incident Monitoring, Response, and Recovery",3,AI-flagged incorrectly,Not specific to AI,"Not AI related enough, this is more about financial risks than AI (no AI terms in surrounding context)."
oracle_2024,AI,s-01502,"Under this program, our strategy is to enter into foreign currency forward contracts for major currencies in which we have an exposure so that increases or decreases in our foreign currency exposures are offset by gains or losses on the foreign currency forward contracts which mitigate the risks and volatility associated with our foreign currency transactions.",Risk Mitigation,Operational Process Controls,"Incident Monitoring, Response, and Recovery",3,AI-flagged incorrectly,Not specific to AI,"Not AI related enough, this is more about financial risks than AI (no AI terms in surrounding context)."
oracle_2024,AI,s-01008,Our business is influenced by a range of factors that are beyond our control and that we have no comparative advantage in forecasting.,Risk,"AI Safety (General, Broad)",-,,AI-flagged incorrectly,Not specific to AI,This is not AI related - this is generic business-risk boilerplate (the AI Safety tag is incorrect).
oracle_2024,AI,s-01028,"We are a highly automated business and a disruption or failure of our systems, supply chains and processes could cause delays in completing sales, providing services, including some of our cloud offerings, and enabling a seamless customer experience with respect to our customer facing back-office processes.",Risk,Sociotechnical,Privacy & Security,,AI-flagged incorrectly,Not specific to AI,This is not AI related - this is about business-systems and operational continuity.
oracle_2024,AI,s-00765,"Our products operate in conjunction with and are dependent on a wide variety of third-party products, components and services.",Risk,Sociotechnical,Privacy & Security,,AI-flagged incorrectly,Not specific to AI,This is not AI related - this is about third-party product dependencies.
oracle_2024,AI,(unmatched),"Our Board of Directors oversees risks from cybersecurity risks, both directly and through the Finance and Audit Committee (F&A Committee).",Risk Mitigation,Governance & Oversight,Board Structure & Oversight,2,AI-flagged incorrectly,Not specific to AI,"Based off of our conversation regarding whether cybersecurity actually counts when it's not AI related, I would not highlight this."
oracle_2024,AI,(unmatched),OCI offerings are designed to be differentiated from other cloud vendors to provide better security by separating cloud control code compute,Risk Mitigation,Technical & Security Controls,"AI Security, Privacy, and Data Protections",3,AI-flagged incorrectly,Not specific to AI,This is not AI related - this is about a cloud-security product feature. Unmatched ID.
oracle_2024,AI,(unmatched),"In addition, the increasing prevalence of cloud delivery models offered by us and our competitors may unfavorably impact the pricing of our",Risk,Competitive,Investment Cost & Uncertainty,,AI-flagged incorrectly,Not specific to AI,This is not AI related - this is about cloud pricing and competition. Unmatched ID.
oracle_2024,AI,(unmatched),We leverage foreign currency forward contracts to offset the risks associated with certain foreign currency exposures in an effort to mitiga,Risk Mitigation,Operational Process Controls,"Incident Monitoring, Response, and Recovery",3,AI-flagged incorrectly,Not specific to AI,"Not AI related enough, this is more about financial risks than AI (no AI terms in surrounding context). Unmatched ID."
tesla_2024,AI,s-00115,"We have expertise in developing technologies, systems and software to enable self-driving vehicles using primarily vision-based technologies.",Risk,"AI Safety (General, Broad)",-,,AI-flagged incorrectly,Not specific to AI,"This is about developing self-driving technology, not a stated safety risk. "
tesla_2024,AI,s-00116,"Our FSD Computer runs our neural networks in our vehicles, and we are also developing additional computer hardware to better enable the massive amounts of field data captured by our vehicles to continually train and improve these neural networks for real-world performance.",Risk Mitigation,Operational Process Controls,Post-deployment Monitoring,3,AI-flagged incorrectly,Not specific to AI,"This is about their FSD hardware and training the neural networks, not framed as a stated risk or harm-monitoring mitigation."
tesla_2024,AI,s-00116,"Our FSD Computer runs our neural networks in our vehicles, and we are also developing additional computer hardware to better enable the massive amounts of field data captured by our vehicles to continually train and improve these neural networks for real-world performance.",Risk Mitigation,Operational Process Controls,Post-deployment Monitoring,3,AI-flagged incorrectly,AI is incorrectly duplicating/double counting its own annotations,Duplication error.
tesla_2024,AI,s-00122,"We believe our capabilities and advancements in AI, including the deployment of Cortex, our training cluster at Gigafactory Texas, differentiates us from our competitors.",Risk,Competitive,Market Share Uncertainty,,,,"This is about their AI being a competitive advantage, not a stated market-share risk or uncertainty."
tesla_2024,AI,s-00123,"We are also applying our artificial intelligence learnings from self-driving technology to the field of robotics, such as through Optimus, a robotic humanoid in development, which is controlled by the same AI system.",Risk,"AI Safety (General, Broad)",-,,,,"This is about developing a robot, not a stated AI safety risk."
tesla_2024,AI,s-00123,"We are also applying our artificial intelligence learnings from self-driving technology to the field of robotics, such as through Optimus, a robotic humanoid in development, which is controlled by the same AI system.",Risk,Sociotechnical,Human-centered,,,,"This is about developing a robot, not a stated AI safety risk."
tesla_2024,AI,s-00123,"We are also applying our artificial intelligence learnings from self-driving technology to the field of robotics, such as through Optimus, a robotic humanoid in development, which is controlled by the same AI system.",Risk,Sociotechnical,Malicious Actors / Misuse,,,,"This is about developing a robot, not a stated AI safety risk."
tesla_2024,AI,s-00557,"In particular, Tesla’s products, business, results of operations, and statements and actions of Tesla and its management are subject to significant amounts of commentary by a range of third parties.",Risk,Reputational,Individual or Organizational Reputation,,,,"This is not AI related, this is about third-party commentary on Tesla and its management."
tesla_2024,AI,s-00621,"While we have implemented security measures intended to prevent unauthorized access to our information technology networks, our products and their systems, malicious entities have reportedly attempted, and may attempt in the future, to gain unauthorized access to modify, alter and use such networks, products and systems to gain control of, or to change, our products’ functionality, user interface and performance characteristics or to gain access to data stored in or generated by our products.",Risk,Sociotechnical,Privacy & Security,,,,"Based off of our conversation regarding whether cybersecurity actually counts when it's not AI related, I would not highlight this."
tesla_2024,AI,s-00622,"We encourage reporting of potential vulnerabilities in the security of our products through our security vulnerability reporting policy, and we aim to remedy any reported and verified vulnerability.",Risk Mitigation,Transparency,User Rights & Recourse,2,,,"Based off of our conversation regarding whether cybersecurity actually counts when it's not AI related, I would not highlight this."
tesla_2024,AI,s-00622,"We encourage reporting of potential vulnerabilities in the security of our products through our security vulnerability reporting policy, and we aim to remedy any reported and verified vulnerability.",Risk Mitigation,Operational Process Controls,"Incident Monitoring, Response, and Recovery",2,,,"Based off of our conversation regarding whether cybersecurity actually counts when it's not AI related, I would not highlight this."
tesla_2024,AI,s-00817,"We recognize the importance of assessing, identifying, and managing material risks associated with cybersecurity threats, as such term is defined in Item 106",Risk Mitigation,Governance & Oversight,Overall Risk Management & Governance Plan,2,,,"Based off of our conversation regarding whether cybersecurity actually counts when it's not AI related, I would not highlight this."
tesla_2024,AI,s-00820,Identifying and assessing cybersecurity risk is integrated into our overall risk management systems and processes.,Risk Mitigation,Governance & Oversight,Overall Risk Management & Governance Plan,3,,,"Based off of our conversation regarding whether cybersecurity actually counts when it's not AI related, I would not highlight this."
tesla_2024,AI,s-00821,"Cybersecurity risks related to our business, technical operations, privacy and compliance issues are identified and addressed through a multi-faceted approach including third party assessments, internal IT Audit, IT security, governance, risk and compliance reviews.",Risk Mitigation,Governance & Oversight,Overall Risk Management & Governance Plan,3,,,"Based off of our conversation regarding whether cybersecurity actually counts when it's not AI related, I would not highlight this."
tesla_2024,AI,s-00822,"To defend, detect and respond to cybersecurity incidents, we, among other things: conduct proactive privacy and cybersecurity reviews of systems and applications, audit applicable data policies, perform penetration testing using external third-party tools and techniques to test security controls, operate a bug bounty program to encourage proactive vulnerability reporting, conduct employee training, monitor emerging laws and regulations related to data protection and information security (including our consumer products) and implement appropriate changes.",Risk Mitigation,Operational Process Controls,Testing & Auditing,3,,,"Based off of our conversation regarding whether cybersecurity actually counts when it's not AI related, I would not highlight this."
tesla_2024,AI,s-00822,"To defend, detect and respond to cybersecurity incidents, we, among other things: conduct proactive privacy and cybersecurity reviews of systems and applications, audit applicable data policies, perform penetration testing using external third-party tools and techniques to test security controls, operate a bug bounty program to encourage proactive vulnerability reporting, conduct employee training, monitor emerging laws and regulations related to data protection and information security (including our consumer products) and implement appropriate changes.",Risk Mitigation,Operational Process Controls,"Incident Monitoring, Response, and Recovery",3,,,"Based off of our conversation regarding whether cybersecurity actually counts when it's not AI related, I would not highlight this."
tesla_2024,AI,s-00822,"To defend, detect and respond to cybersecurity incidents, we, among other things: conduct proactive privacy and cybersecurity reviews of systems and applications, audit applicable data policies, perform penetration testing using external third-party tools and techniques to test security controls, operate a bug bounty program to encourage proactive vulnerability reporting, conduct employee training, monitor emerging laws and regulations related to data protection and information security (including our consumer products) and implement appropriate changes.",Risk Mitigation,Governance & Oversight,Overall Risk Management & Governance Plan,3,,,"Based off of our conversation regarding whether cybersecurity actually counts when it's not AI related, I would not highlight this."
tesla_2024,AI,s-00823,"We have implemented incident response and breach management processes which have four overarching and interconnected stages: 1) preparation for a cybersecurity incident, 2) detection and analysis of a security incident, 3) containment, eradication and recovery, and 4) post-incident analysis.",Risk Mitigation,Operational Process Controls,"Incident Monitoring, Response, and Recovery",3,,,"Based off of our conversation regarding whether cybersecurity actually counts when it's not AI related, I would not highlight this."
tesla_2024,AI,s-00831,"Our risk management program also assesses third party risks, and we perform third-party risk management to identify and mitigate risks from third parties such as vendors, suppliers, and other business partners associated with our use of third-party service providers.",Risk Mitigation,Governance & Oversight,Overall Risk Management & Governance Plan,3,,,"Based off of our conversation regarding whether cybersecurity actually counts when it's not AI related, I would not highlight this."
tesla_2024,AI,s-00831,"Our risk management program also assesses third party risks, and we perform third-party risk management to identify and mitigate risks from third parties such as vendors, suppliers, and other business partners associated with our use of third-party service providers.",Risk Mitigation,Operational Process Controls,"Incident Monitoring, Response, and Recovery",3,,,"Based off of our conversation regarding whether cybersecurity actually counts when it's not AI related, I would not highlight this."
tesla_2024,AI,s-00832,"Cybersecurity risks are evaluated when determining the selection and oversight of applicable third-party service providers and potential fourth-party risks when handling and/or processing our employee, business or customer data.",Risk Mitigation,Governance & Oversight,Overall Risk Management & Governance Plan,3,,,"Based off of our conversation regarding whether cybersecurity actually counts when it's not AI related, I would not highlight this."
tesla_2024,AI,s-00827,We also conduct tabletop exercises to simulate responses to cybersecurity incidents.,Risk Mitigation,Operational Process Controls,Testing & Auditing,3,,,"Based off of our conversation regarding whether cybersecurity actually counts when it's not AI related, I would not highlight this."
tesla_2024,AI,s-00828,"Our team of cybersecurity professionals then collaborate with technical and business stakeholders across our business units to further analyze the risk to the company, and form detection, mitigation and remediation strategies.",Risk Mitigation,Operational Process Controls,"Incident Monitoring, Response, and Recovery",3,,,"Based off of our conversation regarding whether cybersecurity actually counts when it's not AI related, I would not highlight this."
tesla_2024,AI,s-00829,"As part of the above processes, we regularly engage external auditors and consultants to assess our internal cybersecurity programs and compliance with applicable practices and standards.",Risk Mitigation,Operational Process Controls,Testing & Auditing,3,,,"Based off of our conversation regarding whether cybersecurity actually counts when it's not AI related, I would not highlight this."
tesla_2024,AI,s-00834,"We describe whether and how risks from identified cybersecurity threats, including as a result of any previous cybersecurity incidents, have materially affected or are reasonably likely to materially affect us, including our business strategy, results of operations, or financial condition, under the heading “Our information technology systems or data, or those of our service providers or customers or users could be subject to cyber-attacks or other security incidents, which could result in data breaches, intellectual property theft, claims, litigation, regulatory investigations, significant liability, reputational damage and other adverse consequences” included as part of our risk factor disclosures at Item 1A of this Annual Report on Form 10-K.",Risk Mitigation,Transparency,System Documentation,3,,,"Based off of our conversation regarding whether cybersecurity actually counts when it's not AI related, I would not highlight this."
tesla_2024,AI,s-00837,Our Audit Committee is responsible for the oversight of risks from cybersecurity threats.,Risk Mitigation,Governance & Oversight,Board Structure & Oversight,2,,,"Based off of our conversation regarding whether cybersecurity actually counts when it's not AI related, I would not highlight this."
tesla_2024,AI,s-00838,"Members of the Audit Committee receive updates on a quarterly basis from senior management, including leaders from our Information Security, Product Security, Compliance and Legal teams regarding matters of cybersecurity.",Risk Mitigation,Governance & Oversight,Board Structure & Oversight,2,,,"Based off of our conversation regarding whether cybersecurity actually counts when it's not AI related, I would not highlight this."
tesla_2024,AI,s-00840,Our Board members also engage in ad hoc conversations with management on cybersecurity-related news events and discuss any updates to our cybersecurity risk management and strategy programs.,Risk Mitigation,Governance & Oversight,Board Structure & Oversight,2,,,"Based off of our conversation regarding whether cybersecurity actually counts when it's not AI related, I would not highlight this."
tesla_2024,AI,s-00841,"Our cybersecurity risk management and strategy processes are overseen by leaders from our Information Security, Product Security, Compliance and Legal teams.",Risk Mitigation,Governance & Oversight,Overall Risk Management & Governance Plan,2,,,"Based off of our conversation regarding whether cybersecurity actually counts when it's not AI related, I would not highlight this."
tesla_2024,AI,(unmatched),We are continuing to develop our self-driving vehicles using primarily vision-based technologies.,Risk Mitigation,Governance & Oversight,Overall Risk Management & Governance Plan,1,,,"This is about developing self-driving technology, not a responsible-AI mitigation. "
tesla_2024,AI,(unmatched),"We continue to develop our vehicles' capability and performance, there is no guarantee that any incremental changes in the specific software",Risk,"AI Safety (General, Broad)",-,,,,"This is about developing self-driving technology, not a responsible-AI mitigation. "