doc_id,cik,company,year,accession,no_ai_content,is_screening,archived,n_sentences,n_keyword_sentences,annotators,annotator_statuses,annotator_done_at,n_expected_annotators,filing_finalized,adjudication_done_at,legacy_sheet_url,n_tagged_sentences,n_agreed,n_disputed_open,n_resolved,n_resolved_to_none,n_comments
5,0000001800,ABBOTT LABORATORIES,2018,0001047469-18-000856,false,false,true,43,1,Naomi Ichiriu; Yesenia Garcia,Naomi Ichiriu=done; Yesenia Garcia=done,Naomi Ichiriu=2026-09-16T15:09:19.651910; Yesenia Garcia=2026-09-28T07:02:01.357152,2,true,2026-09-28T07:03:25.517282,,0,0,0,0,0,0
6,0000001800,ABBOTT LABORATORIES,2019,0001047469-19-000624,false,false,true,40,1,Naomi Ichiriu; Yesenia Garcia,Naomi Ichiriu=done; Yesenia Garcia=done,Naomi Ichiriu=2026-09-16T15:09:23.229765; Yesenia Garcia=2026-09-28T07:02:03.106121,2,true,2026-09-28T07:03:28.039625,,0,0,0,0,0,0
7,0000001800,ABBOTT LABORATORIES,2020,0001104659-20-023904,false,false,true,37,1,Naomi Ichiriu; Yesenia Garcia,Naomi Ichiriu=done; Yesenia Garcia=done,Naomi Ichiriu=2026-09-16T15:09:26.551527; Yesenia Garcia=2026-09-28T07:02:05.557895,2,true,2026-09-28T07:03:30.338576,,0,0,0,0,0,0
8,0000001800,ABBOTT LABORATORIES,2021,0001104659-21-025751,false,false,true,35,1,Naomi Ichiriu; Yesenia Garcia,Naomi Ichiriu=done; Yesenia Garcia=done,Naomi Ichiriu=2026-09-16T15:09:32.672028; Yesenia Garcia=2026-09-28T07:02:07.270747,2,true,2026-09-28T07:03:32.443932,,0,0,0,0,0,0
9,0000001800,ABBOTT LABORATORIES,2022,0001104659-22-025141,false,false,true,34,1,Naomi Ichiriu; Yesenia Garcia,Naomi Ichiriu=done; Yesenia Garcia=done,Naomi Ichiriu=2026-09-16T15:09:40.273818; Yesenia Garcia=2026-09-28T07:02:09.744326,2,true,2026-09-28T07:03:34.702223,,0,0,0,0,0,0
10,0000001800,ABBOTT LABORATORIES,2023,0001628280-23-004026,false,false,true,102,2,Naomi Ichiriu; Yesenia Garcia,Naomi Ichiriu=done; Yesenia Garcia=done,Naomi Ichiriu=2026-09-16T15:09:48.781409; Yesenia Garcia=2026-09-28T07:02:11.274575,2,true,2026-09-28T07:03:36.963051,,0,0,0,0,0,0
11,0000001800,ABBOTT LABORATORIES,2024,0001628280-24-005348,false,false,true,230,36,Naomi Ichiriu; Yesenia Garcia,Naomi Ichiriu=done; Yesenia Garcia=done,Naomi Ichiriu=2026-09-16T15:10:14.488164; Yesenia Garcia=2026-09-28T07:02:13.737609,2,true,2026-09-28T07:03:39.833368,,0,0,0,0,0,0
12,0000001800,ABBOTT LABORATORIES,2025,0001628280-25-007110,false,false,true,306,36,Naomi Ichiriu; Yesenia Garcia,Naomi Ichiriu=done; Yesenia Garcia=done,Naomi Ichiriu=2026-09-16T15:10:38.168570; Yesenia Garcia=2026-09-28T07:02:15.338221,2,true,2026-09-28T07:03:43.162726,,0,0,0,0,0,0
13,0000001800,ABBOTT LABORATORIES,2026,0001628280-26-010185,false,false,true,246,37,Naomi Ichiriu; Yesenia Garcia,Naomi Ichiriu=done; Yesenia Garcia=done,Naomi Ichiriu=2026-09-16T15:11:00.980299; Yesenia Garcia=2026-09-28T07:02:39.421784,2,true,2026-09-28T07:03:46.226139,,1,1,0,0,0,0
2787,0001467373,Accenture plc,2015,0001467373-15-000457,false,false,false,285,2,Akshitha Venkataraman; Yesenia Garcia,Akshitha Venkataraman=done; Yesenia Garcia=done,Akshitha Venkataraman=2026-08-17T15:56:13.188216; Yesenia Garcia=2026-08-24T08:08:11.750754,2,false,,,0,0,0,0,0,0
2788,0001467373,Accenture plc,2016,0001467373-16-001080,false,false,false,462,10,Akshitha Venkataraman; Yesenia Garcia,Akshitha Venkataraman=done; Yesenia Garcia=done,Akshitha Venkataraman=2026-08-17T15:56:10.744308; Yesenia Garcia=2026-08-24T08:32:01.304142,2,false,,,0,0,0,0,0,0
2790,0001467373,Accenture plc,2017,0001467373-17-000430,false,false,false,458,10,Akshitha Venkataraman; Yesenia Garcia,Akshitha Venkataraman=done; Yesenia Garcia=done,Akshitha Venkataraman=2026-08-17T15:56:06.287842; Yesenia Garcia=2026-08-24T08:32:16.428777,2,false,,,0,0,0,0,0,0
2789,0001467373,Accenture plc,2018,0001467373-18-000318,false,false,false,427,9,Akshitha Venkataraman; Yesenia Garcia,Akshitha Venkataraman=done; Yesenia Garcia=done,Akshitha Venkataraman=2026-08-17T15:56:08.705469; Yesenia Garcia=2026-08-24T08:32:37.032515,2,false,,,0,0,0,0,0,0
2791,0001467373,Accenture plc,2019,0001467373-19-000339,false,false,false,413,10,Akshitha Venkataraman; Yesenia Garcia,Akshitha Venkataraman=done; Yesenia Garcia=done,Akshitha Venkataraman=2026-08-17T15:55:35.804663; Yesenia Garcia=2026-08-24T08:32:53.529945,2,false,,,0,0,0,0,0,0
2792,0001467373,Accenture plc,2020,0001467373-20-000376,false,false,false,159,10,Akshitha Venkataraman; Yesenia Garcia,Akshitha Venkataraman=done; Yesenia Garcia=done,Akshitha Venkataraman=2026-08-17T16:15:25.816622; Yesenia Garcia=2026-08-24T08:33:14.687246,2,false,,,1,0,1,0,0,0
2793,0001467373,Accenture plc,2021,0001467373-21-000229,false,false,false,208,12,Akshitha Venkataraman; Yesenia Garcia,Akshitha Venkataraman=done; Yesenia Garcia=done,Akshitha Venkataraman=2026-08-17T16:15:01.884089; Yesenia Garcia=2026-08-24T08:33:29.866127,2,false,,,1,0,1,0,0,0
2794,0001467373,Accenture plc,2022,0001467373-22-000295,false,false,false,303,25,Akshitha Venkataraman; Yesenia Garcia,Akshitha Venkataraman=done; Yesenia Garcia=done,Akshitha Venkataraman=2026-08-17T16:14:20.754202; Yesenia Garcia=2026-08-24T08:34:00.372533,2,false,,,1,0,1,0,0,0
2795,0001467373,Accenture plc,2023,0001467373-23-000324,false,false,false,1097,119,Akshitha Venkataraman; Yesenia Garcia,Akshitha Venkataraman=done; Yesenia Garcia=in_progress,Akshitha Venkataraman=2026-08-17T16:13:49.550611; Yesenia Garcia=,2,false,,,9,0,9,0,0,0
2796,0001467373,Accenture plc,2024,0001467373-24-000278,false,false,false,1212,174,Akshitha Venkataraman; Yesenia Garcia,Akshitha Venkataraman=done; Yesenia Garcia=in_progress,Akshitha Venkataraman=2026-08-17T16:05:44.734700; Yesenia Garcia=,2,false,,,25,0,25,0,0,0
2797,0001467373,Accenture plc,2025,0001467373-25-000217,false,false,false,1502,234,Akshitha Venkataraman; Yesenia Garcia,Akshitha Venkataraman=done; Yesenia Garcia=in_progress,Akshitha Venkataraman=2026-08-17T16:23:05.770404; Yesenia Garcia=,2,false,,,25,0,25,0,0,0
24,0000002488,ADVANCED MICRO DEVICES INC,2015,0001193125-15-054362,false,false,false,179,5,Yesenia Garcia; Akshitha Venkataraman,Yesenia Garcia=done; Akshitha Venkataraman=done,Yesenia Garcia=2026-09-12T07:29:06.080145; Akshitha Venkataraman=2026-09-30T00:46:37.036224,2,false,,,0,0,0,0,0,0
14,0000002488,ADVANCED MICRO DEVICES INC,2016,0000002488-16-000111,false,false,false,209,3,Yesenia Garcia; Akshitha Venkataraman,Yesenia Garcia=done; Akshitha Venkataraman=done,Yesenia Garcia=2026-09-12T07:29:08.438761; Akshitha Venkataraman=2026-09-30T00:47:16.932668,2,false,,,0,0,0,0,0,0
15,0000002488,ADVANCED MICRO DEVICES INC,2017,0000002488-17-000043,false,false,false,209,3,Yesenia Garcia; Akshitha Venkataraman,Yesenia Garcia=done; Akshitha Venkataraman=done,Yesenia Garcia=2026-09-12T07:29:23.003872; Akshitha Venkataraman=2026-09-30T00:47:49.856226,2,false,,,0,0,0,0,0,0
16,0000002488,ADVANCED MICRO DEVICES INC,2018,0000002488-18-000042,false,false,false,187,7,Yesenia Garcia; Akshitha Venkataraman,Yesenia Garcia=done; Akshitha Venkataraman=done,Yesenia Garcia=2026-09-12T07:29:41.090106; Akshitha Venkataraman=2026-09-30T00:49:11.024934,2,false,,,0,0,0,0,0,0
17,0000002488,ADVANCED MICRO DEVICES INC,2019,0000002488-19-000011,false,false,false,173,8,Yesenia Garcia; Akshitha Venkataraman,Yesenia Garcia=done; Akshitha Venkataraman=done,Yesenia Garcia=2026-09-12T07:29:50.542687; Akshitha Venkataraman=2026-09-30T00:50:43.876286,2,false,,,0,0,0,0,0,0
18,0000002488,ADVANCED MICRO DEVICES INC,2020,0000002488-20-000008,false,false,false,3129,18,Yesenia Garcia; Akshitha Venkataraman,Yesenia Garcia=done; Akshitha Venkataraman=done,Yesenia Garcia=2026-09-12T07:29:56.038076; Akshitha Venkataraman=2026-09-30T05:27:52.666812,2,false,,,1,0,1,0,0,0
25,0000002488,ADVANCED MICRO DEVICES INC,2021,0001628280-21-001185,false,false,false,794,24,Yesenia Garcia; Akshitha Venkataraman,Yesenia Garcia=done; Akshitha Venkataraman=done,Yesenia Garcia=2026-09-12T07:30:21.769073; Akshitha Venkataraman=2026-10-01T19:45:25.176035,2,false,,,4,0,1,0,0,0
19,0000002488,ADVANCED MICRO DEVICES INC,2022,0000002488-22-000016,false,false,false,2719,29,Yesenia Garcia; Akshitha Venkataraman,Yesenia Garcia=done; Akshitha Venkataraman=done,Yesenia Garcia=2026-09-12T07:30:47.076405; Akshitha Venkataraman=2026-10-01T19:50:57.101044,2,false,,,4,0,1,0,0,0
20,0000002488,ADVANCED MICRO DEVICES INC,2023,0000002488-23-000047,false,false,false,3669,63,Yesenia Garcia,Yesenia Garcia=done,Yesenia Garcia=2026-09-12T07:31:43.846549,2,false,,,0,0,0,0,0,0
21,0000002488,ADVANCED MICRO DEVICES INC,2024,0000002488-24-000012,false,false,false,3098,141,Yesenia Garcia,Yesenia Garcia=in_progress,Yesenia Garcia=,2,false,,,0,0,0,0,0,0
22,0000002488,ADVANCED MICRO DEVICES INC,2025,0000002488-25-000012,false,false,false,3797,176,Yesenia Garcia,Yesenia Garcia=in_progress,Yesenia Garcia=,2,false,,,0,0,0,0,0,0
23,0000002488,ADVANCED MICRO DEVICES INC,2026,0000002488-26-000018,false,false,false,4922,217,Yesenia Garcia,Yesenia Garcia=in_progress,Yesenia Garcia=,2,false,,,0,0,0,0,0,0
2801,0000874761,AES CORP,2021,0000874761-21-000015,false,false,true,44,1,Naomi Ichiriu; Yesenia Garcia,Naomi Ichiriu=done; Yesenia Garcia=done,Naomi Ichiriu=2026-08-17T23:39:52.936034; Yesenia Garcia=2026-09-06T01:30:39.728885,2,true,2026-09-07T16:19:31.009385,,0,0,0,0,0,0
2802,0000874761,AES CORP,2022,0000874761-22-000022,false,false,true,47,1,Naomi Ichiriu; Yesenia Garcia,Naomi Ichiriu=done; Yesenia Garcia=done,Naomi Ichiriu=2026-08-17T23:40:01.019561; Yesenia Garcia=2026-09-06T01:30:41.971665,2,true,2026-09-07T16:19:25.826746,,0,0,0,0,0,0
2804,0000874761,AES CORP,2023,0000874761-23-000010,false,false,true,2101,175,Naomi Ichiriu; Yesenia Garcia,Naomi Ichiriu=done; Yesenia Garcia=done,Naomi Ichiriu=2026-08-19T20:06:49.236005; Yesenia Garcia=2026-09-12T01:10:03.679041,2,true,2026-09-14T14:48:42.402807,,0,0,0,0,0,0
2806,0000874761,AES CORP,2024,0000874761-24-000011,false,false,true,2034,152,Naomi Ichiriu; Yesenia Garcia,Naomi Ichiriu=done; Yesenia Garcia=done,Naomi Ichiriu=2026-08-19T20:06:36.949332; Yesenia Garcia=2026-09-12T03:42:47.011802,2,true,2026-09-14T14:48:38.866873,,0,0,0,0,0,0
2807,0000874761,AES CORP,2025,0000874761-25-000013,false,false,true,1911,153,Naomi Ichiriu; Yesenia Garcia,Naomi Ichiriu=done; Yesenia Garcia=done,Naomi Ichiriu=2026-08-22T16:28:45.481854; Yesenia Garcia=2026-09-12T03:43:19.989295,2,true,2026-09-14T14:48:34.104356,,0,0,0,0,0,0
2808,0000874761,AES CORP,2026,0000874761-26-000063,false,false,true,2171,161,Naomi Ichiriu; Yesenia Garcia,Naomi Ichiriu=done; Yesenia Garcia=done,Naomi Ichiriu=2026-08-22T16:29:41.107802; Yesenia Garcia=2026-09-12T03:44:09.266067,2,true,2026-09-14T14:48:36.545905,,0,0,0,0,0,0
88,0000004977,AFLAC INC,2019,0000004977-19-000049,false,false,false,55,6,Joseline Viveros; Alexa Bishop,Joseline Viveros=done; Alexa Bishop=done,Joseline Viveros=2026-09-27T05:44:35.276879; Alexa Bishop=2026-09-27T20:13:32.290622,2,true,2026-09-30T23:29:10.227184,,0,0,0,0,0,0
89,0000004977,AFLAC INC,2020,0000004977-20-000044,false,false,false,181,9,Joseline Viveros; Alexa Bishop,Joseline Viveros=done; Alexa Bishop=done,Joseline Viveros=2026-09-27T05:45:02.634330; Alexa Bishop=2026-09-27T20:14:13.294710,2,true,2026-09-30T23:29:33.257965,,0,0,0,0,0,0
90,0000004977,AFLAC INC,2021,0000004977-21-000047,false,false,false,173,12,Joseline Viveros; Alexa Bishop,Joseline Viveros=done; Alexa Bishop=done,Joseline Viveros=2026-09-27T05:45:26.220599; Alexa Bishop=2026-09-27T20:15:04.885008,2,true,2026-09-30T23:29:46.804284,,0,0,0,0,0,0
91,0000004977,AFLAC INC,2022,0000004977-22-000058,false,false,false,176,9,Joseline Viveros; Alexa Bishop,Joseline Viveros=done; Alexa Bishop=done,Joseline Viveros=2026-09-27T05:45:57.582716; Alexa Bishop=2026-09-27T20:15:49.889363,2,true,2026-09-30T23:29:58.712719,,0,0,0,0,0,0
92,0000004977,AFLAC INC,2023,0000004977-23-000055,false,false,false,235,11,Joseline Viveros; Alexa Bishop,Joseline Viveros=done; Alexa Bishop=done,Joseline Viveros=2026-09-27T05:46:25.761180; Alexa Bishop=2026-09-27T20:19:34.159388,2,true,2026-09-30T23:30:11.036586,,0,0,0,0,0,0
93,0000004977,AFLAC INC,2024,0000004977-24-000053,false,false,false,238,22,Joseline Viveros; Alexa Bishop,Joseline Viveros=done; Alexa Bishop=done,Joseline Viveros=2026-09-27T05:48:50.594785; Alexa Bishop=2026-09-27T20:23:46.495008,2,true,2026-09-30T23:30:25.599732,,3,3,0,0,0,0
94,0000004977,AFLAC INC,2025,0000004977-25-000047,false,false,false,234,25,Joseline Viveros; Alexa Bishop,Joseline Viveros=done; Alexa Bishop=done,Joseline Viveros=2026-09-27T05:49:57.362339; Alexa Bishop=2026-09-27T20:25:25.769985,2,true,2026-09-30T23:30:41.874569,,3,3,0,0,0,0
95,0000004977,AFLAC INC,2026,0001628280-26-011402,false,false,false,410,35,Joseline Viveros; Alexa Bishop,Joseline Viveros=done; Alexa Bishop=done,Joseline Viveros=2026-09-27T05:51:19.730226; Alexa Bishop=2026-09-27T20:29:39.986364,2,true,2026-09-30T23:31:03.081371,,4,4,0,0,0,0
2805,0001090872,"AGILENT TECHNOLOGIES, INC.",2019,0001090872-19-000022,false,false,false,88,2,Naomi Ichiriu,Naomi Ichiriu=done,Naomi Ichiriu=2026-08-17T23:32:29.276155,2,false,,,0,0,0,0,0,0
2809,0001090872,"AGILENT TECHNOLOGIES, INC.",2020,0001090872-20-000020,false,false,false,82,2,Naomi Ichiriu,Naomi Ichiriu=done,Naomi Ichiriu=2026-08-17T23:32:27.188908,2,false,,,0,0,0,0,0,0
2810,0001090872,"AGILENT TECHNOLOGIES, INC.",2021,0001090872-21-000027,false,false,false,82,2,Naomi Ichiriu,Naomi Ichiriu=done,Naomi Ichiriu=2026-08-17T23:33:05.442628,2,false,,,0,0,0,0,0,0
2811,0001090872,"AGILENT TECHNOLOGIES, INC.",2022,0001090872-22-000026,false,false,false,534,5,Naomi Ichiriu,Naomi Ichiriu=done,Naomi Ichiriu=2026-08-21T22:12:03.839919,2,false,,,0,0,0,0,0,0
2815,0001090872,"AGILENT TECHNOLOGIES, INC.",2023,0001090872-23-000020,false,false,false,311,4,Naomi Ichiriu,Naomi Ichiriu=done,Naomi Ichiriu=2026-08-21T22:12:17.041187,2,false,,,0,0,0,0,0,0
2816,0001090872,"AGILENT TECHNOLOGIES, INC.",2024,0001090872-24-000049,false,false,false,278,69,Naomi Ichiriu,Naomi Ichiriu=done,Naomi Ichiriu=2026-08-21T22:25:32.307831,2,false,,,14,14,0,0,0,0
2817,0001090872,"AGILENT TECHNOLOGIES, INC.",2025,0001090872-25-000087,false,false,false,209,67,Naomi Ichiriu,Naomi Ichiriu=done,Naomi Ichiriu=2026-08-21T22:25:29.320057,2,false,,,15,15,0,0,0,0
36,0000002969,"Air Products & Chemicals, Inc.",2016,0001193125-16-773346,false,false,false,49,1,,,,0,false,,,0,0,0,0,0,0
26,0000002969,"Air Products & Chemicals, Inc.",2017,0000002969-17-000039,false,false,false,55,1,,,,0,false,,,0,0,0,0,0,0
27,0000002969,"Air Products & Chemicals, Inc.",2018,0000002969-18-000044,false,false,false,58,1,,,,0,false,,,0,0,0,0,0,0
28,0000002969,"Air Products & Chemicals, Inc.",2019,0000002969-19-000051,false,false,false,66,1,,,,0,false,,,0,0,0,0,0,0
29,0000002969,"Air Products & Chemicals, Inc.",2020,0000002969-20-000049,false,false,false,73,1,,,,0,false,,,0,0,0,0,0,0
30,0000002969,"Air Products & Chemicals, Inc.",2021,0000002969-21-000055,false,false,false,77,1,,,,0,false,,,0,0,0,0,0,0
31,0000002969,"Air Products & Chemicals, Inc.",2022,0000002969-22-000054,false,false,false,81,1,,,,0,false,,,0,0,0,0,0,0
32,0000002969,"Air Products & Chemicals, Inc.",2023,0000002969-23-000047,false,false,false,87,1,,,,0,false,,,0,0,0,0,0,0
33,0000002969,"Air Products & Chemicals, Inc.",2024,0000002969-24-000056,false,false,false,174,29,,,,0,false,,,0,0,0,0,0,0
34,0000002969,"Air Products & Chemicals, Inc.",2025,0000002969-25-000055,false,false,false,208,33,,,,0,false,,,0,0,0,0,0,0
3858,0001086222,AKAMAI TECHNOLOGIES INC,2015,0001086222-15-000066,false,false,false,492,9,Yesenia Garcia; Akshitha Venkataraman,Yesenia Garcia=done; Akshitha Venkataraman=done,Yesenia Garcia=2026-09-12T07:03:35.340968; Akshitha Venkataraman=2026-09-30T00:51:55.886043,2,false,,,0,0,0,0,0,0
3859,0001086222,AKAMAI TECHNOLOGIES INC,2016,0001086222-16-000245,false,false,false,412,9,Yesenia Garcia,Yesenia Garcia=done,Yesenia Garcia=2026-09-12T07:03:55.664571,2,false,,,0,0,0,0,0,0
3860,0001086222,AKAMAI TECHNOLOGIES INC,2017,0001086222-17-000080,false,false,false,436,8,Yesenia Garcia,Yesenia Garcia=done,Yesenia Garcia=2026-09-12T07:04:15.109457,2,false,,,0,0,0,0,0,0
3861,0001086222,AKAMAI TECHNOLOGIES INC,2018,0001086222-18-000052,false,false,false,208,8,Yesenia Garcia,Yesenia Garcia=done,Yesenia Garcia=2026-09-12T07:04:46.740103,2,false,,,0,0,0,0,0,0
3862,0001086222,AKAMAI TECHNOLOGIES INC,2019,0001086222-19-000066,false,false,false,121,3,Yesenia Garcia,Yesenia Garcia=done,Yesenia Garcia=2026-09-12T07:05:12.081251,2,false,,,0,0,0,0,0,0
3863,0001086222,AKAMAI TECHNOLOGIES INC,2020,0001086222-20-000045,false,false,false,215,4,Yesenia Garcia,Yesenia Garcia=done,Yesenia Garcia=2026-09-12T07:05:33.906633,2,false,,,0,0,0,0,0,0
3864,0001086222,AKAMAI TECHNOLOGIES INC,2021,0001086222-21-000075,false,false,false,161,3,Yesenia Garcia,Yesenia Garcia=done,Yesenia Garcia=2026-09-12T07:05:55.492542,2,false,,,0,0,0,0,0,0
3865,0001086222,AKAMAI TECHNOLOGIES INC,2022,0001086222-22-000058,false,false,false,208,6,Yesenia Garcia,Yesenia Garcia=done,Yesenia Garcia=2026-09-12T07:06:16.741605,2,false,,,0,0,0,0,0,0
3866,0001086222,AKAMAI TECHNOLOGIES INC,2023,0001086222-23-000078,false,false,false,196,7,Yesenia Garcia,Yesenia Garcia=done,Yesenia Garcia=2026-09-12T07:06:42.576660,2,false,,,0,0,0,0,0,0
3867,0001086222,AKAMAI TECHNOLOGIES INC,2024,0001086222-24-000040,false,false,false,427,30,Yesenia Garcia,Yesenia Garcia=done,Yesenia Garcia=2026-09-12T07:08:32.268082,2,false,,,2,2,0,0,0,0
3868,0001086222,AKAMAI TECHNOLOGIES INC,2025,0001086222-25-000028,false,false,false,850,197,Yesenia Garcia,Yesenia Garcia=in_progress,Yesenia Garcia=,2,false,,,0,0,0,0,0,0
2542,0000915913,ALBEMARLE CORP,2015,0000915913-15-000009,false,false,false,86,1,Naomi Ichiriu,Naomi Ichiriu=done,Naomi Ichiriu=2026-08-11T07:34:15.846603,2,false,,,0,0,0,0,0,0
2543,0000915913,ALBEMARLE CORP,2016,0000915913-16-000041,false,false,false,86,1,Naomi Ichiriu,Naomi Ichiriu=done,Naomi Ichiriu=2026-08-11T07:34:25.299550,2,false,,,0,0,0,0,0,0
2545,0000915913,ALBEMARLE CORP,2017,0000915913-17-000010,false,false,false,133,3,Naomi Ichiriu,Naomi Ichiriu=done,Naomi Ichiriu=2026-08-12T12:35:36.946567,2,false,,,0,0,0,0,0,0
2546,0000915913,ALBEMARLE CORP,2018,0000915913-18-000005,false,false,false,111,3,Naomi Ichiriu,Naomi Ichiriu=done,Naomi Ichiriu=2026-08-12T12:37:04.886485,2,false,,,0,0,0,0,0,0
2547,0000915913,ALBEMARLE CORP,2019,0000915913-19-000021,false,false,false,112,3,Naomi Ichiriu,Naomi Ichiriu=done,Naomi Ichiriu=2026-08-12T12:37:49.851635,2,false,,,0,0,0,0,0,0
2548,0000915913,ALBEMARLE CORP,2020,0000915913-20-000040,false,false,false,117,3,Naomi Ichiriu,Naomi Ichiriu=done,Naomi Ichiriu=2026-08-12T12:38:10.745098,2,false,,,0,0,0,0,0,0
2549,0000915913,ALBEMARLE CORP,2021,0000915913-21-000018,false,false,false,93,3,Naomi Ichiriu,Naomi Ichiriu=done,Naomi Ichiriu=2026-08-12T12:38:23.755351,2,false,,,0,0,0,0,0,0
2681,0000915913,ALBEMARLE CORP,2022,0000915913-22-000027,false,false,false,93,3,Naomi Ichiriu,Naomi Ichiriu=done,Naomi Ichiriu=2026-08-13T12:43:09.832136,2,false,,,0,0,0,0,0,0
2682,0000915913,ALBEMARLE CORP,2023,0000915913-23-000039,false,false,false,124,4,Naomi Ichiriu,Naomi Ichiriu=done,Naomi Ichiriu=2026-08-13T12:43:23.198983,2,false,,,0,0,0,0,0,0
2693,0000915913,ALBEMARLE CORP,2024,0000915913-24-000016,false,false,false,233,24,Naomi Ichiriu,Naomi Ichiriu=done,Naomi Ichiriu=2026-08-15T09:39:23.166096,2,false,,,0,0,0,0,0,0
2683,0000915913,ALBEMARLE CORP,2025,0000915913-25-000026,false,false,false,237,26,Naomi Ichiriu,Naomi Ichiriu=done,Naomi Ichiriu=2026-08-13T12:44:49.112802,2,false,,,0,0,0,0,0,0
2684,0000915913,ALBEMARLE CORP,2026,0000915913-26-000018,false,false,false,1272,246,Naomi Ichiriu,Naomi Ichiriu=done,Naomi Ichiriu=2026-08-13T12:48:16.714473,2,false,,,13,13,0,0,0,0
4012,0001035443,"ALEXANDRIA REAL ESTATE EQUITIES, INC.",2018,0001035443-18-000028,false,false,true,31,2,Amali Oakley; Joseline Viveros,Amali Oakley=done; Joseline Viveros=done,Amali Oakley=2026-09-15T21:27:47.149341; Joseline Viveros=2026-09-19T21:58:13.409601,2,true,2026-09-22T03:30:18.207239,,0,0,0,0,0,0
4015,0001035443,"ALEXANDRIA REAL ESTATE EQUITIES, INC.",2021,0001035443-21-000044,false,false,true,58,3,Amali Oakley; Joseline Viveros,Amali Oakley=done; Joseline Viveros=done,Amali Oakley=2026-09-15T21:28:46.500216; Joseline Viveros=2026-09-19T21:58:49.447052,2,true,2026-09-22T03:30:35.192838,,0,0,0,0,0,0
4016,0001035443,"ALEXANDRIA REAL ESTATE EQUITIES, INC.",2022,0001035443-22-000040,false,false,true,69,7,Amali Oakley; Joseline Viveros,Amali Oakley=done; Joseline Viveros=done,Amali Oakley=2026-09-15T21:29:41.004991; Joseline Viveros=2026-09-19T21:59:11.061180,2,true,2026-09-22T03:30:48.720627,,0,0,0,0,0,0
4017,0001035443,"ALEXANDRIA REAL ESTATE EQUITIES, INC.",2023,0001035443-23-000099,false,false,true,172,9,Amali Oakley; Joseline Viveros,Amali Oakley=done; Joseline Viveros=done,Amali Oakley=2026-09-15T21:30:10.597154; Joseline Viveros=2026-09-19T21:59:47.909930,2,true,2026-09-22T03:31:32.084487,,0,0,0,0,0,0
4018,0001035443,"ALEXANDRIA REAL ESTATE EQUITIES, INC.",2024,0001035443-24-000072,false,false,true,294,37,Amali Oakley; Joseline Viveros,Amali Oakley=done; Joseline Viveros=done,Amali Oakley=2026-09-22T03:56:27.829667; Joseline Viveros=2026-09-21T05:03:02.492761,2,true,2026-09-22T21:47:11.300540,,3,1,0,2,0,4
4019,0001035443,"ALEXANDRIA REAL ESTATE EQUITIES, INC.",2025,0001035443-25-000067,false,false,true,925,140,Amali Oakley; Joseline Viveros,Amali Oakley=done; Joseline Viveros=done,Amali Oakley=2026-09-22T05:01:09.666071; Joseline Viveros=2026-09-21T05:13:41.780157,2,true,2026-09-26T05:05:58.848232,,14,0,0,7,0,15
4020,0001035443,"ALEXANDRIA REAL ESTATE EQUITIES, INC.",2026,0001035443-26-000013,false,false,true,942,146,Amali Oakley; Joseline Viveros,Amali Oakley=done; Joseline Viveros=done,Amali Oakley=2026-09-22T05:11:30.403782; Joseline Viveros=2026-09-21T05:21:06.246072,2,true,2026-09-26T21:40:58.353063,,22,0,0,11,0,26
2496,0001097149,ALIGN TECHNOLOGY INC,2019,0001097149-19-000009,false,false,false,41,1,Akshitha Venkataraman; Yesenia Garcia,Akshitha Venkataraman=done; Yesenia Garcia=done,Akshitha Venkataraman=2026-08-10T03:37:55.245698; Yesenia Garcia=2026-08-10T08:25:43.534516,2,true,2026-08-14T03:38:56.957113,,0,0,0,0,0,0
2497,0001097149,ALIGN TECHNOLOGY INC,2020,0001097149-20-000008,false,false,false,185,2,Akshitha Venkataraman; Yesenia Garcia,Akshitha Venkataraman=done; Yesenia Garcia=done,Akshitha Venkataraman=2026-08-10T03:43:07.135514; Yesenia Garcia=2026-08-10T08:26:21.152306,2,true,2026-08-14T03:40:08.088601,,0,0,0,0,0,0
2498,0001097149,ALIGN TECHNOLOGY INC,2021,0001097149-21-000007,false,false,false,210,4,Akshitha Venkataraman; Yesenia Garcia,Akshitha Venkataraman=done; Yesenia Garcia=done,Akshitha Venkataraman=2026-08-10T03:43:41.968755; Yesenia Garcia=2026-08-10T08:26:25.421262,2,true,2026-08-14T03:40:20.487778,,0,0,0,0,0,0
2499,0001097149,ALIGN TECHNOLOGY INC,2022,0001097149-22-000011,false,false,false,232,8,Akshitha Venkataraman; Yesenia Garcia,Akshitha Venkataraman=done; Yesenia Garcia=done,Akshitha Venkataraman=2026-08-10T03:48:59.420415; Yesenia Garcia=2026-08-10T08:26:34.737817,2,true,2026-08-14T03:40:31.600586,,0,0,0,0,0,0
2500,0001097149,ALIGN TECHNOLOGY INC,2023,0001097149-23-000013,false,false,false,807,96,Akshitha Venkataraman; Yesenia Garcia,Akshitha Venkataraman=done; Yesenia Garcia=done,Akshitha Venkataraman=2026-08-10T03:52:34.059391; Yesenia Garcia=2026-08-10T08:27:08.116096,2,false,,,1,0,1,0,0,1
2501,0001097149,ALIGN TECHNOLOGY INC,2024,0001097149-24-000011,false,false,false,606,212,Akshitha Venkataraman; Yesenia Garcia,Akshitha Venkataraman=done; Yesenia Garcia=done,Akshitha Venkataraman=2026-08-10T06:12:29.129900; Yesenia Garcia=2026-08-10T08:39:15.367142,2,false,,,11,5,5,1,0,6
2503,0001097149,ALIGN TECHNOLOGY INC,2025,0001097149-25-000012,false,false,false,878,284,Akshitha Venkataraman; Yesenia Garcia,Akshitha Venkataraman=done; Yesenia Garcia=done,Akshitha Venkataraman=2026-08-10T06:34:49.878485; Yesenia Garcia=2026-08-10T08:45:47.733172,2,false,,,13,5,4,4,0,8
2504,0001097149,ALIGN TECHNOLOGY INC,2026,0001097149-26-000014,false,false,false,933,295,Akshitha Venkataraman; Yesenia Garcia,Akshitha Venkataraman=done; Yesenia Garcia=done,Akshitha Venkataraman=2026-08-10T06:41:15.578396; Yesenia Garcia=2026-08-10T09:03:51.249252,2,false,,,22,9,13,0,0,0
4263,0001579241,Allegion plc,2017,0001579241-17-000009,false,false,false,48,3,Amali Oakley; Alexa Bishop,Amali Oakley=done; Alexa Bishop=done,Amali Oakley=2026-09-24T04:25:38.097882; Alexa Bishop=2026-09-28T17:55:13.377017,2,true,2026-09-28T20:22:50.471625,,0,0,0,0,0,0
4264,0001579241,Allegion plc,2018,0001579241-18-000007,false,false,false,43,2,Amali Oakley; Alexa Bishop,Amali Oakley=done; Alexa Bishop=done,Amali Oakley=2026-09-24T04:25:55.427476; Alexa Bishop=2026-09-28T17:55:30.675768,2,true,2026-09-28T20:23:11.122820,,0,0,0,0,0,0
4265,0001579241,Allegion plc,2019,0001579241-19-000006,false,false,false,44,2,Amali Oakley; Alexa Bishop,Amali Oakley=done; Alexa Bishop=done,Amali Oakley=2026-09-24T04:26:14.967048; Alexa Bishop=2026-09-28T17:55:52.468219,2,true,2026-09-28T20:23:29.448811,,0,0,0,0,0,0
4266,0001579241,Allegion plc,2020,0001579241-20-000013,false,false,false,68,3,Amali Oakley; Alexa Bishop,Amali Oakley=done; Alexa Bishop=done,Amali Oakley=2026-09-24T04:26:35.785365; Alexa Bishop=2026-09-28T17:56:20.359749,2,true,2026-09-28T20:23:47.471183,,0,0,0,0,0,0
4267,0001579241,Allegion plc,2021,0001579241-21-000020,false,false,false,182,4,Amali Oakley; Alexa Bishop,Amali Oakley=done; Alexa Bishop=done,Amali Oakley=2026-09-24T04:27:04.566993; Alexa Bishop=2026-09-28T17:57:03.259421,2,true,2026-09-28T20:23:58.470054,,0,0,0,0,0,0
4268,0001579241,Allegion plc,2022,0001579241-22-000019,false,false,false,257,7,Amali Oakley; Alexa Bishop,Amali Oakley=done; Alexa Bishop=done,Amali Oakley=2026-09-24T04:27:51.340891; Alexa Bishop=2026-09-28T17:58:10.424427,2,true,2026-09-28T20:24:10.501450,,0,0,0,0,0,0
4269,0001579241,Allegion plc,2023,0001579241-23-000006,false,false,false,211,10,Amali Oakley; Alexa Bishop,Amali Oakley=done; Alexa Bishop=done,Amali Oakley=2026-09-24T04:28:37.217177; Alexa Bishop=2026-09-28T17:58:58.594893,2,true,2026-09-28T20:24:21.148232,,0,0,0,0,0,0
4270,0001579241,Allegion plc,2024,0001579241-24-000006,false,false,false,378,55,Amali Oakley; Alexa Bishop,Amali Oakley=done; Alexa Bishop=done,Amali Oakley=2026-09-24T04:30:24.787608; Alexa Bishop=2026-09-28T18:03:54.892307,2,true,2026-09-28T20:24:32.930903,,1,1,0,0,0,0
4271,0001579241,Allegion plc,2025,0001579241-25-000008,false,false,false,351,42,Amali Oakley; Alexa Bishop,Amali Oakley=done; Alexa Bishop=done,Amali Oakley=2026-09-24T04:32:25.049635; Alexa Bishop=2026-09-28T18:06:02.574866,2,true,2026-09-28T20:24:45.657916,,1,1,0,0,0,0
4272,0001579241,Allegion plc,2026,0001579241-26-000007,false,false,false,358,105,Amali Oakley; Alexa Bishop,Amali Oakley=done; Alexa Bishop=done,Amali Oakley=2026-09-24T04:34:41.970418; Alexa Bishop=2026-09-28T18:14:47.255215,2,true,2026-10-01T04:20:44.758605,,10,4,0,6,1,8
1966,0000352541,ALLIANT ENERGY CORP,2024,0000352541-24-000014,false,false,true,369,28,Naomi Ichiriu; Yesenia Garcia,Naomi Ichiriu=done; Yesenia Garcia=done,Naomi Ichiriu=2026-07-21T04:05:20.379526; Yesenia Garcia=2026-08-10T00:20:14.871440,2,true,2026-08-10T03:46:45.308283,,1,1,0,0,0,0
1967,0000352541,ALLIANT ENERGY CORP,2025,0000352541-25-000014,false,false,true,631,29,Naomi Ichiriu; Yesenia Garcia,Naomi Ichiriu=done; Yesenia Garcia=done,Naomi Ichiriu=2026-07-21T04:09:39.933398; Yesenia Garcia=2026-08-10T00:20:42.313880,2,true,2026-08-10T03:46:41.169895,,1,1,0,0,0,0
1956,0000352541,ALLIANT ENERGY CORP,2026,0000352541-26-000007,false,false,true,1572,50,Yesenia Garcia; Naomi Ichiriu,Yesenia Garcia=done; Naomi Ichiriu=done,Yesenia Garcia=2026-08-10T00:21:04.361199; Naomi Ichiriu=2026-08-10T03:46:29.025837,2,true,2026-08-10T03:46:34.563965,,1,1,0,0,0,0
4049,0000899051,ALLSTATE CORP,2016,0000899051-16-000040,false,false,false,41,1,Naomi Ichiriu,Naomi Ichiriu=done,Naomi Ichiriu=2026-09-19T17:09:42.626642,2,false,,,0,0,0,0,0,0
4048,0000899051,ALLSTATE CORP,2017,0000899051-17-000005,false,false,false,6082,7,Naomi Ichiriu,Naomi Ichiriu=done,Naomi Ichiriu=2026-09-19T17:09:40.862680,2,false,,,0,0,0,0,0,0
4047,0000899051,ALLSTATE CORP,2018,0000899051-18-000007,false,false,false,272,8,Naomi Ichiriu,Naomi Ichiriu=done,Naomi Ichiriu=2026-09-19T17:09:37.732057,2,false,,,0,0,0,0,0,0
4046,0000899051,ALLSTATE CORP,2019,0000899051-19-000007,false,false,false,458,14,Naomi Ichiriu,Naomi Ichiriu=done,Naomi Ichiriu=2026-09-19T17:08:34.284677,2,false,,,0,0,0,0,0,0
4045,0000899051,ALLSTATE CORP,2020,0000899051-20-000013,false,false,false,431,10,Naomi Ichiriu,Naomi Ichiriu=done,Naomi Ichiriu=2026-09-19T17:08:40.749485,2,false,,,0,0,0,0,0,0
4044,0000899051,ALLSTATE CORP,2021,0000899051-21-000011,false,false,false,565,12,Naomi Ichiriu,Naomi Ichiriu=done,Naomi Ichiriu=2026-09-19T17:08:55.865260,2,false,,,0,0,0,0,0,0
4042,0000899051,ALLSTATE CORP,2022,0000899051-22-000015,false,false,false,380,11,Naomi Ichiriu,Naomi Ichiriu=done,Naomi Ichiriu=2026-09-19T17:09:33.587025,2,false,,,0,0,0,0,0,0
4043,0000899051,ALLSTATE CORP,2023,0000899051-23-000020,false,false,false,739,17,Naomi Ichiriu,Naomi Ichiriu=done,Naomi Ichiriu=2026-09-19T17:09:31.027731,2,false,,,2,1,0,0,0,0
4041,0000899051,ALLSTATE CORP,2024,0000899051-24-000013,false,false,false,947,32,Naomi Ichiriu,Naomi Ichiriu=done,Naomi Ichiriu=2026-09-21T03:52:19.471417,2,false,,,1,1,0,0,0,0
4040,0000899051,ALLSTATE CORP,2025,0000899051-25-000015,false,false,false,1017,43,Naomi Ichiriu,Naomi Ichiriu=done,Naomi Ichiriu=2026-09-21T04:04:25.784993,2,false,,,6,6,0,0,0,0
4039,0000899051,ALLSTATE CORP,2026,0000899051-26-000031,false,false,false,773,43,Naomi Ichiriu,Naomi Ichiriu=done,Naomi Ichiriu=2026-09-21T04:09:02.150068,2,false,,,5,4,0,0,0,0
4067,0001652044,Alphabet Inc.,2016,0001652044-16-000012,false,false,false,1063,9,Naomi Ichiriu; Akshitha Venkataraman,Naomi Ichiriu=done; Akshitha Venkataraman=done,Naomi Ichiriu=2026-09-18T05:27:34.976356; Akshitha Venkataraman=2026-09-30T00:35:43.824578,2,true,2026-09-30T00:35:51.137564,,0,0,0,0,0,0
4068,0001652044,Alphabet Inc.,2017,0001652044-17-000008,false,false,false,1352,28,Naomi Ichiriu,Naomi Ichiriu=done,Naomi Ichiriu=2026-09-21T04:11:09.804053,2,false,,,0,0,0,0,0,0
4069,0001652044,Alphabet Inc.,2018,0001652044-18-000007,false,false,false,1609,31,Naomi Ichiriu,Naomi Ichiriu=done,Naomi Ichiriu=2026-09-21T04:11:45.038236,2,false,,,0,0,0,0,0,0
4070,0001652044,Alphabet Inc.,2019,0001652044-19-000004,false,false,false,1797,33,Naomi Ichiriu,Naomi Ichiriu=done,Naomi Ichiriu=2026-09-21T04:12:35.328005,2,false,,,0,0,0,0,0,0
4071,0001652044,Alphabet Inc.,2020,0001652044-20-000008,false,false,false,1775,40,Naomi Ichiriu,Naomi Ichiriu=done,Naomi Ichiriu=2026-09-21T04:14:40.333641,2,false,,,1,1,0,0,0,0
4072,0001652044,Alphabet Inc.,2021,0001652044-21-000010,false,false,false,1659,48,Naomi Ichiriu,Naomi Ichiriu=done,Naomi Ichiriu=2026-09-21T04:16:11.395775,2,false,,,1,1,0,0,0,0
4073,0001652044,Alphabet Inc.,2022,0001652044-22-000019,false,false,false,529,66,Naomi Ichiriu,Naomi Ichiriu=done,Naomi Ichiriu=2026-09-21T04:16:55.143959,2,false,,,1,1,0,0,0,0
4074,0001652044,Alphabet Inc.,2023,0001652044-23-000016,false,false,false,819,111,Naomi Ichiriu,Naomi Ichiriu=in_progress,Naomi Ichiriu=,2,false,,,0,0,0,0,0,0
4065,0001652044,Alphabet Inc.,2025,0001652044-25-000014,false,false,false,3209,499,Naomi Ichiriu,Naomi Ichiriu=in_progress,Naomi Ichiriu=,2,false,,,0,0,0,0,0,0
4066,0001652044,Alphabet Inc.,2026,0001652044-26-000018,false,false,false,3726,545,Naomi Ichiriu,Naomi Ichiriu=in_progress,Naomi Ichiriu=,2,false,,,0,0,0,0,0,0
2537,0000764180,"ALTRIA GROUP, INC.",2024,0000764180-24-000018,false,false,false,283,43,Akshitha Venkataraman; Yesenia Garcia,Akshitha Venkataraman=done; Yesenia Garcia=done,Akshitha Venkataraman=2026-08-10T10:47:30.591977; Yesenia Garcia=2026-08-10T16:17:12.417677,2,false,,,3,2,1,0,0,1
2538,0000764180,"ALTRIA GROUP, INC.",2025,0000764180-25-000019,false,false,false,348,46,Akshitha Venkataraman; Yesenia Garcia,Akshitha Venkataraman=done; Yesenia Garcia=done,Akshitha Venkataraman=2026-08-10T10:48:45.700103; Yesenia Garcia=2026-08-10T16:17:08.279697,2,false,,,6,0,6,0,0,6
2539,0000764180,"ALTRIA GROUP, INC.",2026,0000764180-26-000017,false,false,false,346,46,Yesenia Garcia; Akshitha Venkataraman,Yesenia Garcia=done; Akshitha Venkataraman=done,Yesenia Garcia=2026-08-10T16:17:04.962047; Akshitha Venkataraman=2026-08-10T10:53:38.974168,2,false,,,6,1,5,0,0,5
1588,0001748790,Amcor plc,2022,0001748790-22-000024,false,false,true,64,3,Naomi Ichiriu; Akshitha Venkataraman,Naomi Ichiriu=done; Akshitha Venkataraman=done,Naomi Ichiriu=2026-07-13T20:35:46.913824; Akshitha Venkataraman=2026-08-01T19:44:53.924220,2,true,2026-08-02T04:21:00.214943,,0,0,0,0,0,0
1589,0001748790,Amcor plc,2023,0001748790-23-000030,false,false,true,433,3,Naomi Ichiriu; Akshitha Venkataraman,Naomi Ichiriu=done; Akshitha Venkataraman=done,Naomi Ichiriu=2026-07-13T20:36:02.158737; Akshitha Venkataraman=2026-08-01T19:45:24.583682,2,true,2026-08-02T04:21:09.461793,,0,0,0,0,0,0
1590,0001748790,Amcor plc,2024,0001748790-24-000022,false,false,true,677,23,Naomi Ichiriu; Akshitha Venkataraman,Naomi Ichiriu=done; Akshitha Venkataraman=done,Naomi Ichiriu=2026-07-13T20:36:29.887307; Akshitha Venkataraman=2026-08-01T19:49:28.033854,2,true,2026-08-02T23:34:03.919262,,1,0,0,1,0,1
1591,0001748790,Amcor plc,2025,0001748790-25-000023,false,false,true,701,28,Naomi Ichiriu; Akshitha Venkataraman,Naomi Ichiriu=done; Akshitha Venkataraman=done,Naomi Ichiriu=2026-07-21T04:12:40.418230; Akshitha Venkataraman=2026-08-01T19:50:40.348302,2,true,2026-08-02T23:34:07.707021,,1,0,0,1,0,1
2818,0001002910,AMEREN CORP,2015,0001002910-15-000075,false,false,true,639,7,Naomi Ichiriu; Yesenia Garcia,Naomi Ichiriu=done; Yesenia Garcia=done,Naomi Ichiriu=2026-08-19T18:14:14.091141; Yesenia Garcia=2026-09-12T06:48:57.209400,2,true,2026-09-13T19:25:47.323310,,0,0,0,0,0,0
2819,0001002910,AMEREN CORP,2016,0001002910-16-000205,false,false,true,636,7,Naomi Ichiriu; Yesenia Garcia,Naomi Ichiriu=done; Yesenia Garcia=done,Naomi Ichiriu=2026-08-19T18:14:31.209676; Yesenia Garcia=2026-09-12T06:49:00.370992,2,true,2026-09-13T19:25:49.694843,,0,0,0,0,0,0
2820,0001002910,AMEREN CORP,2017,0001002910-17-000054,false,false,true,425,5,Naomi Ichiriu; Yesenia Garcia,Naomi Ichiriu=done; Yesenia Garcia=done,Naomi Ichiriu=2026-08-19T14:38:15.685187; Yesenia Garcia=2026-09-12T06:49:02.958017,2,true,2026-09-13T19:25:51.855534,,0,0,0,0,0,0
2821,0001002910,AMEREN CORP,2018,0001002910-18-000069,false,false,true,418,5,Naomi Ichiriu; Yesenia Garcia,Naomi Ichiriu=done; Yesenia Garcia=done,Naomi Ichiriu=2026-08-19T14:41:47.996571; Yesenia Garcia=2026-09-12T06:49:08.176467,2,true,2026-09-13T18:35:54.112808,,0,0,0,0,0,0
2822,0001002910,AMEREN CORP,2019,0001002910-19-000094,false,false,true,407,5,Naomi Ichiriu; Yesenia Garcia,Naomi Ichiriu=done; Yesenia Garcia=done,Naomi Ichiriu=2026-08-19T14:41:41.106864; Yesenia Garcia=2026-09-12T06:49:10.134676,2,true,2026-09-13T19:25:55.335456,,0,0,0,0,0,0
2823,0001002910,AMEREN CORP,2020,0001002910-20-000077,false,false,true,471,5,Naomi Ichiriu; Yesenia Garcia,Naomi Ichiriu=done; Yesenia Garcia=done,Naomi Ichiriu=2026-08-19T14:41:35.944362; Yesenia Garcia=2026-09-12T06:49:12.494534,2,true,2026-09-13T19:25:57.656036,,0,0,0,0,0,0
2824,0001002910,AMEREN CORP,2021,0001002910-21-000065,false,false,true,536,5,Naomi Ichiriu; Yesenia Garcia,Naomi Ichiriu=done; Yesenia Garcia=done,Naomi Ichiriu=2026-08-19T14:41:30.098398; Yesenia Garcia=2026-09-12T06:49:14.309940,2,true,2026-09-13T18:54:23.839682,,0,0,0,0,0,0
2825,0001002910,AMEREN CORP,2022,0001002910-22-000038,false,false,true,535,5,Naomi Ichiriu; Yesenia Garcia,Naomi Ichiriu=done; Yesenia Garcia=done,Naomi Ichiriu=2026-08-19T14:41:20.215055; Yesenia Garcia=2026-09-12T06:49:17.432655,2,true,2026-09-13T18:54:26.293472,,0,0,0,0,0,0
2826,0001002910,AMEREN CORP,2023,0001002910-23-000053,false,false,true,575,5,Naomi Ichiriu; Yesenia Garcia,Naomi Ichiriu=done; Yesenia Garcia=done,Naomi Ichiriu=2026-08-19T14:41:16.194118; Yesenia Garcia=2026-09-12T06:49:19.880313,2,true,2026-09-13T18:54:28.983120,,0,0,0,0,0,0
2827,0001002910,AMEREN CORP,2024,0001002910-24-000056,false,false,true,655,32,Naomi Ichiriu; Yesenia Garcia,Naomi Ichiriu=done; Yesenia Garcia=done,Naomi Ichiriu=2026-08-22T16:24:40.836257; Yesenia Garcia=2026-09-12T06:51:52.326001,2,true,2026-09-13T19:41:17.309288,,3,0,0,3,0,3
2829,0001002910,AMEREN CORP,2025,0001002910-25-000055,false,false,true,783,41,Naomi Ichiriu; Yesenia Garcia,Naomi Ichiriu=done; Yesenia Garcia=done,Naomi Ichiriu=2026-08-22T16:26:45.510097; Yesenia Garcia=2026-09-12T06:54:26.079021,2,true,2026-09-27T06:56:46.180410,,4,0,0,4,0,4
2830,0001002910,AMEREN CORP,2026,0001002910-26-000009,false,false,true,866,38,Naomi Ichiriu; Yesenia Garcia,Naomi Ichiriu=done; Yesenia Garcia=done,Naomi Ichiriu=2026-08-27T02:03:07.946944; Yesenia Garcia=2026-09-12T06:56:18.631540,2,true,2026-09-13T19:53:01.958865,,4,0,0,4,0,4
62,0000004904,AMERICAN ELECTRIC POWER CO INC,2017,0000004904-17-000019,false,false,false,57,1,Akshitha Venkataraman; Yesenia Garcia,Akshitha Venkataraman=done; Yesenia Garcia=done,Akshitha Venkataraman=2026-07-27T13:35:32.903916; Yesenia Garcia=2026-07-25T05:38:56.064048,2,true,2026-07-27T17:41:40.436106,,0,0,0,0,0,0
63,0000004904,AMERICAN ELECTRIC POWER CO INC,2018,0000004904-18-000009,false,false,false,57,1,Akshitha Venkataraman; Yesenia Garcia,Akshitha Venkataraman=done; Yesenia Garcia=done,Akshitha Venkataraman=2026-07-27T13:35:36.629197; Yesenia Garcia=2026-07-25T05:39:00.717973,2,true,2026-07-27T17:41:43.079058,,0,0,0,0,0,0
64,0000004904,AMERICAN ELECTRIC POWER CO INC,2019,0000004904-19-000009,false,false,false,58,1,Akshitha Venkataraman; Yesenia Garcia,Akshitha Venkataraman=done; Yesenia Garcia=done,Akshitha Venkataraman=2026-07-27T13:35:39.296234; Yesenia Garcia=2026-07-25T05:39:05.430008,2,true,2026-07-27T17:41:45.922328,,0,0,0,0,0,0
65,0000004904,AMERICAN ELECTRIC POWER CO INC,2020,0000004904-20-000007,false,false,false,59,1,Akshitha Venkataraman; Yesenia Garcia,Akshitha Venkataraman=done; Yesenia Garcia=done,Akshitha Venkataraman=2026-07-27T13:35:42.153099; Yesenia Garcia=2026-07-25T05:39:10.090156,2,true,2026-07-27T17:41:48.558251,,0,0,0,0,0,0
66,0000004904,AMERICAN ELECTRIC POWER CO INC,2021,0000004904-21-000010,false,false,false,254,2,Akshitha Venkataraman; Yesenia Garcia,Akshitha Venkataraman=done; Yesenia Garcia=done,Akshitha Venkataraman=2026-07-27T13:35:51.951146; Yesenia Garcia=2026-07-25T05:39:43.051648,2,true,2026-07-27T17:41:51.939359,,0,0,0,0,0,0
67,0000004904,AMERICAN ELECTRIC POWER CO INC,2022,0000004904-22-000024,false,false,false,304,2,Akshitha Venkataraman; Yesenia Garcia,Akshitha Venkataraman=done; Yesenia Garcia=done,Akshitha Venkataraman=2026-07-27T13:35:55.304070; Yesenia Garcia=2026-07-25T05:39:51.333093,2,true,2026-07-27T17:41:55.063157,,0,0,0,0,0,0
68,0000004904,AMERICAN ELECTRIC POWER CO INC,2023,0000004904-23-000011,false,false,false,308,2,Akshitha Venkataraman; Yesenia Garcia,Akshitha Venkataraman=done; Yesenia Garcia=done,Akshitha Venkataraman=2026-07-27T13:35:59.291717; Yesenia Garcia=2026-07-25T05:39:59.477956,2,true,2026-07-27T17:41:58.133889,,0,0,0,0,0,0
69,0000004904,AMERICAN ELECTRIC POWER CO INC,2024,0000004904-24-000020,false,false,false,13352,24,Akshitha Venkataraman; Yesenia Garcia,Akshitha Venkataraman=done; Yesenia Garcia=done,Akshitha Venkataraman=2026-07-27T13:36:35.433424; Yesenia Garcia=2026-07-25T05:42:09.850444,2,true,2026-07-27T17:42:08.155618,,0,0,0,0,0,0
70,0000004904,AMERICAN ELECTRIC POWER CO INC,2025,0000004904-25-000027,false,false,false,13903,30,Akshitha Venkataraman; Yesenia Garcia,Akshitha Venkataraman=done; Yesenia Garcia=done,Akshitha Venkataraman=2026-07-27T13:40:39.933096; Yesenia Garcia=2026-07-25T05:46:14.162372,2,true,2026-07-27T17:42:41.349652,,2,1,0,1,0,1
71,0000004904,AMERICAN ELECTRIC POWER CO INC,2026,0000004904-26-000013,false,false,false,28489,42,Akshitha Venkataraman; Yesenia Garcia,Akshitha Venkataraman=done; Yesenia Garcia=done,Akshitha Venkataraman=2026-07-27T13:42:55.030214; Yesenia Garcia=2026-07-25T05:51:10.670575,2,true,2026-07-27T17:43:49.537340,,5,2,0,3,1,3
81,0000004962,AMERICAN EXPRESS CO,2015,0001193125-15-059931,false,false,false,277,3,Naomi Ichiriu,Naomi Ichiriu=done,Naomi Ichiriu=2026-09-16T15:16:22.106484,2,false,,,0,0,0,0,0,0
82,0000004962,AMERICAN EXPRESS CO,2016,0001193125-16-469798,false,false,false,182,3,Naomi Ichiriu,Naomi Ichiriu=done,Naomi Ichiriu=2026-09-16T15:16:39.354259,2,false,,,0,0,0,0,0,0
83,0000004962,AMERICAN EXPRESS CO,2017,0001193125-17-047588,false,false,false,119,3,Naomi Ichiriu,Naomi Ichiriu=done,Naomi Ichiriu=2026-09-16T15:16:35.987490,2,false,,,0,0,0,0,0,0
72,0000004962,AMERICAN EXPRESS CO,2018,0000004962-18-000032,false,false,false,101,2,Naomi Ichiriu,Naomi Ichiriu=done,Naomi Ichiriu=2026-09-16T15:16:33.054142,2,false,,,0,0,0,0,0,0
73,0000004962,AMERICAN EXPRESS CO,2019,0000004962-19-000018,false,false,false,386,4,Naomi Ichiriu,Naomi Ichiriu=done,Naomi Ichiriu=2026-09-21T04:20:31.011768,2,false,,,1,1,0,0,0,0
74,0000004962,AMERICAN EXPRESS CO,2020,0000004962-20-000030,false,false,false,428,4,Naomi Ichiriu,Naomi Ichiriu=done,Naomi Ichiriu=2026-09-21T04:21:14.677808,2,false,,,2,2,0,0,0,0
75,0000004962,AMERICAN EXPRESS CO,2021,0000004962-21-000013,false,false,false,500,8,Naomi Ichiriu,Naomi Ichiriu=done,Naomi Ichiriu=2026-09-16T15:09:11.751878,2,false,,,4,4,0,0,0,0
76,0000004962,AMERICAN EXPRESS CO,2022,0000004962-22-000008,false,false,false,502,7,Naomi Ichiriu,Naomi Ichiriu=done,Naomi Ichiriu=2026-09-21T04:22:36.590629,2,false,,,3,3,0,0,0,0
77,0000004962,AMERICAN EXPRESS CO,2023,0000004962-23-000006,false,false,false,489,7,Naomi Ichiriu,Naomi Ichiriu=done,Naomi Ichiriu=2026-09-21T15:24:19.147186,2,false,,,5,5,0,0,0,0
78,0000004962,AMERICAN EXPRESS CO,2024,0000004962-24-000013,false,false,false,907,62,Naomi Ichiriu,Naomi Ichiriu=in_progress,Naomi Ichiriu=,2,false,,,0,0,0,0,0,0
79,0000004962,AMERICAN EXPRESS CO,2025,0000004962-25-000016,false,false,false,1224,66,Naomi Ichiriu,Naomi Ichiriu=in_progress,Naomi Ichiriu=,2,false,,,0,0,0,0,0,0
80,0000004962,AMERICAN EXPRESS CO,2026,0000004962-26-000080,false,false,false,1446,70,Naomi Ichiriu,Naomi Ichiriu=in_progress,Naomi Ichiriu=,2,false,,,0,0,0,0,0,0
96,0000005272,"AMERICAN INTERNATIONAL GROUP, INC.",2015,0000005272-15-000002,false,false,true,21826,20,Naomi Ichiriu; Yesenia Garcia,Naomi Ichiriu=done; Yesenia Garcia=done,Naomi Ichiriu=2026-08-12T13:29:25.017617; Yesenia Garcia=2026-08-31T02:34:25.766728,2,true,2026-08-31T06:20:12.916329,,0,0,0,0,0,0
97,0000005272,"AMERICAN INTERNATIONAL GROUP, INC.",2016,0000005272-16-000035,false,false,true,121,1,Naomi Ichiriu; Yesenia Garcia,Naomi Ichiriu=done; Yesenia Garcia=done,Naomi Ichiriu=2026-08-12T13:29:35.213247; Yesenia Garcia=2026-08-31T02:34:29.553982,2,true,2026-08-31T06:20:16.449435,,0,0,0,0,0,0
98,0000005272,"AMERICAN INTERNATIONAL GROUP, INC.",2017,0000005272-17-000017,false,false,true,91,1,Naomi Ichiriu; Yesenia Garcia,Naomi Ichiriu=done; Yesenia Garcia=done,Naomi Ichiriu=2026-08-12T13:29:40.842950; Yesenia Garcia=2026-08-31T02:34:31.912437,2,true,2026-08-31T06:20:19.329931,,0,0,0,0,0,0
99,0000005272,"AMERICAN INTERNATIONAL GROUP, INC.",2018,0000005272-18-000022,false,false,true,109,4,Naomi Ichiriu; Yesenia Garcia,Naomi Ichiriu=done; Yesenia Garcia=done,Naomi Ichiriu=2026-08-12T13:30:36.605323; Yesenia Garcia=2026-08-31T02:34:34.259974,2,true,2026-08-31T06:20:22.116663,,0,0,0,0,0,0
100,0000005272,"AMERICAN INTERNATIONAL GROUP, INC.",2019,0000005272-19-000023,false,false,true,472,21,Naomi Ichiriu; Yesenia Garcia,Naomi Ichiriu=done; Yesenia Garcia=done,Naomi Ichiriu=2026-08-12T13:31:20.848587; Yesenia Garcia=2026-08-31T02:34:36.683215,2,true,2026-08-31T06:20:24.919147,,0,0,0,0,0,0
105,0000005272,"AMERICAN INTERNATIONAL GROUP, INC.",2020,0001104659-20-023889,false,false,true,487,21,Naomi Ichiriu; Yesenia Garcia,Naomi Ichiriu=done; Yesenia Garcia=done,Naomi Ichiriu=2026-08-12T13:31:33.421386; Yesenia Garcia=2026-08-31T02:34:38.573766,2,true,2026-08-31T06:20:29.350846,,0,0,0,0,0,0
106,0000005272,"AMERICAN INTERNATIONAL GROUP, INC.",2021,0001104659-21-025742,false,false,true,647,22,Naomi Ichiriu; Yesenia Garcia,Naomi Ichiriu=done; Yesenia Garcia=done,Naomi Ichiriu=2026-08-12T13:35:20.306603; Yesenia Garcia=2026-08-31T02:34:40.198459,2,true,2026-08-31T06:20:32.439882,,0,0,0,0,0,0
107,0000005272,"AMERICAN INTERNATIONAL GROUP, INC.",2022,0001104659-22-024701,false,false,false,770,33,Naomi Ichiriu; Yesenia Garcia,Naomi Ichiriu=done; Yesenia Garcia=done,Naomi Ichiriu=2026-08-12T13:36:31.096016; Yesenia Garcia=2026-08-31T02:36:15.404235,2,false,,,3,0,0,2,0,1
101,0000005272,"AMERICAN INTERNATIONAL GROUP, INC.",2023,0000005272-23-000007,false,false,false,358,29,Naomi Ichiriu; Yesenia Garcia,Naomi Ichiriu=done; Yesenia Garcia=done,Naomi Ichiriu=2026-08-12T19:06:16.006809; Yesenia Garcia=2026-08-31T02:36:57.932516,2,false,,,5,2,1,0,0,0
102,0000005272,"AMERICAN INTERNATIONAL GROUP, INC.",2024,0000005272-24-000023,false,false,false,905,69,Naomi Ichiriu; Yesenia Garcia,Naomi Ichiriu=done; Yesenia Garcia=done,Naomi Ichiriu=2026-08-12T19:10:29.170189; Yesenia Garcia=2026-08-31T02:43:31.746581,2,false,,,21,4,9,0,0,2
103,0000005272,"AMERICAN INTERNATIONAL GROUP, INC.",2025,0000005272-25-000012,false,false,false,1249,69,Naomi Ichiriu; Yesenia Garcia,Naomi Ichiriu=done; Yesenia Garcia=in_progress,Naomi Ichiriu=2026-08-12T19:14:43.207348; Yesenia Garcia=,2,false,,,21,0,10,0,0,0
104,0000005272,"AMERICAN INTERNATIONAL GROUP, INC.",2026,0000005272-26-000023,false,false,false,912,81,Naomi Ichiriu; Yesenia Garcia,Naomi Ichiriu=done; Yesenia Garcia=in_progress,Naomi Ichiriu=2026-08-13T06:39:38.941947; Yesenia Garcia=,2,false,,,39,0,20,0,0,0
4078,0001410636,"American Water Works Company, Inc.",2015,0001564590-15-000905,false,false,false,115,3,Naomi Ichiriu,Naomi Ichiriu=done,Naomi Ichiriu=2026-09-18T05:33:19.276595,2,false,,,0,0,0,0,0,0
4079,0001410636,"American Water Works Company, Inc.",2016,0001564590-16-013247,false,false,false,46,1,Naomi Ichiriu,Naomi Ichiriu=done,Naomi Ichiriu=2026-09-18T05:33:21.270016,2,false,,,0,0,0,0,0,0
4080,0001410636,"American Water Works Company, Inc.",2017,0001564590-17-001899,false,false,false,49,1,Naomi Ichiriu,Naomi Ichiriu=done,Naomi Ichiriu=2026-09-18T05:33:26.377210,2,false,,,0,0,0,0,0,0
4081,0001410636,"American Water Works Company, Inc.",2018,0001410636-18-000076,false,false,false,259,3,Naomi Ichiriu,Naomi Ichiriu=done,Naomi Ichiriu=2026-09-18T05:33:28.462303,2,false,,,0,0,0,0,0,0
4082,0001410636,"American Water Works Company, Inc.",2019,0001410636-19-000041,false,false,false,971,7,Naomi Ichiriu,Naomi Ichiriu=done,Naomi Ichiriu=2026-09-18T05:33:39.032531,2,false,,,0,0,0,0,0,0
4083,0001410636,"American Water Works Company, Inc.",2020,0001410636-20-000040,false,false,false,303,8,Naomi Ichiriu,Naomi Ichiriu=done,Naomi Ichiriu=2026-09-21T12:56:07.026933,2,false,,,0,0,0,0,0,0
4084,0001410636,"American Water Works Company, Inc.",2021,0001410636-21-000101,false,false,false,219,7,Naomi Ichiriu,Naomi Ichiriu=done,Naomi Ichiriu=2026-09-21T04:24:26.230784,2,false,,,1,1,0,0,0,0
4085,0001410636,"American Water Works Company, Inc.",2022,0001410636-22-000048,false,false,false,239,9,Naomi Ichiriu,Naomi Ichiriu=done,Naomi Ichiriu=2026-09-21T04:24:47.339108,2,false,,,1,1,0,0,0,0
4086,0001410636,"American Water Works Company, Inc.",2023,0001410636-23-000020,false,false,false,291,12,Naomi Ichiriu,Naomi Ichiriu=done,Naomi Ichiriu=2026-09-21T04:25:10.288647,2,false,,,0,0,0,0,0,0
4087,0001410636,"American Water Works Company, Inc.",2024,0001410636-24-000050,false,false,false,349,52,Naomi Ichiriu,Naomi Ichiriu=done,Naomi Ichiriu=2026-09-21T04:25:42.124252,2,false,,,0,0,0,0,0,0
4088,0001410636,"American Water Works Company, Inc.",2025,0001410636-25-000022,false,false,false,511,71,Naomi Ichiriu,Naomi Ichiriu=done,Naomi Ichiriu=2026-09-21T04:25:51.788313,2,false,,,0,0,0,0,0,0
4089,0001410636,"American Water Works Company, Inc.",2026,0001410636-26-000034,false,false,false,488,58,Naomi Ichiriu,Naomi Ichiriu=done,Naomi Ichiriu=2026-09-21T04:27:11.263537,2,false,,,0,0,0,0,0,0
4382,0001037868,AMETEK INC/,2016,0001193125-16-478197,false,false,false,76,1,Yesenia Garcia; Akshitha Venkataraman,Yesenia Garcia=done; Akshitha Venkataraman=done,Yesenia Garcia=2026-09-28T05:17:20.436202; Akshitha Venkataraman=2026-09-30T00:52:40.231644,2,true,2026-10-01T23:11:44.665476,,0,0,0,0,0,0
4385,0001037868,AMETEK INC/,2018,0001193125-18-053631,false,false,false,33,2,Yesenia Garcia; Akshitha Venkataraman,Yesenia Garcia=done; Akshitha Venkataraman=done,Yesenia Garcia=2026-09-28T05:20:11.185601; Akshitha Venkataraman=2026-09-30T00:53:08.198306,2,true,2026-10-01T23:12:11.731871,,0,0,0,0,0,0
4386,0001037868,AMETEK INC/,2019,0001193125-19-046947,false,false,false,127,2,Yesenia Garcia; Akshitha Venkataraman,Yesenia Garcia=done; Akshitha Venkataraman=done,Yesenia Garcia=2026-09-28T05:21:04.446566; Akshitha Venkataraman=2026-09-30T00:53:38.826753,2,true,2026-10-01T23:12:59.316416,,0,0,0,0,0,0
4387,0001037868,AMETEK INC/,2020,0001193125-20-043133,false,false,false,46,1,Akshitha Venkataraman; Yesenia Garcia,Akshitha Venkataraman=done; Yesenia Garcia=done,Akshitha Venkataraman=2026-09-30T00:54:08.440056; Yesenia Garcia=2026-09-28T05:22:27.696014,2,true,2026-10-01T23:13:37.039120,,0,0,0,0,0,0
4388,0001037868,AMETEK INC/,2021,0001037868-21-000007,false,false,false,41,2,Yesenia Garcia; Akshitha Venkataraman,Yesenia Garcia=done; Akshitha Venkataraman=done,Yesenia Garcia=2026-09-28T05:23:24.886797; Akshitha Venkataraman=2026-09-30T00:54:37.865770,2,true,2026-10-01T23:14:30.969964,,0,0,0,0,0,0
4389,0001037868,AMETEK INC/,2022,0001037868-22-000009,false,false,false,38,2,Yesenia Garcia; Akshitha Venkataraman,Yesenia Garcia=done; Akshitha Venkataraman=done,Yesenia Garcia=2026-09-28T05:24:15.801490; Akshitha Venkataraman=2026-09-30T00:55:06.056978,2,true,2026-10-01T23:14:54.240199,,0,0,0,0,0,0
4390,0001037868,AMETEK INC/,2023,0001037868-23-000012,false,false,false,39,2,Yesenia Garcia; Akshitha Venkataraman,Yesenia Garcia=done; Akshitha Venkataraman=done,Yesenia Garcia=2026-09-28T05:25:11.620536; Akshitha Venkataraman=2026-09-30T00:55:39.242718,2,true,2026-10-01T23:15:15.804270,,0,0,0,0,0,0
4391,0001037868,AMETEK INC/,2024,0001037868-24-000009,false,false,false,79,11,Yesenia Garcia; Akshitha Venkataraman,Yesenia Garcia=done; Akshitha Venkataraman=done,Yesenia Garcia=2026-09-28T05:25:58.034377; Akshitha Venkataraman=2026-09-30T00:56:09.874679,2,true,2026-10-01T23:15:43.147005,,0,0,0,0,0,0
4392,0001037868,AMETEK INC/,2025,0001037868-25-000012,false,false,false,78,11,Yesenia Garcia; Akshitha Venkataraman,Yesenia Garcia=done; Akshitha Venkataraman=done,Yesenia Garcia=2026-09-28T05:26:46.449624; Akshitha Venkataraman=2026-09-30T00:56:53.045343,2,true,2026-10-01T23:16:34.473502,,0,0,0,0,0,0
4393,0001037868,AMETEK INC/,2026,0001037868-26-000016,false,false,false,178,16,Yesenia Garcia; Akshitha Venkataraman,Yesenia Garcia=done; Akshitha Venkataraman=done,Yesenia Garcia=2026-09-28T05:30:41.934974; Akshitha Venkataraman=2026-09-30T00:58:45.392482,2,false,,,3,1,1,1,0,2
2552,0000318154,AMGEN INC,2018,0000318154-18-000004,false,false,true,138,3,Naomi Ichiriu; Yesenia Garcia,Naomi Ichiriu=done; Yesenia Garcia=done,Naomi Ichiriu=2026-08-13T06:37:10.915638; Yesenia Garcia=2026-08-31T05:22:46.877276,2,true,2026-08-31T06:22:10.751367,,0,0,0,0,0,0
2554,0000318154,AMGEN INC,2019,0000318154-19-000008,false,false,true,87,2,Naomi Ichiriu; Yesenia Garcia,Naomi Ichiriu=done; Yesenia Garcia=done,Naomi Ichiriu=2026-08-13T06:37:15.022861; Yesenia Garcia=2026-08-31T05:22:51.227858,2,true,2026-08-31T06:22:07.581018,,0,0,0,0,0,0
2555,0000318154,AMGEN INC,2020,0000318154-20-000017,false,false,true,98,2,Naomi Ichiriu; Yesenia Garcia,Naomi Ichiriu=done; Yesenia Garcia=done,Naomi Ichiriu=2026-08-13T06:37:19.629312; Yesenia Garcia=2026-08-31T05:22:53.387573,2,true,2026-08-31T06:21:46.341937,,0,0,0,0,0,0
2556,0000318154,AMGEN INC,2021,0000318154-21-000010,false,false,true,105,4,Naomi Ichiriu; Yesenia Garcia,Naomi Ichiriu=done; Yesenia Garcia=done,Naomi Ichiriu=2026-08-13T06:37:27.873031; Yesenia Garcia=2026-08-31T05:22:55.367247,2,true,2026-08-31T06:21:38.691411,,0,0,0,0,0,0
2557,0000318154,AMGEN INC,2022,0000318154-22-000010,false,false,true,56,3,Naomi Ichiriu; Yesenia Garcia,Naomi Ichiriu=done; Yesenia Garcia=done,Naomi Ichiriu=2026-08-13T06:39:50.416835; Yesenia Garcia=2026-08-31T05:22:56.896316,2,true,2026-08-31T06:21:34.496284,,0,0,0,0,0,0
2558,0000318154,AMGEN INC,2023,0000318154-23-000017,false,false,true,103,9,Naomi Ichiriu; Yesenia Garcia,Naomi Ichiriu=done; Yesenia Garcia=done,Naomi Ichiriu=2026-08-13T06:40:01.006690; Yesenia Garcia=2026-08-31T05:22:58.789574,2,true,2026-08-31T06:21:26.732346,,0,0,0,0,0,0
2559,0000318154,AMGEN INC,2024,0000318154-24-000011,false,false,false,543,51,Naomi Ichiriu; Yesenia Garcia,Naomi Ichiriu=done; Yesenia Garcia=done,Naomi Ichiriu=2026-08-13T06:41:26.193994; Yesenia Garcia=2026-08-31T05:23:49.829049,2,false,,,3,0,2,1,0,1
2560,0000318154,AMGEN INC,2025,0000318154-25-000010,false,false,false,570,112,Naomi Ichiriu; Yesenia Garcia,Naomi Ichiriu=done; Yesenia Garcia=in_progress,Naomi Ichiriu=2026-08-13T07:00:48.928854; Yesenia Garcia=,2,false,,,17,0,9,0,0,0
2561,0000318154,AMGEN INC,2026,0000318154-26-000010,false,false,false,648,144,Naomi Ichiriu; Yesenia Garcia,Naomi Ichiriu=done; Yesenia Garcia=in_progress,Naomi Ichiriu=2026-08-13T07:17:09.069056; Yesenia Garcia=,2,false,,,10,0,6,0,0,0
1969,0000820313,AMPHENOL CORP /DE/,2016,0001104659-16-098503,false,false,true,94,5,Naomi Ichiriu; Yesenia Garcia,Naomi Ichiriu=done; Yesenia Garcia=done,Naomi Ichiriu=2026-07-21T04:14:23.547622; Yesenia Garcia=2026-07-25T04:59:56.932643,2,true,2026-07-25T22:26:14.185430,,0,0,0,0,0,0
1970,0000820313,AMPHENOL CORP /DE/,2017,0001558370-17-000659,false,false,true,137,6,Naomi Ichiriu; Yesenia Garcia,Naomi Ichiriu=done; Yesenia Garcia=done,Naomi Ichiriu=2026-07-21T04:14:32.501290; Yesenia Garcia=2026-07-25T05:00:07.601974,2,true,2026-07-25T22:26:17.967108,,0,0,0,0,0,0
1971,0000820313,AMPHENOL CORP /DE/,2018,0001558370-18-000871,false,false,true,62,7,Naomi Ichiriu; Yesenia Garcia,Naomi Ichiriu=done; Yesenia Garcia=done,Naomi Ichiriu=2026-07-21T04:15:49.379663; Yesenia Garcia=2026-07-25T05:00:18.707448,2,true,2026-07-25T22:29:55.153305,,0,0,0,0,0,0
1972,0000820313,AMPHENOL CORP /DE/,2019,0001558370-19-000636,false,false,true,196,7,Naomi Ichiriu; Yesenia Garcia,Naomi Ichiriu=done; Yesenia Garcia=done,Naomi Ichiriu=2026-07-21T04:16:04.203542; Yesenia Garcia=2026-07-25T05:00:33.997798,2,true,2026-07-25T22:29:59.620646,,0,0,0,0,0,0
1973,0000820313,AMPHENOL CORP /DE/,2020,0001558370-20-000728,false,false,true,499,9,Naomi Ichiriu; Yesenia Garcia,Naomi Ichiriu=done; Yesenia Garcia=done,Naomi Ichiriu=2026-07-21T04:16:47.982118; Yesenia Garcia=2026-07-25T05:00:47.690350,2,true,2026-07-25T22:30:03.272565,,0,0,0,0,0,0
1974,0000820313,AMPHENOL CORP /DE/,2021,0001558370-21-000881,false,false,true,1072,13,Naomi Ichiriu; Yesenia Garcia,Naomi Ichiriu=done; Yesenia Garcia=done,Naomi Ichiriu=2026-07-21T04:28:13.248034; Yesenia Garcia=2026-07-25T05:01:12.507596,2,true,2026-07-25T22:30:08.193300,,0,0,0,0,0,0
1975,0000820313,AMPHENOL CORP /DE/,2022,0001558370-22-000961,false,false,true,883,19,Naomi Ichiriu; Yesenia Garcia,Naomi Ichiriu=done; Yesenia Garcia=done,Naomi Ichiriu=2026-07-21T04:28:41.996450; Yesenia Garcia=2026-07-25T05:01:46.970602,2,true,2026-07-25T22:30:12.827372,,0,0,0,0,0,0
1976,0000820313,AMPHENOL CORP /DE/,2023,0001558370-23-001036,false,false,true,178,19,Naomi Ichiriu; Yesenia Garcia,Naomi Ichiriu=done; Yesenia Garcia=done,Naomi Ichiriu=2026-07-21T04:29:23.031152; Yesenia Garcia=2026-07-25T05:02:06.371381,2,true,2026-07-25T22:30:16.176680,,0,0,0,0,0,0
1977,0000820313,AMPHENOL CORP /DE/,2024,0001558370-24-000866,false,false,true,785,32,Naomi Ichiriu; Yesenia Garcia,Naomi Ichiriu=done; Yesenia Garcia=done,Naomi Ichiriu=2026-07-21T04:30:11.134519; Yesenia Garcia=2026-07-25T05:03:13.157641,2,true,2026-07-26T20:33:39.136027,,1,1,0,0,0,0
1978,0000820313,AMPHENOL CORP /DE/,2025,0001558370-25-000714,false,false,true,2201,66,Naomi Ichiriu; Yesenia Garcia,Naomi Ichiriu=done; Yesenia Garcia=done,Naomi Ichiriu=2026-07-21T04:31:55.819736; Yesenia Garcia=2026-07-25T05:04:54.807097,2,true,2026-07-27T03:24:58.021889,,2,1,0,1,0,1
1979,0000820313,AMPHENOL CORP /DE/,2026,0001104659-26-013549,false,false,false,2402,152,Naomi Ichiriu; Yesenia Garcia,Naomi Ichiriu=in_progress; Yesenia Garcia=done,Naomi Ichiriu=; Yesenia Garcia=2026-07-25T05:10:42.582289,2,true,2026-07-26T20:34:38.195442,,2,0,0,2,0,2
108,0000006281,ANALOG DEVICES INC,2015,0000006281-15-000044,false,false,false,95,1,Yesenia Garcia; Akshitha Venkataraman,Yesenia Garcia=done; Akshitha Venkataraman=done,Yesenia Garcia=2026-07-01T06:54:01.986048; Akshitha Venkataraman=2026-07-10T17:03:46.022267,2,true,2026-09-13T06:14:26.869175,,0,0,0,0,0,0
109,0000006281,ANALOG DEVICES INC,2016,0000006281-16-000097,false,false,false,966,3,Yesenia Garcia; Akshitha Venkataraman,Yesenia Garcia=done; Akshitha Venkataraman=done,Yesenia Garcia=2026-07-01T17:10:40.825185; Akshitha Venkataraman=2026-07-10T17:04:20.276381,2,false,,,1,0,1,0,0,1
110,0000006281,ANALOG DEVICES INC,2017,0000006281-17-000144,false,false,false,945,4,Akshitha Venkataraman; Yesenia Garcia,Akshitha Venkataraman=done; Yesenia Garcia=done,Akshitha Venkataraman=2026-07-10T17:07:06.101692; Yesenia Garcia=2026-07-01T22:01:12.285719,2,false,,,2,0,2,0,0,2
111,0000006281,ANALOG DEVICES INC,2018,0000006281-18-000126,false,false,false,1023,6,Yesenia Garcia; Akshitha Venkataraman,Yesenia Garcia=done; Akshitha Venkataraman=done,Yesenia Garcia=2026-07-01T22:03:33.790762; Akshitha Venkataraman=2026-07-10T17:08:19.177948,2,false,,,3,0,3,0,0,3
112,0000006281,ANALOG DEVICES INC,2019,0000006281-19-000144,false,false,false,821,7,Yesenia Garcia; Akshitha Venkataraman,Yesenia Garcia=done; Akshitha Venkataraman=done,Yesenia Garcia=2026-07-01T22:04:07.339274; Akshitha Venkataraman=2026-07-10T17:16:27.290998,2,false,,,3,0,3,0,0,3
113,0000006281,ANALOG DEVICES INC,2020,0000006281-20-000156,false,false,false,394,5,Yesenia Garcia; Akshitha Venkataraman,Yesenia Garcia=done; Akshitha Venkataraman=done,Yesenia Garcia=2026-07-01T22:04:39.595191; Akshitha Venkataraman=2026-07-10T17:19:51.906018,2,true,2026-09-13T06:16:58.687910,,0,0,0,0,0,0
114,0000006281,ANALOG DEVICES INC,2021,0000006281-21-000294,false,false,false,547,13,Yesenia Garcia; Akshitha Venkataraman,Yesenia Garcia=done; Akshitha Venkataraman=done,Yesenia Garcia=2026-07-01T22:05:21.207475; Akshitha Venkataraman=2026-07-10T17:20:58.991841,2,false,,,2,0,2,0,0,2
115,0000006281,ANALOG DEVICES INC,2022,0000006281-22-000250,false,false,false,470,14,Yesenia Garcia; Akshitha Venkataraman,Yesenia Garcia=done; Akshitha Venkataraman=done,Yesenia Garcia=2026-07-01T22:06:04.882294; Akshitha Venkataraman=2026-07-10T17:27:08.561176,2,false,,,2,0,2,0,0,2
116,0000006281,ANALOG DEVICES INC,2023,0000006281-23-000203,false,false,true,,,Yesenia Garcia,Yesenia Garcia=done,Yesenia Garcia=2026-07-01T22:09:51.733731,2,false,,,2,2,0,0,0,0
117,0000006281,ANALOG DEVICES INC,2024,0000006281-24-000204,false,false,true,,,Yesenia Garcia,Yesenia Garcia=done,Yesenia Garcia=2026-07-02T15:05:57.440656,2,false,,,21,14,0,0,0,0
118,0000006281,ANALOG DEVICES INC,2025,0000006281-25-000153,false,false,true,,,Yesenia Garcia,Yesenia Garcia=done,Yesenia Garcia=2026-07-02T15:06:05.534998,2,false,,,23,15,0,0,0,0
1592,0000315293,Aon plc,2015,0001628280-15-000950,false,false,true,42,1,Akshitha Venkataraman; Naomi Ichiriu,Akshitha Venkataraman=done; Naomi Ichiriu=done,Akshitha Venkataraman=2026-07-27T06:22:53.968907; Naomi Ichiriu=2026-07-13T20:54:59.157446,2,true,2026-07-27T16:28:06.914457,,0,0,0,0,0,0
1593,0000315293,Aon plc,2016,0001628280-16-011485,false,false,true,43,1,Akshitha Venkataraman; Naomi Ichiriu,Akshitha Venkataraman=done; Naomi Ichiriu=done,Akshitha Venkataraman=2026-07-27T06:22:59.861082; Naomi Ichiriu=2026-07-13T20:55:02.968081,2,true,2026-07-27T16:28:10.738551,,0,0,0,0,0,0
1597,0000315293,Aon plc,2017,0001628280-17-001652,false,false,true,151,4,Akshitha Venkataraman; Naomi Ichiriu,Akshitha Venkataraman=done; Naomi Ichiriu=done,Akshitha Venkataraman=2026-07-27T06:23:11.899600; Naomi Ichiriu=2026-07-13T20:56:15.997994,2,true,2026-07-27T16:28:14.899073,,0,0,0,0,0,0
1594,0000315293,Aon plc,2018,0001628280-18-001923,false,false,true,101,2,Akshitha Venkataraman; Naomi Ichiriu,Akshitha Venkataraman=done; Naomi Ichiriu=done,Akshitha Venkataraman=2026-07-27T06:23:20.973350; Naomi Ichiriu=2026-07-13T20:55:10.268960,2,true,2026-07-27T16:28:18.591125,,0,0,0,0,0,0
1598,0000315293,Aon plc,2019,0001628280-19-001558,false,false,true,90,3,Akshitha Venkataraman; Naomi Ichiriu,Akshitha Venkataraman=done; Naomi Ichiriu=done,Akshitha Venkataraman=2026-07-27T06:23:31.465661; Naomi Ichiriu=2026-07-13T20:56:52.085294,2,true,2026-07-27T16:28:22.051852,,0,0,0,0,0,0
1595,0000315293,Aon plc,2020,0001628280-20-001607,false,false,true,93,3,Akshitha Venkataraman; Naomi Ichiriu,Akshitha Venkataraman=done; Naomi Ichiriu=done,Akshitha Venkataraman=2026-07-27T06:23:35.088998; Naomi Ichiriu=2026-07-13T20:54:55.255485,2,true,2026-07-27T16:28:25.449933,,0,0,0,0,0,0
1596,0000315293,Aon plc,2021,0001628280-21-002574,false,false,true,423,8,Akshitha Venkataraman; Naomi Ichiriu,Akshitha Venkataraman=done; Naomi Ichiriu=done,Akshitha Venkataraman=2026-07-27T06:23:37.623519; Naomi Ichiriu=2026-07-13T20:55:51.769401,2,true,2026-07-27T16:28:31.930209,,0,0,0,0,0,0
1599,0000315293,Aon plc,2022,0001628280-22-003180,false,false,true,204,8,Akshitha Venkataraman; Naomi Ichiriu,Akshitha Venkataraman=done; Naomi Ichiriu=done,Akshitha Venkataraman=2026-07-27T06:23:50.555186; Naomi Ichiriu=2026-07-13T20:59:16.984862,2,true,2026-07-27T16:28:35.955443,,0,0,0,0,0,0
1602,0000315293,Aon plc,2023,0001628280-23-004087,false,false,true,76,4,Akshitha Venkataraman; Naomi Ichiriu,Akshitha Venkataraman=done; Naomi Ichiriu=done,Akshitha Venkataraman=2026-07-27T06:23:53.672326; Naomi Ichiriu=2026-07-13T21:03:43.688180,2,true,2026-07-27T16:28:39.181084,,0,0,0,0,0,0
1600,0000315293,Aon plc,2024,0001628280-24-005392,false,false,true,456,28,Akshitha Venkataraman; Naomi Ichiriu,Akshitha Venkataraman=done; Naomi Ichiriu=done,Akshitha Venkataraman=2026-07-27T06:25:40.275837; Naomi Ichiriu=2026-07-13T20:58:57.679123,2,true,2026-07-27T16:40:24.315932,,3,1,0,2,0,2
1601,0000315293,Aon plc,2025,0001628280-25-006093,false,false,false,486,34,Akshitha Venkataraman; Naomi Ichiriu,Akshitha Venkataraman=done; Naomi Ichiriu=done,Akshitha Venkataraman=2026-07-27T06:58:06.686635; Naomi Ichiriu=2026-07-13T21:02:25.985666,2,false,,,9,2,6,1,0,7
1603,0000315293,Aon plc,2026,0001628280-26-008116,false,false,false,621,42,Akshitha Venkataraman; Naomi Ichiriu,Akshitha Venkataraman=done; Naomi Ichiriu=done,Akshitha Venkataraman=2026-07-27T07:39:44.448792; Naomi Ichiriu=2026-07-13T21:03:49.286568,2,false,,,12,0,3,9,0,12
1410,0001841666,APA Corp,2022,0001784031-22-000009,false,false,true,,,Naomi Ichiriu; Yesenia Garcia,Naomi Ichiriu=done; Yesenia Garcia=done,Naomi Ichiriu=2026-07-10T23:33:30.477368; Yesenia Garcia=2026-07-13T06:57:21.359062,2,true,2026-07-14T01:19:37.963204,,0,0,0,0,0,0
1411,0001841666,APA Corp,2023,0001784031-23-000007,false,false,true,,,Naomi Ichiriu; Yesenia Garcia,Naomi Ichiriu=done; Yesenia Garcia=done,Naomi Ichiriu=2026-07-10T23:33:55.764128; Yesenia Garcia=2026-07-13T06:57:31.169421,2,true,2026-07-14T01:19:50.942312,,0,0,0,0,0,0
1412,0001841666,APA Corp,2024,0001784031-24-000003,false,false,true,,,Naomi Ichiriu; Yesenia Garcia,Naomi Ichiriu=done; Yesenia Garcia=done,Naomi Ichiriu=2026-07-10T23:34:12.550231; Yesenia Garcia=2026-07-13T06:57:52.587917,2,true,2026-07-14T01:20:03.736793,,0,0,0,0,0,0
1413,0001841666,APA Corp,2025,0002040266-25-000007,false,false,true,,,Naomi Ichiriu; Yesenia Garcia,Naomi Ichiriu=done; Yesenia Garcia=done,Naomi Ichiriu=2026-07-10T23:34:45.501504; Yesenia Garcia=2026-07-13T06:58:12.395419,2,true,2026-07-14T01:20:17.153820,,0,0,0,0,0,0
1414,0001841666,APA Corp,2026,0001841666-26-000015,false,false,true,,,Naomi Ichiriu; Yesenia Garcia,Naomi Ichiriu=done; Yesenia Garcia=done,Naomi Ichiriu=2026-07-10T23:34:37.264046; Yesenia Garcia=2026-07-13T06:58:41.620652,2,true,2026-07-14T01:18:55.467102,,0,0,0,0,0,0
2517,0001858681,"Apollo Global Management, Inc.",2023,0001858681-23-000007,false,false,false,76,3,Akshitha Venkataraman; Yesenia Garcia,Akshitha Venkataraman=done; Yesenia Garcia=done,Akshitha Venkataraman=2026-08-10T07:35:24.515649; Yesenia Garcia=2026-08-10T08:03:15.970606,2,true,2026-08-10T10:09:23.752086,,0,0,0,0,0,0
2518,0001858681,"Apollo Global Management, Inc.",2024,0001858681-24-000031,false,false,false,143,33,Yesenia Garcia; Akshitha Venkataraman,Yesenia Garcia=done; Akshitha Venkataraman=done,Yesenia Garcia=2026-08-10T08:11:08.219168; Akshitha Venkataraman=2026-08-10T07:36:00.782136,2,false,,,1,0,1,0,0,1
2519,0001858681,"Apollo Global Management, Inc.",2025,0001858681-25-000034,false,false,false,358,97,Akshitha Venkataraman; Yesenia Garcia,Akshitha Venkataraman=done; Yesenia Garcia=done,Akshitha Venkataraman=2026-08-10T07:41:14.048152; Yesenia Garcia=2026-08-10T08:15:01.654979,2,false,,,16,3,10,0,0,7
2520,0001858681,"Apollo Global Management, Inc.",2026,0001858681-26-000013,false,false,false,564,201,Akshitha Venkataraman; Yesenia Garcia,Akshitha Venkataraman=done; Yesenia Garcia=done,Akshitha Venkataraman=2026-08-10T07:51:34.534433; Yesenia Garcia=2026-08-10T08:24:21.928558,2,false,,,26,10,13,0,0,0
933,0000320193,Apple Inc.,2016,0001628280-16-020309,false,false,false,303,1,,,,0,false,,,0,0,0,0,0,0
925,0000320193,Apple Inc.,2017,0000320193-17-000070,false,false,false,374,2,,,,0,false,,,0,0,0,0,0,0
926,0000320193,Apple Inc.,2018,0000320193-18-000145,false,false,false,398,1,,,,0,false,,,0,0,0,0,0,0
927,0000320193,Apple Inc.,2019,0000320193-19-000119,false,false,false,70,1,,,,0,false,,,0,0,0,0,0,0
754,0000320193,Apple Inc.,2020,0000320193-20-000096,false,false,false,2050,4,,,,0,false,,,0,0,0,0,0,0
755,0000320193,Apple Inc.,2021,0000320193-21-000105,false,false,false,1308,6,,,,0,false,,,0,0,0,0,0,0
928,0000320193,Apple Inc.,2022,0000320193-22-000108,false,false,false,1157,6,,,,0,false,,,0,0,0,0,0,0
929,0000320193,Apple Inc.,2023,0000320193-23-000106,false,false,false,1455,8,,,,0,false,,,0,0,0,0,0,0
930,0000320193,Apple Inc.,2024,0000320193-24-000123,false,false,false,1592,20,,,,0,true,,https://docs.google.com/spreadsheets/d/1NdS4qTdRfhv326FXepvh2ZFrwf7sHZOC8Z7aVawH_N0/edit?gid=0#gid=0,0,0,0,0,0,0
931,0000320193,Apple Inc.,2025,0000320193-25-000079,false,false,false,1253,21,,,,0,false,,,0,0,0,0,0,0
119,0000006951,APPLIED MATERIALS INC /DE,2015,0000006951-15-000034,false,false,false,59,3,,,,0,false,,,0,0,0,0,0,0
120,0000006951,APPLIED MATERIALS INC /DE,2016,0000006951-16-000068,false,false,false,49,3,,,,0,false,,,0,0,0,0,0,0
121,0000006951,APPLIED MATERIALS INC /DE,2017,0000006951-17-000038,false,false,false,491,5,,,,0,false,,,0,0,0,0,0,0
122,0000006951,APPLIED MATERIALS INC /DE,2018,0000006951-18-000041,false,false,false,591,7,,,,0,false,,,0,0,0,0,0,0
123,0000006951,APPLIED MATERIALS INC /DE,2019,0000006951-19-000046,false,false,false,609,7,,,,0,false,,,0,0,0,0,0,0
124,0000006951,APPLIED MATERIALS INC /DE,2020,0000006951-20-000048,false,false,false,609,8,,,,0,false,,,0,0,0,0,0,0
125,0000006951,APPLIED MATERIALS INC /DE,2021,0000006951-21-000043,false,false,false,677,12,,,,0,false,,,0,0,0,0,0,0
126,0000006951,APPLIED MATERIALS INC /DE,2022,0000006951-22-000043,false,false,false,715,16,,,,0,false,,,0,0,0,0,0,0
127,0000006951,APPLIED MATERIALS INC /DE,2023,0000006951-23-000041,false,false,false,921,23,,,,0,false,,,0,0,0,0,0,0
128,0000006951,APPLIED MATERIALS INC /DE,2024,0000006951-24-000044,false,false,false,1222,60,,,,0,false,,,0,0,0,0,0,0
129,0000006951,APPLIED MATERIALS INC /DE,2025,0001628280-25-056742,false,false,false,1083,57,,,,0,false,,,0,0,0,0,0,0
2975,0001521332,Aptiv PLC,2017,0001521332-17-000013,false,false,true,291,4,Naomi Ichiriu; Yesenia Garcia,Naomi Ichiriu=done; Yesenia Garcia=done,Naomi Ichiriu=2026-08-19T18:32:05.009183; Yesenia Garcia=2026-09-04T04:55:55.924696,2,true,2026-09-05T03:14:04.104737,,0,0,0,0,0,0
2974,0001521332,Aptiv PLC,2018,0001521332-18-000013,false,false,true,173,4,Naomi Ichiriu; Yesenia Garcia,Naomi Ichiriu=done; Yesenia Garcia=done,Naomi Ichiriu=2026-08-19T18:32:43.614886; Yesenia Garcia=2026-09-04T04:55:58.289030,2,true,2026-09-05T03:14:06.200035,,0,0,0,0,0,0
2976,0001521332,Aptiv PLC,2019,0001521332-19-000007,false,false,true,3244,9,Naomi Ichiriu; Yesenia Garcia,Naomi Ichiriu=done; Yesenia Garcia=done,Naomi Ichiriu=2026-08-19T18:32:56.112004; Yesenia Garcia=2026-09-04T04:56:22.680696,2,true,2026-09-05T03:14:08.592628,,0,0,0,0,0,0
2978,0001521332,Aptiv PLC,2020,0001521332-20-000012,false,false,true,600,7,Naomi Ichiriu; Yesenia Garcia,Naomi Ichiriu=done; Yesenia Garcia=done,Naomi Ichiriu=2026-08-19T18:33:03.617182; Yesenia Garcia=2026-09-04T04:56:33.035146,2,true,2026-09-05T03:14:10.990829,,0,0,0,0,0,0
2979,0001521332,Aptiv PLC,2021,0001521332-21-000009,false,false,true,354,3,Naomi Ichiriu; Yesenia Garcia,Naomi Ichiriu=done; Yesenia Garcia=done,Naomi Ichiriu=2026-08-19T18:32:38.743331; Yesenia Garcia=2026-09-04T04:56:46.527294,2,true,2026-09-05T03:14:14.579755,,0,0,0,0,0,0
2980,0001521332,Aptiv PLC,2022,0001521332-22-000010,false,false,false,283,5,Naomi Ichiriu; Yesenia Garcia,Naomi Ichiriu=done; Yesenia Garcia=in_progress,Naomi Ichiriu=2026-09-08T14:05:25.503737; Yesenia Garcia=,2,false,,,1,0,1,0,0,0
3185,0001521332,Aptiv PLC,2023,0001521332-23-000013,false,false,false,518,9,Naomi Ichiriu,Naomi Ichiriu=done,Naomi Ichiriu=2026-09-08T14:06:07.003836,2,false,,,1,1,0,0,0,0
3186,0001521332,Aptiv PLC,2024,0001521332-24-000011,false,false,false,770,46,Naomi Ichiriu,Naomi Ichiriu=done,Naomi Ichiriu=2026-09-08T14:07:03.305228,2,false,,,2,2,0,0,0,0
3238,0001521332,Aptiv PLC,2025,0001521332-25-000010,false,false,false,803,52,Naomi Ichiriu,Naomi Ichiriu=done,Naomi Ichiriu=2026-09-08T14:08:32.772690,2,false,,,1,1,0,0,0,0
3239,0001521332,Aptiv PLC,2026,0001521332-26-000009,false,false,false,708,63,Naomi Ichiriu,Naomi Ichiriu=done,Naomi Ichiriu=2026-09-08T14:09:15.056391,2,false,,,1,1,0,0,0,0
1984,0000947484,ARCH CAPITAL GROUP LTD.,2018,0000947484-18-000012,false,false,true,89,4,Naomi Ichiriu; Akshitha Venkataraman,Naomi Ichiriu=done; Akshitha Venkataraman=done,Naomi Ichiriu=2026-07-21T04:39:39.516504; Akshitha Venkataraman=2026-08-17T09:49:15.448945,2,true,2026-08-17T14:54:22.039061,,0,0,0,0,0,0
1985,0000947484,ARCH CAPITAL GROUP LTD.,2019,0000947484-19-000008,false,false,true,477,7,Naomi Ichiriu; Akshitha Venkataraman,Naomi Ichiriu=done; Akshitha Venkataraman=done,Naomi Ichiriu=2026-07-21T04:40:03.067029; Akshitha Venkataraman=2026-08-17T09:49:17.666740,2,true,2026-08-17T14:54:24.745441,,0,0,0,0,0,0
1986,0000947484,ARCH CAPITAL GROUP LTD.,2020,0000947484-20-000012,false,false,true,484,7,Akshitha Venkataraman; Naomi Ichiriu,Akshitha Venkataraman=done; Naomi Ichiriu=done,Akshitha Venkataraman=2026-08-17T09:49:37.984903; Naomi Ichiriu=2026-07-21T04:40:47.316630,2,true,2026-08-17T14:54:27.875658,,0,0,0,0,0,0
1987,0000947484,ARCH CAPITAL GROUP LTD.,2021,0000947484-21-000028,false,false,true,96,6,Akshitha Venkataraman; Naomi Ichiriu,Akshitha Venkataraman=done; Naomi Ichiriu=done,Akshitha Venkataraman=2026-08-17T09:49:40.526211; Naomi Ichiriu=2026-07-21T04:41:11.515389,2,true,2026-08-17T14:54:30.927041,,0,0,0,0,0,0
1988,0000947484,ARCH CAPITAL GROUP LTD.,2022,0000947484-22-000015,false,false,true,98,8,Akshitha Venkataraman; Naomi Ichiriu,Akshitha Venkataraman=done; Naomi Ichiriu=done,Akshitha Venkataraman=2026-08-17T09:49:42.762579; Naomi Ichiriu=2026-07-21T04:41:42.797821,2,true,2026-08-17T14:54:34.396690,,0,0,0,0,0,0
1989,0000947484,ARCH CAPITAL GROUP LTD.,2023,0000947484-23-000015,false,false,true,112,10,Naomi Ichiriu; Akshitha Venkataraman,Naomi Ichiriu=done; Akshitha Venkataraman=done,Naomi Ichiriu=2026-07-21T04:42:16.514010; Akshitha Venkataraman=2026-08-17T09:49:50.265225,2,true,2026-08-17T14:54:37.378538,,0,0,0,0,0,0
1990,0000947484,ARCH CAPITAL GROUP LTD.,2024,0000947484-24-000020,false,false,false,948,296,Naomi Ichiriu; Akshitha Venkataraman,Naomi Ichiriu=done; Akshitha Venkataraman=done,Naomi Ichiriu=2026-07-21T06:08:14.887702; Akshitha Venkataraman=2026-08-17T10:39:18.710371,2,false,,,41,2,15,12,0,18
1991,0000947484,ARCH CAPITAL GROUP LTD.,2025,0000947484-25-000017,false,false,false,1457,422,Naomi Ichiriu; Akshitha Venkataraman,Naomi Ichiriu=done; Akshitha Venkataraman=done,Naomi Ichiriu=2026-07-21T06:55:16.394762; Akshitha Venkataraman=2026-08-17T12:50:52.247370,2,false,,,55,10,18,1,0,2
1992,0000947484,ARCH CAPITAL GROUP LTD.,2026,0000947484-26-000017,false,false,false,1908,507,Akshitha Venkataraman; Naomi Ichiriu,Akshitha Venkataraman=done; Naomi Ichiriu=done,Akshitha Venkataraman=2026-08-17T13:15:57.294602; Naomi Ichiriu=2026-08-12T12:34:27.048909,2,false,,,74,4,16,16,0,19
136,0000007084,Archer-Daniels-Midland Co,2021,0000007084-21-000008,false,false,false,23,1,Joseline Viveros; Alexa Bishop,Joseline Viveros=done; Alexa Bishop=done,Joseline Viveros=2026-09-27T02:58:48.933588; Alexa Bishop=2026-09-28T18:18:30.800639,2,true,2026-09-30T23:31:38.390468,,0,0,0,0,0,0
137,0000007084,Archer-Daniels-Midland Co,2022,0000007084-22-000008,false,false,false,28,1,Joseline Viveros; Alexa Bishop,Joseline Viveros=done; Alexa Bishop=done,Joseline Viveros=2026-09-27T02:59:22.809713; Alexa Bishop=2026-09-28T18:18:52.174747,2,true,2026-09-30T23:31:50.401496,,0,0,0,0,0,0
138,0000007084,Archer-Daniels-Midland Co,2023,0000007084-23-000010,false,false,false,21,1,Joseline Viveros; Alexa Bishop,Joseline Viveros=done; Alexa Bishop=done,Joseline Viveros=2026-09-27T03:00:27.952136; Alexa Bishop=2026-09-28T18:19:09.632156,2,true,2026-09-30T23:32:08.248615,,0,0,0,0,0,0
139,0000007084,Archer-Daniels-Midland Co,2024,0000007084-24-000009,false,false,false,46,29,Joseline Viveros; Alexa Bishop,Joseline Viveros=done; Alexa Bishop=done,Joseline Viveros=2026-09-27T03:06:28.716002; Alexa Bishop=2026-09-28T18:21:26.966819,2,false,,,3,1,1,1,0,3
140,0000007084,Archer-Daniels-Midland Co,2025,0000007084-25-000011,false,false,false,131,45,Joseline Viveros; Alexa Bishop,Joseline Viveros=done; Alexa Bishop=done,Joseline Viveros=2026-09-27T04:10:35.197881; Alexa Bishop=2026-09-28T18:36:41.344300,2,false,,,11,8,2,1,0,3
141,0000007084,Archer-Daniels-Midland Co,2026,0000007084-26-000011,false,false,false,383,47,Joseline Viveros; Alexa Bishop,Joseline Viveros=done; Alexa Bishop=done,Joseline Viveros=2026-09-27T04:15:28.526537; Alexa Bishop=2026-09-28T18:36:07.811588,2,false,,,15,9,5,1,0,3
1604,0001596532,"Arista Networks, Inc.",2015,0001596532-15-000004,false,false,true,1018,51,Naomi Ichiriu; Yesenia Garcia,Naomi Ichiriu=done; Yesenia Garcia=done,Naomi Ichiriu=2026-07-13T21:14:55.672327; Yesenia Garcia=2026-08-03T07:50:50.192024,2,true,2026-08-04T20:27:06.477710,,0,0,0,0,0,0
1605,0001596532,"Arista Networks, Inc.",2016,0001596532-16-000244,false,false,true,1025,54,Naomi Ichiriu; Yesenia Garcia,Naomi Ichiriu=done; Yesenia Garcia=done,Naomi Ichiriu=2026-07-13T21:06:52.992800; Yesenia Garcia=2026-08-03T07:51:01.792686,2,true,2026-08-04T20:27:09.960640,,0,0,0,0,0,0
1606,0001596532,"Arista Networks, Inc.",2017,0001596532-17-000019,false,false,true,1113,49,Yesenia Garcia; Naomi Ichiriu,Yesenia Garcia=done; Naomi Ichiriu=done,Yesenia Garcia=2026-08-03T07:51:16.396600; Naomi Ichiriu=2026-07-13T21:16:00.646070,2,true,2026-08-04T20:27:13.933260,,0,0,0,0,0,0
1610,0001596532,"Arista Networks, Inc.",2018,0001596532-18-000018,false,false,true,1163,51,Naomi Ichiriu; Yesenia Garcia,Naomi Ichiriu=done; Yesenia Garcia=done,Naomi Ichiriu=2026-07-14T00:35:38.414165; Yesenia Garcia=2026-08-03T07:51:25.730997,2,true,2026-08-04T20:27:20.109262,,0,0,0,0,0,0
1607,0001596532,"Arista Networks, Inc.",2019,0001596532-19-000027,false,false,true,1057,57,Naomi Ichiriu; Yesenia Garcia,Naomi Ichiriu=done; Yesenia Garcia=done,Naomi Ichiriu=2026-07-13T21:18:09.591044; Yesenia Garcia=2026-08-03T07:51:35.098754,2,true,2026-08-04T20:27:28.995396,,0,0,0,0,0,0
1608,0001596532,"Arista Networks, Inc.",2020,0001596532-20-000024,false,false,true,1187,57,Naomi Ichiriu; Yesenia Garcia,Naomi Ichiriu=done; Yesenia Garcia=done,Naomi Ichiriu=2026-07-13T21:27:15.378661; Yesenia Garcia=2026-08-03T07:51:42.204052,2,true,2026-08-04T20:27:32.501061,,0,0,0,0,0,0
1609,0001596532,"Arista Networks, Inc.",2021,0001596532-21-000049,false,false,true,1363,109,Naomi Ichiriu; Yesenia Garcia,Naomi Ichiriu=done; Yesenia Garcia=done,Naomi Ichiriu=2026-07-14T00:33:37.225944; Yesenia Garcia=2026-08-03T07:52:02.998315,2,true,2026-08-04T20:27:37.708785,,0,0,0,0,0,0
1611,0001596532,"Arista Networks, Inc.",2022,0001596532-22-000026,false,false,true,1823,86,Naomi Ichiriu; Yesenia Garcia,Naomi Ichiriu=done; Yesenia Garcia=done,Naomi Ichiriu=2026-07-14T00:39:14.319073; Yesenia Garcia=2026-08-03T07:52:21.999789,2,true,2026-08-04T20:27:42.651498,,0,0,0,0,0,0
1613,0001596532,"Arista Networks, Inc.",2023,0001596532-23-000016,false,false,true,2225,100,Yesenia Garcia; Naomi Ichiriu,Yesenia Garcia=done; Naomi Ichiriu=done,Yesenia Garcia=2026-08-03T07:53:06.631696; Naomi Ichiriu=2026-07-14T00:42:04.964427,2,true,2026-08-04T20:27:47.086308,,0,0,0,0,0,0
1614,0001596532,"Arista Networks, Inc.",2024,0001596532-24-000043,false,false,false,2472,503,Yesenia Garcia; Naomi Ichiriu,Yesenia Garcia=done; Naomi Ichiriu=done,Yesenia Garcia=2026-08-03T07:59:50.463747; Naomi Ichiriu=2026-07-14T01:17:54.708664,2,false,,,15,5,6,3,0,4
1615,0001596532,"Arista Networks, Inc.",2025,0001596532-25-000028,false,false,false,3487,713,Naomi Ichiriu; Yesenia Garcia,Naomi Ichiriu=done; Yesenia Garcia=done,Naomi Ichiriu=2026-07-14T01:17:46.143112; Yesenia Garcia=2026-08-03T08:03:05.392640,2,false,,,31,4,18,2,0,4
1616,0001596532,"Arista Networks, Inc.",2026,0001596532-26-000013,false,false,false,3094,638,Yesenia Garcia; Naomi Ichiriu,Yesenia Garcia=in_progress; Naomi Ichiriu=done,Yesenia Garcia=; Naomi Ichiriu=2026-08-10T04:33:50.361106,2,false,,,35,0,28,0,0,0
2414,0001267238,"ASSURANT, INC.",2015,0001193125-15-054288,false,false,false,11,1,Yesenia Garcia; Akshitha Venkataraman,Yesenia Garcia=done; Akshitha Venkataraman=done,Yesenia Garcia=2026-08-03T07:10:27.717148; Akshitha Venkataraman=2026-07-29T20:19:04.587869,2,false,,,0,0,0,0,0,0
2415,0001267238,"ASSURANT, INC.",2016,0001628280-16-011239,false,false,false,11,1,Yesenia Garcia; Akshitha Venkataraman,Yesenia Garcia=done; Akshitha Venkataraman=done,Yesenia Garcia=2026-08-03T07:10:29.999657; Akshitha Venkataraman=2026-07-29T20:19:56.844103,2,false,,,0,0,0,0,0,0
2416,0001267238,"ASSURANT, INC.",2017,0001628280-17-001320,false,false,false,10,1,Yesenia Garcia; Akshitha Venkataraman,Yesenia Garcia=done; Akshitha Venkataraman=done,Yesenia Garcia=2026-08-03T07:10:31.856286; Akshitha Venkataraman=2026-07-29T21:51:34.853985,2,false,,,0,0,0,0,0,0
2417,0001267238,"ASSURANT, INC.",2018,0001628280-18-001695,false,false,false,146,5,Yesenia Garcia; Akshitha Venkataraman,Yesenia Garcia=done; Akshitha Venkataraman=done,Yesenia Garcia=2026-08-03T07:10:48.318880; Akshitha Venkataraman=2026-07-29T21:52:22.436660,2,false,,,0,0,0,0,0,0
2418,0001267238,"ASSURANT, INC.",2019,0001628280-19-001767,false,false,false,290,11,Yesenia Garcia; Akshitha Venkataraman,Yesenia Garcia=done; Akshitha Venkataraman=done,Yesenia Garcia=2026-08-03T07:11:07.059201; Akshitha Venkataraman=2026-07-29T21:54:11.206996,2,false,,,0,0,0,0,0,0
2419,0001267238,"ASSURANT, INC.",2020,0001267238-20-000004,false,false,false,319,14,Akshitha Venkataraman; Yesenia Garcia,Akshitha Venkataraman=done; Yesenia Garcia=done,Akshitha Venkataraman=2026-07-29T21:56:35.540327; Yesenia Garcia=2026-08-03T07:11:29.348747,2,false,,,1,0,1,0,0,0
2420,0001267238,"ASSURANT, INC.",2021,0001267238-21-000010,false,false,false,463,18,Akshitha Venkataraman; Yesenia Garcia,Akshitha Venkataraman=done; Yesenia Garcia=done,Akshitha Venkataraman=2026-07-29T22:01:31.318025; Yesenia Garcia=2026-08-03T07:11:54.728668,2,false,,,1,0,1,0,0,0
2421,0001267238,"ASSURANT, INC.",2022,0001267238-22-000006,false,false,false,459,16,Yesenia Garcia; Akshitha Venkataraman,Yesenia Garcia=done; Akshitha Venkataraman=done,Yesenia Garcia=2026-08-03T07:12:23.680196; Akshitha Venkataraman=2026-07-29T22:04:22.212758,2,false,,,0,0,0,0,0,0
2422,0001267238,"ASSURANT, INC.",2023,0001267238-23-000007,false,false,false,369,14,Yesenia Garcia; Akshitha Venkataraman,Yesenia Garcia=done; Akshitha Venkataraman=done,Yesenia Garcia=2026-08-03T07:12:50.796397; Akshitha Venkataraman=2026-07-29T22:06:07.810880,2,false,,,0,0,0,0,0,0
2423,0001267238,"ASSURANT, INC.",2024,0001267238-24-000008,false,false,false,444,61,Akshitha Venkataraman; Yesenia Garcia,Akshitha Venkataraman=done; Yesenia Garcia=done,Akshitha Venkataraman=2026-07-29T22:41:28.081151; Yesenia Garcia=2026-08-03T07:17:20.255849,2,false,,,9,3,6,0,0,0
2467,0001267238,"ASSURANT, INC.",2025,0001267238-25-000008,false,false,false,570,185,Yesenia Garcia; Akshitha Venkataraman,Yesenia Garcia=done; Akshitha Venkataraman=done,Yesenia Garcia=2026-09-21T01:23:11.750235; Akshitha Venkataraman=2026-09-30T05:09:28.993776,2,false,,,10,0,10,0,0,0
2468,0001267238,"ASSURANT, INC.",2026,0001267238-26-000010,false,false,false,701,248,Yesenia Garcia,Yesenia Garcia=done,Yesenia Garcia=2026-09-21T01:28:24.349348,2,false,,,9,9,0,0,0,0
3711,0000769397,"Autodesk, Inc.",2015,0000769397-15-000012,false,false,false,374,3,Amali Oakley; Alexa Bishop,Amali Oakley=done; Alexa Bishop=done,Amali Oakley=2026-09-15T00:53:44.436867; Alexa Bishop=2026-09-16T01:10:39.118491,2,true,2026-09-17T16:54:15.245534,,0,0,0,0,0,0
3982,0000769397,"Autodesk, Inc.",2016,0000769397-16-000067,false,false,false,402,4,Amali Oakley; Alexa Bishop,Amali Oakley=done; Alexa Bishop=done,Amali Oakley=2026-09-15T00:54:42.628265; Alexa Bishop=2026-09-16T01:11:39.318676,2,true,2026-09-17T16:54:28.441943,,0,0,0,0,0,0
3983,0000769397,"Autodesk, Inc.",2017,0000769397-17-000014,false,false,false,296,3,Amali Oakley; Alexa Bishop,Amali Oakley=done; Alexa Bishop=done,Amali Oakley=2026-09-15T00:55:32.242733; Alexa Bishop=2026-09-16T01:12:18.268213,2,true,2026-09-17T16:54:44.509297,,0,0,0,0,0,0
3984,0000769397,"Autodesk, Inc.",2018,0000769397-18-000011,false,false,false,504,3,Amali Oakley; Alexa Bishop,Amali Oakley=done; Alexa Bishop=done,Amali Oakley=2026-09-15T00:57:37.197360; Alexa Bishop=2026-09-16T01:13:00.173957,2,true,2026-09-17T16:54:59.498344,,0,0,0,0,0,0
3985,0000769397,"Autodesk, Inc.",2019,0000769397-19-000016,false,false,false,1452,4,Amali Oakley; Alexa Bishop,Amali Oakley=done; Alexa Bishop=done,Amali Oakley=2026-09-15T01:06:08.548960; Alexa Bishop=2026-09-16T01:14:34.287067,2,true,2026-09-17T16:55:14.708651,,0,0,0,0,0,0
3986,0000769397,"Autodesk, Inc.",2020,0000769397-20-000013,false,false,false,744,4,Amali Oakley; Alexa Bishop,Amali Oakley=done; Alexa Bishop=done,Amali Oakley=2026-09-15T01:08:24.989950; Alexa Bishop=2026-09-16T01:21:30.656775,2,true,2026-09-17T16:55:29.625275,,0,0,0,0,0,0
3987,0000769397,"Autodesk, Inc.",2021,0000769397-21-000014,false,false,false,1088,144,Amali Oakley; Alexa Bishop,Amali Oakley=done; Alexa Bishop=done,Amali Oakley=2026-09-15T01:21:58.626424; Alexa Bishop=2026-09-16T01:50:40.167803,2,true,2026-09-27T18:15:43.814454,,8,2,0,6,0,8
3988,0000769397,"Autodesk, Inc.",2022,0000769397-22-000019,false,false,false,1129,172,Amali Oakley; Alexa Bishop,Amali Oakley=done; Alexa Bishop=done,Amali Oakley=2026-09-15T01:30:46.982410; Alexa Bishop=2026-09-16T01:57:07.669203,2,true,2026-09-27T18:18:46.896723,,9,2,0,7,0,6
3989,0000769397,"Autodesk, Inc.",2023,0000769397-23-000036,false,false,false,1359,148,Amali Oakley; Alexa Bishop,Amali Oakley=done; Alexa Bishop=done,Amali Oakley=2026-09-15T04:14:23.227636; Alexa Bishop=2026-09-16T02:07:24.146203,2,true,2026-09-28T03:04:55.470747,,11,2,0,7,0,8
3995,0000769397,"Autodesk, Inc.",2024,0000769397-24-000090,false,false,false,2122,329,Amali Oakley; Alexa Bishop,Amali Oakley=done; Alexa Bishop=done,Amali Oakley=2026-09-15T04:38:50.527388; Alexa Bishop=2026-09-16T02:30:56.012940,2,true,2026-09-30T03:50:52.920546,,19,6,0,13,0,13
3996,0000769397,"Autodesk, Inc.",2025,0000769397-25-000019,false,false,false,2267,347,Amali Oakley; Alexa Bishop,Amali Oakley=done; Alexa Bishop=done,Amali Oakley=2026-09-15T12:59:52.388088; Alexa Bishop=2026-09-16T02:46:05.572958,2,false,,,24,7,3,11,0,18
3997,0000769397,"Autodesk, Inc.",2026,0000769397-26-000015,false,false,false,2071,318,Amali Oakley; Alexa Bishop,Amali Oakley=done; Alexa Bishop=done,Amali Oakley=2026-09-15T17:06:38.596475; Alexa Bishop=2026-09-16T03:03:59.796221,2,false,,,26,11,13,0,0,0
142,0000008670,AUTOMATIC DATA PROCESSING INC,2015,0000008670-15-000021,false,false,false,236,1,Akshitha Venkataraman; Yesenia Garcia,Akshitha Venkataraman=done; Yesenia Garcia=done,Akshitha Venkataraman=2026-08-03T17:45:34.883467; Yesenia Garcia=2026-08-03T09:58:30.177303,2,true,2026-09-21T04:36:36.928218,,0,0,0,0,0,0
144,0000008670,AUTOMATIC DATA PROCESSING INC,2017,0000008670-17-000010,false,false,false,51,1,Yesenia Garcia; Akshitha Venkataraman,Yesenia Garcia=done; Akshitha Venkataraman=done,Yesenia Garcia=2026-08-03T09:58:36.762170; Akshitha Venkataraman=2026-08-03T17:45:39.449745,2,true,2026-09-21T04:36:39.532364,,0,0,0,0,0,0
145,0000008670,AUTOMATIC DATA PROCESSING INC,2018,0000008670-18-000011,false,false,false,322,4,Yesenia Garcia; Akshitha Venkataraman,Yesenia Garcia=done; Akshitha Venkataraman=done,Yesenia Garcia=2026-08-03T09:58:44.665928; Akshitha Venkataraman=2026-08-03T17:45:43.701001,2,true,2026-09-21T04:36:42.504209,,0,0,0,0,0,0
146,0000008670,AUTOMATIC DATA PROCESSING INC,2019,0000008670-19-000021,false,false,false,276,6,Yesenia Garcia; Akshitha Venkataraman,Yesenia Garcia=done; Akshitha Venkataraman=done,Yesenia Garcia=2026-08-03T09:59:04.281947; Akshitha Venkataraman=2026-08-03T17:45:47.196262,2,true,2026-09-21T04:36:45.492333,,0,0,0,0,0,0
147,0000008670,AUTOMATIC DATA PROCESSING INC,2020,0000008670-20-000032,false,false,false,465,8,Yesenia Garcia; Akshitha Venkataraman,Yesenia Garcia=done; Akshitha Venkataraman=done,Yesenia Garcia=2026-08-03T09:59:15.534261; Akshitha Venkataraman=2026-08-03T17:45:50.699939,2,true,2026-09-21T04:36:48.903860,,0,0,0,0,0,0
148,0000008670,AUTOMATIC DATA PROCESSING INC,2021,0000008670-21-000027,false,false,false,576,13,Yesenia Garcia; Akshitha Venkataraman,Yesenia Garcia=done; Akshitha Venkataraman=done,Yesenia Garcia=2026-08-03T09:59:30.381938; Akshitha Venkataraman=2026-08-03T17:45:54.280655,2,true,2026-09-21T04:36:53.125974,,0,0,0,0,0,0
149,0000008670,AUTOMATIC DATA PROCESSING INC,2022,0000008670-22-000038,false,false,false,376,13,Akshitha Venkataraman; Yesenia Garcia,Akshitha Venkataraman=done; Yesenia Garcia=done,Akshitha Venkataraman=2026-08-03T17:46:12.115471; Yesenia Garcia=2026-08-03T10:00:19.252231,2,true,2026-09-21T04:36:57.274060,,0,0,0,0,0,0
150,0000008670,AUTOMATIC DATA PROCESSING INC,2023,0000008670-23-000030,false,false,false,460,42,Yesenia Garcia; Akshitha Venkataraman,Yesenia Garcia=done; Akshitha Venkataraman=done,Yesenia Garcia=2026-08-03T10:06:26.011971; Akshitha Venkataraman=2026-08-03T17:50:31.046640,2,false,,,14,1,10,3,0,13
151,0000008670,AUTOMATIC DATA PROCESSING INC,2024,0000008670-24-000024,false,false,false,964,89,Akshitha Venkataraman; Yesenia Garcia,Akshitha Venkataraman=done; Yesenia Garcia=done,Akshitha Venkataraman=2026-08-03T17:58:14.712595; Yesenia Garcia=2026-08-03T10:28:04.103070,2,false,,,13,0,13,0,0,13
152,0000008670,AUTOMATIC DATA PROCESSING INC,2025,0000008670-25-000037,false,false,false,707,89,Yesenia Garcia; Akshitha Venkataraman,Yesenia Garcia=done; Akshitha Venkataraman=done,Yesenia Garcia=2026-08-03T10:44:00.596254; Akshitha Venkataraman=2026-08-03T17:58:18.473443,2,false,,,17,0,13,0,0,13
157,0000008818,Avery Dennison Corp,2015,0001047469-15-001200,false,false,false,43,1,,,,0,false,,,0,0,0,0,0,0
158,0000008818,Avery Dennison Corp,2016,0001047469-16-010376,false,false,false,44,1,,,,0,false,,,0,0,0,0,0,0
159,0000008818,Avery Dennison Corp,2017,0001047469-17-000881,false,false,false,44,1,,,,0,false,,,0,0,0,0,0,0
160,0000008818,Avery Dennison Corp,2018,0001047469-18-000931,false,false,false,47,1,,,,0,false,,,0,0,0,0,0,0
161,0000008818,Avery Dennison Corp,2019,0001047469-19-000747,false,false,false,54,3,,,,0,false,,,0,0,0,0,0,0
162,0000008818,Avery Dennison Corp,2020,0001104659-20-025360,false,false,false,53,3,,,,0,false,,,0,0,0,0,0,0
163,0000008818,Avery Dennison Corp,2021,0001193125-21-055146,false,false,false,283,4,,,,0,false,,,0,0,0,0,0,0
164,0000008818,Avery Dennison Corp,2022,0001193125-22-049910,false,false,false,287,6,,,,0,false,,,0,0,0,0,0,0
153,0000008818,Avery Dennison Corp,2023,0000008818-23-000002,false,false,false,66,5,,,,0,false,,,0,0,0,0,0,0
154,0000008818,Avery Dennison Corp,2024,0000008818-24-000003,false,false,false,123,24,,,,0,false,,,0,0,0,0,0,0
155,0000008818,Avery Dennison Corp,2025,0000008818-25-000003,false,false,false,98,29,,,,0,false,,,0,0,0,0,0,0
156,0000008818,Avery Dennison Corp,2026,0000008818-26-000015,false,false,false,140,32,,,,0,false,,,0,0,0,0,0,0
3510,0001069183,"AXON ENTERPRISE, INC.",2015,0001069183-15-000028,false,false,false,473,2,Yesenia Garcia,Yesenia Garcia=done,Yesenia Garcia=2026-08-31T05:43:53.133862,2,false,,,0,0,0,0,0,0
3512,0001069183,"AXON ENTERPRISE, INC.",2017,0001069183-17-000042,false,false,false,2158,40,Yesenia Garcia,Yesenia Garcia=in_progress,Yesenia Garcia=,2,false,,,0,0,0,0,0,0
2460,0001701605,Baker Hughes Co,2018,0001701605-18-000029,false,false,false,71,5,Akshitha Venkataraman; Yesenia Garcia,Akshitha Venkataraman=done; Yesenia Garcia=done,Akshitha Venkataraman=2026-08-02T20:59:24.309196; Yesenia Garcia=2026-08-03T08:40:24.500556,2,true,2026-09-21T02:45:04.680889,,0,0,0,0,0,0
2461,0001701605,Baker Hughes Co,2019,0001701605-19-000021,false,false,false,99,4,Akshitha Venkataraman; Yesenia Garcia,Akshitha Venkataraman=done; Yesenia Garcia=done,Akshitha Venkataraman=2026-08-02T21:12:39.286222; Yesenia Garcia=2026-08-03T08:40:35.580278,2,true,2026-09-21T02:45:07.199065,,0,0,0,0,0,0
2462,0001701605,Baker Hughes Co,2020,0001701605-20-000019,false,false,false,282,48,Akshitha Venkataraman; Yesenia Garcia,Akshitha Venkataraman=done; Yesenia Garcia=done,Akshitha Venkataraman=2026-08-02T21:18:26.661689; Yesenia Garcia=2026-08-03T08:45:53.122091,2,false,,,1,0,1,0,0,1
2463,0001701605,Baker Hughes Co,2021,0001701605-21-000026,false,false,false,1216,162,Yesenia Garcia; Akshitha Venkataraman,Yesenia Garcia=done; Akshitha Venkataraman=done,Yesenia Garcia=2026-08-10T07:05:17.029859; Akshitha Venkataraman=2026-08-02T21:28:05.758409,2,false,,,1,0,1,0,0,1
2464,0001701605,Baker Hughes Co,2022,0001701605-22-000050,false,false,false,1174,186,Akshitha Venkataraman; Yesenia Garcia,Akshitha Venkataraman=done; Yesenia Garcia=done,Akshitha Venkataraman=2026-08-02T21:36:36.855325; Yesenia Garcia=2026-08-10T07:06:05.696787,2,true,2026-09-21T02:45:23.806072,,0,0,0,0,0,0
2465,0001701605,Baker Hughes Co,2023,0001701605-23-000044,false,false,false,1762,272,Akshitha Venkataraman; Yesenia Garcia,Akshitha Venkataraman=done; Yesenia Garcia=done,Akshitha Venkataraman=2026-08-03T00:02:05.997454; Yesenia Garcia=2026-08-10T07:06:47.908766,2,true,2026-09-21T02:45:27.322982,,0,0,0,0,0,0
2466,0001701605,Baker Hughes Co,2024,0001701605-24-000033,false,false,false,541,143,Yesenia Garcia; Akshitha Venkataraman,Yesenia Garcia=done; Akshitha Venkataraman=done,Yesenia Garcia=2026-08-10T07:07:11.514766; Akshitha Venkataraman=2026-08-03T15:19:17.286397,2,true,2026-09-21T02:45:31.325592,,0,0,0,0,0,0
2472,0001701605,Baker Hughes Co,2025,0001701605-25-000035,false,false,false,674,177,Akshitha Venkataraman; Yesenia Garcia,Akshitha Venkataraman=done; Yesenia Garcia=done,Akshitha Venkataraman=2026-08-03T15:39:41.838376; Yesenia Garcia=2026-08-10T07:09:04.985106,2,false,,,4,0,1,3,0,4
2473,0001701605,Baker Hughes Co,2026,0001701605-26-000007,false,false,false,947,266,Akshitha Venkataraman; Yesenia Garcia,Akshitha Venkataraman=done; Yesenia Garcia=done,Akshitha Venkataraman=2026-08-03T16:03:06.159274; Yesenia Garcia=2026-08-10T07:13:28.616932,2,false,,,15,6,4,5,0,9
175,0000009389,BALL Corp,2024,0001558370-24-001349,false,false,true,62,17,Naomi Ichiriu; Akshitha Venkataraman,Naomi Ichiriu=done; Akshitha Venkataraman=done,Naomi Ichiriu=2026-07-21T04:51:07.194839; Akshitha Venkataraman=2026-08-17T09:47:08.644561,2,true,2026-08-26T15:33:54.319723,,0,0,0,0,0,0
176,0000009389,BALL Corp,2025,0001558370-25-001190,false,false,true,60,15,Naomi Ichiriu; Akshitha Venkataraman,Naomi Ichiriu=done; Akshitha Venkataraman=done,Naomi Ichiriu=2026-07-21T04:51:01.281941; Akshitha Venkataraman=2026-08-17T09:47:10.905723,2,true,2026-08-26T15:33:57.713063,,0,0,0,0,0,0
168,0000009389,BALL Corp,2026,0001104659-26-017410,false,false,true,397,16,Akshitha Venkataraman; Naomi Ichiriu,Akshitha Venkataraman=done; Naomi Ichiriu=done,Akshitha Venkataraman=2026-08-17T09:47:06.984600; Naomi Ichiriu=2026-07-21T04:50:54.298435,2,true,2026-08-26T15:34:01.569871,,0,0,0,0,0,0
1618,0000070858,BANK OF AMERICA CORP /DE/,2015,0000070858-15-000008,false,false,false,316,2,Naomi Ichiriu; Yesenia Garcia,Naomi Ichiriu=done; Yesenia Garcia=done,Naomi Ichiriu=2026-07-14T01:21:58.842872; Yesenia Garcia=2026-08-06T06:02:36.077088,2,true,2026-08-08T01:17:40.632503,,0,0,0,0,0,0
1619,0000070858,BANK OF AMERICA CORP /DE/,2016,0000070858-16-000137,false,false,true,319,2,Yesenia Garcia; Naomi Ichiriu,Yesenia Garcia=done; Naomi Ichiriu=done,Yesenia Garcia=2026-08-06T06:02:43.969845; Naomi Ichiriu=2026-07-14T01:22:12.227724,2,true,2026-08-08T01:17:46.583161,,0,0,0,0,0,0
1620,0000070858,BANK OF AMERICA CORP /DE/,2017,0000070858-17-000013,false,false,true,119,4,Naomi Ichiriu; Yesenia Garcia,Naomi Ichiriu=done; Yesenia Garcia=done,Naomi Ichiriu=2026-07-14T01:22:42.132913; Yesenia Garcia=2026-08-06T06:02:50.048641,2,true,2026-08-08T01:17:50.104447,,0,0,0,0,0,0
1621,0000070858,BANK OF AMERICA CORP /DE/,2018,0000070858-18-000009,false,false,true,77,6,Yesenia Garcia; Naomi Ichiriu,Yesenia Garcia=done; Naomi Ichiriu=done,Yesenia Garcia=2026-08-06T06:02:55.362328; Naomi Ichiriu=2026-07-14T01:22:49.334312,2,true,2026-08-08T01:17:52.697536,,0,0,0,0,0,0
1626,0000070858,BANK OF AMERICA CORP /DE/,2019,0000070858-19-000012,false,false,true,357,11,Yesenia Garcia; Naomi Ichiriu,Yesenia Garcia=done; Naomi Ichiriu=done,Yesenia Garcia=2026-08-06T06:03:32.891443; Naomi Ichiriu=2026-07-14T01:25:37.742361,2,true,2026-08-10T16:19:37.872015,,2,0,0,2,0,2
1622,0000070858,BANK OF AMERICA CORP /DE/,2020,0000070858-20-000011,false,false,true,362,12,Naomi Ichiriu; Yesenia Garcia,Naomi Ichiriu=done; Yesenia Garcia=done,Naomi Ichiriu=2026-07-14T01:26:33.396952; Yesenia Garcia=2026-08-06T06:04:27.338910,2,true,2026-08-10T16:22:09.975756,,4,1,0,2,0,3
1625,0000070858,BANK OF AMERICA CORP /DE/,2021,0000070858-21-000023,false,false,true,415,56,Yesenia Garcia; Naomi Ichiriu,Yesenia Garcia=done; Naomi Ichiriu=done,Yesenia Garcia=2026-08-06T06:05:34.303054; Naomi Ichiriu=2026-07-14T01:27:20.580308,2,true,2026-08-10T16:21:24.793300,,3,1,0,1,0,1
1623,0000070858,BANK OF AMERICA CORP /DE/,2022,0000070858-22-000062,false,false,true,593,126,Naomi Ichiriu; Yesenia Garcia,Naomi Ichiriu=done; Yesenia Garcia=done,Naomi Ichiriu=2026-07-14T01:28:28.908996; Yesenia Garcia=2026-08-06T06:06:12.008198,2,true,2026-08-10T16:23:19.650532,,3,1,0,2,0,3
1627,0000070858,BANK OF AMERICA CORP /DE/,2023,0000070858-23-000092,false,false,true,579,123,Yesenia Garcia; Naomi Ichiriu,Yesenia Garcia=done; Naomi Ichiriu=done,Yesenia Garcia=2026-08-06T06:07:10.960163; Naomi Ichiriu=2026-07-14T01:32:53.142481,2,true,2026-08-11T07:19:12.336001,,7,2,0,3,0,6
1624,0000070858,BANK OF AMERICA CORP /DE/,2024,0000070858-24-000122,false,false,true,687,155,Naomi Ichiriu; Yesenia Garcia,Naomi Ichiriu=done; Yesenia Garcia=done,Naomi Ichiriu=2026-07-14T01:30:36.395501; Yesenia Garcia=2026-08-06T06:10:22.572933,2,true,2026-08-10T16:27:58.022839,,7,3,0,4,0,4
1628,0000070858,BANK OF AMERICA CORP /DE/,2025,0000070858-25-000139,false,false,true,3373,238,Yesenia Garcia; Naomi Ichiriu,Yesenia Garcia=done; Naomi Ichiriu=done,Yesenia Garcia=2026-08-10T07:22:06.025132; Naomi Ichiriu=2026-08-11T07:30:49.866873,2,true,2026-08-26T18:39:10.295780,,24,6,0,14,0,19
1629,0000070858,BANK OF AMERICA CORP /DE/,2026,0000070858-26-000157,false,false,false,725,195,Yesenia Garcia; Naomi Ichiriu,Yesenia Garcia=done; Naomi Ichiriu=done,Yesenia Garcia=2026-08-10T07:28:50.477137; Naomi Ichiriu=2026-08-08T05:49:10.961198,2,true,2026-09-30T18:14:12.897698,,29,2,0,23,0,31
177,0000010456,BAXTER INTERNATIONAL INC,2015,0001193125-15-065871,false,false,true,,,Naomi Ichiriu; Yesenia Garcia,Naomi Ichiriu=done; Yesenia Garcia=done,Naomi Ichiriu=2026-07-05T22:05:48.207115; Yesenia Garcia=2026-07-02T15:08:13.275802,2,true,,https://docs.google.com/spreadsheets/d/1NdS4qTdRfhv326FXepvh2ZFrwf7sHZOC8Z7aVawH_N0/edit?gid=765147283#gid=765147283,0,0,0,0,0,0
178,0000010456,BAXTER INTERNATIONAL INC,2016,0001193125-16-479471,false,false,true,,,Naomi Ichiriu; Yesenia Garcia,Naomi Ichiriu=done; Yesenia Garcia=done,Naomi Ichiriu=2026-07-05T22:06:00.498031; Yesenia Garcia=2026-07-02T15:08:26.959445,2,true,,https://docs.google.com/spreadsheets/d/1NdS4qTdRfhv326FXepvh2ZFrwf7sHZOC8Z7aVawH_N0/edit?gid=765147283#gid=765147283,0,0,0,0,0,0
179,0000010456,BAXTER INTERNATIONAL INC,2017,0001564590-17-002240,false,false,true,,,Yesenia Garcia; Naomi Ichiriu,Yesenia Garcia=done; Naomi Ichiriu=done,Yesenia Garcia=2026-07-02T15:08:40.499205; Naomi Ichiriu=2026-07-05T22:06:06.217333,2,true,,https://docs.google.com/spreadsheets/d/1NdS4qTdRfhv326FXepvh2ZFrwf7sHZOC8Z7aVawH_N0/edit?gid=765147283#gid=765147283,0,0,0,0,0,0
183,0000010456,BAXTER INTERNATIONAL INC,2021,0001628280-21-001867,false,false,true,,,Naomi Ichiriu; Yesenia Garcia,Naomi Ichiriu=done; Yesenia Garcia=done,Naomi Ichiriu=2026-07-05T22:06:20.234811; Yesenia Garcia=2026-07-02T15:09:26.510810,2,true,,https://docs.google.com/spreadsheets/d/1NdS4qTdRfhv326FXepvh2ZFrwf7sHZOC8Z7aVawH_N0/edit?gid=765147283#gid=765147283,0,0,0,0,0,0
184,0000010456,BAXTER INTERNATIONAL INC,2022,0001628280-22-003432,false,false,true,,,Naomi Ichiriu; Yesenia Garcia,Naomi Ichiriu=done; Yesenia Garcia=done,Naomi Ichiriu=2026-07-05T22:07:45.456548; Yesenia Garcia=2026-07-02T15:09:40.128627,2,true,,https://docs.google.com/spreadsheets/d/1NdS4qTdRfhv326FXepvh2ZFrwf7sHZOC8Z7aVawH_N0/edit?gid=765147283#gid=765147283,0,0,0,0,0,0
185,0000010456,BAXTER INTERNATIONAL INC,2023,0001628280-23-002864,false,false,true,,,Yesenia Garcia; Naomi Ichiriu,Yesenia Garcia=done; Naomi Ichiriu=done,Yesenia Garcia=2026-07-02T15:09:58.510455; Naomi Ichiriu=2026-07-05T22:07:56.533446,2,true,,https://docs.google.com/spreadsheets/d/1NdS4qTdRfhv326FXepvh2ZFrwf7sHZOC8Z7aVawH_N0/edit?gid=765147283#gid=765147283,0,0,0,0,0,0
186,0000010456,BAXTER INTERNATIONAL INC,2024,0001628280-24-003932,false,false,true,,,Yesenia Garcia; Naomi Ichiriu,Yesenia Garcia=done; Naomi Ichiriu=done,Yesenia Garcia=2026-07-02T15:12:08.301655; Naomi Ichiriu=2026-07-05T22:16:29.738698,2,true,,https://docs.google.com/spreadsheets/d/1NdS4qTdRfhv326FXepvh2ZFrwf7sHZOC8Z7aVawH_N0/edit?gid=765147283#gid=765147283,4,0,0,0,0,0
187,0000010456,BAXTER INTERNATIONAL INC,2025,0001628280-25-007201,false,false,true,,,Yesenia Garcia; Naomi Ichiriu,Yesenia Garcia=done; Naomi Ichiriu=done,Yesenia Garcia=2026-07-02T15:27:08.628758; Naomi Ichiriu=2026-07-05T22:48:59.135765,2,true,,https://docs.google.com/spreadsheets/d/1NdS4qTdRfhv326FXepvh2ZFrwf7sHZOC8Z7aVawH_N0/edit?gid=765147283#gid=765147283,30,0,0,0,0,0
188,0000010456,BAXTER INTERNATIONAL INC,2026,0001628280-26-007733,false,false,true,,,Yesenia Garcia; Naomi Ichiriu,Yesenia Garcia=done; Naomi Ichiriu=done,Yesenia Garcia=2026-07-09T19:42:11.383537; Naomi Ichiriu=2026-07-05T22:49:04.685174,2,true,,https://docs.google.com/spreadsheets/d/1NdS4qTdRfhv326FXepvh2ZFrwf7sHZOC8Z7aVawH_N0/edit?gid=765147283#gid=765147283,23,0,20,0,0,0
193,0000010795,BECTON DICKINSON & CO,2021,0000010795-21-000091,false,false,false,188,1,Yesenia Garcia; Akshitha Venkataraman,Yesenia Garcia=done; Akshitha Venkataraman=done,Yesenia Garcia=2026-08-03T09:32:40.062921; Akshitha Venkataraman=2026-08-03T17:28:12.135670,2,true,2026-09-21T03:59:52.482844,,0,0,0,0,0,0
199,0000010795,BECTON DICKINSON & CO,2022,0001628280-22-030686,false,false,false,128,4,Yesenia Garcia; Akshitha Venkataraman,Yesenia Garcia=done; Akshitha Venkataraman=done,Yesenia Garcia=2026-08-03T09:32:49.710570; Akshitha Venkataraman=2026-08-03T17:28:21.522939,2,true,2026-09-21T03:59:55.254897,,0,0,0,0,0,0
194,0000010795,BECTON DICKINSON & CO,2023,0000010795-23-000098,false,false,false,289,7,Yesenia Garcia; Akshitha Venkataraman,Yesenia Garcia=done; Akshitha Venkataraman=done,Yesenia Garcia=2026-08-03T09:33:25.060297; Akshitha Venkataraman=2026-08-03T17:28:25.043818,2,true,2026-09-21T03:59:58.682582,,0,0,0,0,0,0
195,0000010795,BECTON DICKINSON & CO,2024,0000010795-24-000084,false,false,false,658,62,Yesenia Garcia; Akshitha Venkataraman,Yesenia Garcia=done; Akshitha Venkataraman=done,Yesenia Garcia=2026-08-03T09:36:37.228937; Akshitha Venkataraman=2026-08-03T17:38:40.655688,2,false,,,7,5,2,0,0,2
196,0000010795,BECTON DICKINSON & CO,2025,0000010795-25-000099,false,false,false,949,73,Yesenia Garcia; Akshitha Venkataraman,Yesenia Garcia=done; Akshitha Venkataraman=done,Yesenia Garcia=2026-08-03T09:41:50.315842; Akshitha Venkataraman=2026-08-03T17:41:43.007677,2,false,,,18,3,13,0,0,14
202,0000011544,BERKLEY W R CORP,2017,0000011544-17-000009,false,false,false,47,3,Yesenia Garcia,Yesenia Garcia=done,Yesenia Garcia=2026-09-12T04:35:19.478256,2,false,,,0,0,0,0,0,0
203,0000011544,BERKLEY W R CORP,2018,0000011544-18-000012,false,false,false,56,7,Yesenia Garcia,Yesenia Garcia=done,Yesenia Garcia=2026-09-12T04:35:42.122630,2,false,,,0,0,0,0,0,0
204,0000011544,BERKLEY W R CORP,2019,0000011544-19-000016,false,false,false,60,8,Yesenia Garcia,Yesenia Garcia=done,Yesenia Garcia=2026-09-12T04:35:59.763162,2,false,,,0,0,0,0,0,0
205,0000011544,BERKLEY W R CORP,2020,0000011544-20-000016,false,false,false,62,8,Yesenia Garcia,Yesenia Garcia=done,Yesenia Garcia=2026-09-12T04:36:02.059863,2,false,,,0,0,0,0,0,0
206,0000011544,BERKLEY W R CORP,2021,0000011544-21-000013,false,false,false,172,10,Yesenia Garcia,Yesenia Garcia=done,Yesenia Garcia=2026-09-12T04:36:04.267510,2,false,,,0,0,0,0,0,0
207,0000011544,BERKLEY W R CORP,2022,0000011544-22-000007,false,false,false,283,13,Yesenia Garcia,Yesenia Garcia=done,Yesenia Garcia=2026-09-12T04:36:06.381871,2,false,,,0,0,0,0,0,0
208,0000011544,BERKLEY W R CORP,2023,0000011544-23-000004,false,false,false,264,15,Yesenia Garcia,Yesenia Garcia=done,Yesenia Garcia=2026-09-12T04:36:11.237836,2,false,,,0,0,0,0,0,0
209,0000011544,BERKLEY W R CORP,2024,0000011544-24-000005,false,false,false,296,34,Yesenia Garcia,Yesenia Garcia=in_progress,Yesenia Garcia=,2,false,,,0,0,0,0,0,0
210,0000011544,BERKLEY W R CORP,2025,0000011544-25-000005,false,false,false,396,42,Yesenia Garcia,Yesenia Garcia=in_progress,Yesenia Garcia=,2,false,,,0,0,0,0,0,0
211,0000011544,BERKLEY W R CORP,2026,0000011544-26-000005,false,false,false,437,44,Yesenia Garcia,Yesenia Garcia=in_progress,Yesenia Garcia=,2,false,,,0,0,0,0,0,0
1637,0001067983,BERKSHIRE HATHAWAY INC,2022,0001564590-22-007322,false,false,true,52,1,Akshitha Venkataraman; Naomi Ichiriu,Akshitha Venkataraman=done; Naomi Ichiriu=done,Akshitha Venkataraman=2026-07-27T06:17:39.869567; Naomi Ichiriu=2026-07-14T01:38:45.543946,2,true,2026-07-27T16:21:31.608974,,0,0,0,0,0,0
1638,0001067983,BERKSHIRE HATHAWAY INC,2023,0000950170-23-004451,false,false,true,44,1,Akshitha Venkataraman; Naomi Ichiriu,Akshitha Venkataraman=done; Naomi Ichiriu=done,Akshitha Venkataraman=2026-07-27T06:17:45.698012; Naomi Ichiriu=2026-07-14T01:38:55.372009,2,true,2026-07-27T16:21:34.697085,,0,0,0,0,0,0
1639,0001067983,BERKSHIRE HATHAWAY INC,2024,0000950170-24-019719,false,false,true,513,16,Akshitha Venkataraman; Naomi Ichiriu,Akshitha Venkataraman=done; Naomi Ichiriu=done,Akshitha Venkataraman=2026-07-27T06:18:11.816044; Naomi Ichiriu=2026-07-14T01:39:28.211824,2,true,2026-07-27T16:22:14.119600,,0,0,0,0,0,0
1640,0001067983,BERKSHIRE HATHAWAY INC,2025,0000950170-25-025210,false,false,true,522,18,Akshitha Venkataraman; Naomi Ichiriu,Akshitha Venkataraman=done; Naomi Ichiriu=done,Akshitha Venkataraman=2026-07-27T06:18:36.285090; Naomi Ichiriu=2026-07-14T01:39:46.878578,2,true,2026-07-27T16:22:20.157484,,0,0,0,0,0,0
1641,0001067983,BERKSHIRE HATHAWAY INC,2026,0001193125-26-083899,false,false,true,717,21,Akshitha Venkataraman; Naomi Ichiriu,Akshitha Venkataraman=done; Naomi Ichiriu=done,Akshitha Venkataraman=2026-07-27T06:19:57.150035; Naomi Ichiriu=2026-07-14T01:39:51.841877,2,true,2026-07-27T16:22:37.575447,,1,0,0,1,1,1
3257,0000764478,BEST BUY CO INC,2021,0000764478-21-000024,false,false,true,74,2,Naomi Ichiriu; Yesenia Garcia,Naomi Ichiriu=done; Yesenia Garcia=done,Naomi Ichiriu=2026-08-28T17:30:56.031205; Yesenia Garcia=2026-09-12T07:10:15.273604,2,true,2026-09-13T18:54:45.055231,,0,0,0,0,0,0
3256,0000764478,BEST BUY CO INC,2022,0000764478-22-000008,false,false,true,477,6,Naomi Ichiriu; Yesenia Garcia,Naomi Ichiriu=done; Yesenia Garcia=done,Naomi Ichiriu=2026-08-28T17:30:47.336080; Yesenia Garcia=2026-09-12T07:12:49.977919,2,true,2026-09-13T18:54:42.941605,,0,0,0,0,0,0
3255,0000764478,BEST BUY CO INC,2023,0000764478-23-000006,false,false,true,187,4,Naomi Ichiriu; Yesenia Garcia,Naomi Ichiriu=done; Yesenia Garcia=done,Naomi Ichiriu=2026-08-28T17:30:17.865070; Yesenia Garcia=2026-09-12T07:13:03.749994,2,true,2026-09-13T18:54:40.859067,,0,0,0,0,0,0
3259,0000764478,BEST BUY CO INC,2024,0000764478-24-000010,false,false,true,509,144,Naomi Ichiriu; Yesenia Garcia,Naomi Ichiriu=done; Yesenia Garcia=done,Naomi Ichiriu=2026-09-09T04:57:51.659500; Yesenia Garcia=2026-09-12T07:18:50.611852,2,true,2026-09-30T18:16:21.320234,,10,0,0,8,0,9
3260,0000764478,BEST BUY CO INC,2025,0000764478-25-000007,false,false,true,613,154,Naomi Ichiriu; Yesenia Garcia,Naomi Ichiriu=done; Yesenia Garcia=done,Naomi Ichiriu=2026-09-09T05:01:58.487856; Yesenia Garcia=2026-09-12T07:23:00.674185,2,true,2026-09-28T04:13:05.725306,,5,0,0,5,0,4
3261,0000764478,BEST BUY CO INC,2026,0000764478-26-000009,false,false,true,336,145,Naomi Ichiriu; Yesenia Garcia,Naomi Ichiriu=done; Yesenia Garcia=done,Naomi Ichiriu=2026-09-09T05:05:55.555940; Yesenia Garcia=2026-09-12T07:28:12.620571,2,true,2026-09-30T18:15:30.026158,,19,0,0,19,0,22
3265,0000875045,BIOGEN INC.,2023,0000875045-23-000009,false,false,true,86,2,Naomi Ichiriu; Yesenia Garcia,Naomi Ichiriu=done; Yesenia Garcia=done,Naomi Ichiriu=2026-08-28T17:32:47.169020; Yesenia Garcia=2026-09-12T23:12:23.150408,2,true,2026-09-28T04:47:07.305519,,0,0,0,0,0,0
3266,0000875045,BIOGEN INC.,2024,0000875045-24-000009,false,false,true,527,90,Naomi Ichiriu; Yesenia Garcia,Naomi Ichiriu=done; Yesenia Garcia=done,Naomi Ichiriu=2026-08-28T17:33:46.431307; Yesenia Garcia=2026-09-12T23:13:37.829505,2,true,2026-09-28T04:47:38.281221,,3,2,0,1,0,1
3267,0000875045,BIOGEN INC.,2025,0000875045-25-000009,false,false,true,430,74,Naomi Ichiriu; Yesenia Garcia,Naomi Ichiriu=done; Yesenia Garcia=done,Naomi Ichiriu=2026-09-21T12:52:18.960298; Yesenia Garcia=2026-09-12T23:19:59.413060,2,true,2026-09-30T18:20:54.368524,,9,5,0,4,0,7
3268,0000875045,BIOGEN INC.,2026,0000875045-26-000013,false,false,true,484,81,Naomi Ichiriu; Yesenia Garcia,Naomi Ichiriu=done; Yesenia Garcia=done,Naomi Ichiriu=2026-09-21T12:54:41.573027; Yesenia Garcia=2026-09-12T23:22:22.857822,2,true,2026-09-30T18:23:11.062130,,9,3,0,6,0,12
3587,0000842023,BIO-TECHNE Corp,2021,0001437749-21-020980,false,false,true,30,1,Yesenia Garcia; Naomi Ichiriu,Yesenia Garcia=done; Naomi Ichiriu=done,Yesenia Garcia=2026-09-02T07:51:37.986534; Naomi Ichiriu=2026-09-22T17:05:16.028250,2,true,2026-09-29T17:48:59.552067,,0,0,0,0,0,0
3588,0000842023,BIO-TECHNE Corp,2022,0001558370-22-013935,false,false,true,119,2,Yesenia Garcia; Naomi Ichiriu,Yesenia Garcia=done; Naomi Ichiriu=done,Yesenia Garcia=2026-09-02T07:51:55.610134; Naomi Ichiriu=2026-09-22T17:05:20.238363,2,true,2026-09-29T17:49:01.420200,,0,0,0,0,0,0
3589,0000842023,BIO-TECHNE Corp,2023,0001558370-23-015226,false,false,true,122,2,Yesenia Garcia; Naomi Ichiriu,Yesenia Garcia=done; Naomi Ichiriu=done,Yesenia Garcia=2026-09-02T07:52:13.517036; Naomi Ichiriu=2026-09-22T16:32:20.902915,2,true,2026-09-29T17:49:03.250961,,0,0,0,0,0,0
3590,0000842023,BIO-TECHNE Corp,2024,0001558370-24-012430,false,false,true,49,20,Yesenia Garcia; Naomi Ichiriu,Yesenia Garcia=done; Naomi Ichiriu=done,Yesenia Garcia=2026-09-02T07:52:33.368646; Naomi Ichiriu=2026-09-22T16:32:28.179782,2,true,2026-09-29T17:49:05.650677,,0,0,0,0,0,0
3591,0000842023,BIO-TECHNE Corp,2025,0001558370-25-011716,false,false,true,49,20,Yesenia Garcia; Naomi Ichiriu,Yesenia Garcia=done; Naomi Ichiriu=done,Yesenia Garcia=2026-09-02T07:52:54.863206; Naomi Ichiriu=2026-09-22T17:06:26.067527,2,true,2026-09-29T17:49:08.103992,,0,0,0,0,0,0
3525,0002012383,"BlackRock, Inc.",2025,0000950170-25-026584,false,false,false,746,244,Yesenia Garcia; Naomi Ichiriu,Yesenia Garcia=in_progress; Naomi Ichiriu=done,Yesenia Garcia=; Naomi Ichiriu=2026-09-27T05:34:18.981327,2,false,,,12,0,12,0,0,0
4328,0002012383,"BlackRock, Inc.",2026,0001193125-26-071966,false,false,false,999,310,Naomi Ichiriu,Naomi Ichiriu=done,Naomi Ichiriu=2026-09-27T05:40:00.915556,2,false,,,18,12,0,0,0,0
3269,0001512673,"Block, Inc.",2016,0001512673-16-000002,false,false,true,1823,10,Naomi Ichiriu; Yesenia Garcia,Naomi Ichiriu=done; Yesenia Garcia=done,Naomi Ichiriu=2026-08-28T17:34:01.632773; Yesenia Garcia=2026-09-13T00:22:26.101337,2,true,2026-09-13T18:55:04.305477,,0,0,0,0,0,0
3270,0001512673,"Block, Inc.",2017,0001628280-17-001754,false,false,true,1901,12,Naomi Ichiriu; Yesenia Garcia,Naomi Ichiriu=done; Yesenia Garcia=done,Naomi Ichiriu=2026-08-28T17:34:18.532017; Yesenia Garcia=2026-09-13T00:22:28.162550,2,true,2026-09-13T18:55:01.757396,,0,0,0,0,0,0
3271,0001512673,"Block, Inc.",2018,0001512673-18-000004,false,false,true,2191,16,Naomi Ichiriu; Yesenia Garcia,Naomi Ichiriu=done; Yesenia Garcia=done,Naomi Ichiriu=2026-08-28T17:34:09.134018; Yesenia Garcia=2026-09-13T00:22:29.789307,2,true,2026-09-13T18:54:59.390531,,0,0,0,0,0,0
3272,0001512673,"Block, Inc.",2019,0001512673-19-000003,false,false,true,2494,20,Naomi Ichiriu; Yesenia Garcia,Naomi Ichiriu=done; Yesenia Garcia=done,Naomi Ichiriu=2026-08-28T17:34:50.586655; Yesenia Garcia=2026-09-13T00:22:31.830832,2,true,2026-09-13T18:54:57.208942,,0,0,0,0,0,0
3273,0001512673,"Block, Inc.",2020,0001628280-20-002303,false,false,true,3721,16,Naomi Ichiriu; Yesenia Garcia,Naomi Ichiriu=done; Yesenia Garcia=done,Naomi Ichiriu=2026-08-28T17:34:47.028002; Yesenia Garcia=2026-09-13T00:22:43.017861,2,true,2026-09-13T18:54:54.633598,,0,0,0,0,0,0
3274,0001512673,"Block, Inc.",2021,0001512673-21-000008,false,false,true,1526,16,Naomi Ichiriu; Yesenia Garcia,Naomi Ichiriu=done; Yesenia Garcia=done,Naomi Ichiriu=2026-08-28T17:34:45.783864; Yesenia Garcia=2026-09-13T00:22:48.569785,2,true,2026-09-13T18:54:52.252879,,0,0,0,0,0,0
3275,0001512673,"Block, Inc.",2022,0001628280-22-003825,false,false,true,695,15,Naomi Ichiriu; Yesenia Garcia,Naomi Ichiriu=done; Yesenia Garcia=done,Naomi Ichiriu=2026-08-28T17:34:44.498329; Yesenia Garcia=2026-09-13T00:22:54.361567,2,true,2026-09-13T18:54:50.043810,,0,0,0,0,0,0
3276,0001512673,"Block, Inc.",2023,0001628280-23-004840,false,false,true,791,12,Naomi Ichiriu; Yesenia Garcia,Naomi Ichiriu=done; Yesenia Garcia=done,Naomi Ichiriu=2026-08-29T21:09:16.444903; Yesenia Garcia=2026-09-13T00:23:10.384475,2,true,2026-09-13T18:54:47.229369,,0,0,0,0,0,0
3277,0001512673,"Block, Inc.",2024,0001628280-24-006354,false,false,false,1155,321,Naomi Ichiriu; Yesenia Garcia,Naomi Ichiriu=done; Yesenia Garcia=in_progress,Naomi Ichiriu=2026-09-09T15:20:16.096141; Yesenia Garcia=,2,false,,,7,0,7,0,0,0
3278,0001512673,"Block, Inc.",2025,0001628280-25-007376,false,false,false,1236,343,Naomi Ichiriu; Yesenia Garcia,Naomi Ichiriu=done; Yesenia Garcia=in_progress,Naomi Ichiriu=2026-09-14T18:44:30.918192; Yesenia Garcia=,2,false,,,11,0,11,0,0,0
3279,0001512673,"Block, Inc.",2026,0001628280-26-012254,false,false,false,1353,404,Naomi Ichiriu; Yesenia Garcia,Naomi Ichiriu=done; Yesenia Garcia=in_progress,Naomi Ichiriu=2026-09-21T14:57:08.400808; Yesenia Garcia=,2,false,,,37,0,37,0,0,0
213,0000012927,BOEING CO,2016,0000012927-16-000099,false,false,true,134,2,Naomi Ichiriu; Yesenia Garcia,Naomi Ichiriu=done; Yesenia Garcia=done,Naomi Ichiriu=2026-07-14T01:41:24.572661; Yesenia Garcia=2026-08-09T23:40:34.058820,2,true,2026-08-10T04:40:18.401946,,0,0,0,0,0,0
214,0000012927,BOEING CO,2017,0000012927-17-000006,false,false,true,117,2,Naomi Ichiriu; Yesenia Garcia,Naomi Ichiriu=done; Yesenia Garcia=done,Naomi Ichiriu=2026-07-14T01:41:30.641108; Yesenia Garcia=2026-08-09T23:40:40.083292,2,true,2026-08-10T04:40:21.081214,,0,0,0,0,0,0
215,0000012927,BOEING CO,2018,0000012927-18-000007,false,false,true,169,1,Naomi Ichiriu; Yesenia Garcia,Naomi Ichiriu=done; Yesenia Garcia=done,Naomi Ichiriu=2026-07-14T01:41:36.974422; Yesenia Garcia=2026-08-09T23:40:45.342160,2,true,2026-08-10T04:40:23.721243,,0,0,0,0,0,0
216,0000012927,BOEING CO,2019,0000012927-19-000010,false,false,true,212,3,Naomi Ichiriu; Yesenia Garcia,Naomi Ichiriu=done; Yesenia Garcia=done,Naomi Ichiriu=2026-07-14T01:41:48.973544; Yesenia Garcia=2026-08-09T23:41:05.333591,2,true,2026-08-10T04:40:27.041993,,0,0,0,0,0,0
217,0000012927,BOEING CO,2020,0000012927-20-000014,false,false,true,223,4,Naomi Ichiriu; Yesenia Garcia,Naomi Ichiriu=done; Yesenia Garcia=done,Naomi Ichiriu=2026-07-14T01:42:06.884887; Yesenia Garcia=2026-08-09T23:41:57.039211,2,true,2026-08-10T04:40:29.765385,,0,0,0,0,0,0
218,0000012927,BOEING CO,2021,0000012927-21-000011,false,false,true,293,4,Naomi Ichiriu; Yesenia Garcia,Naomi Ichiriu=done; Yesenia Garcia=done,Naomi Ichiriu=2026-07-14T01:42:20.458122; Yesenia Garcia=2026-08-09T23:42:04.421610,2,true,2026-08-10T04:40:33.725706,,0,0,0,0,0,0
219,0000012927,BOEING CO,2022,0000012927-22-000010,false,false,true,361,5,Naomi Ichiriu; Yesenia Garcia,Naomi Ichiriu=done; Yesenia Garcia=done,Naomi Ichiriu=2026-07-14T01:42:39.739732; Yesenia Garcia=2026-08-09T23:42:23.664187,2,true,2026-08-10T04:40:42.626049,,0,0,0,0,0,0
220,0000012927,BOEING CO,2023,0000012927-23-000007,false,false,true,602,7,Naomi Ichiriu; Yesenia Garcia,Naomi Ichiriu=done; Yesenia Garcia=done,Naomi Ichiriu=2026-07-14T01:43:08.403567; Yesenia Garcia=2026-08-09T23:44:59.291468,2,true,2026-08-10T04:40:47.507931,,0,0,0,0,0,0
221,0000012927,BOEING CO,2024,0000012927-24-000010,false,false,true,556,40,Naomi Ichiriu; Yesenia Garcia,Naomi Ichiriu=done; Yesenia Garcia=done,Naomi Ichiriu=2026-07-14T01:43:36.240444; Yesenia Garcia=2026-08-09T23:45:28.699843,2,true,2026-08-10T04:41:04.432074,,1,0,0,1,0,1
222,0000012927,BOEING CO,2025,0000012927-25-000015,false,false,true,631,38,Naomi Ichiriu; Yesenia Garcia,Naomi Ichiriu=done; Yesenia Garcia=done,Naomi Ichiriu=2026-07-14T01:44:04.676701; Yesenia Garcia=2026-08-09T23:45:57.603435,2,true,2026-08-10T04:41:28.656875,,1,0,0,1,0,1
223,0000012927,BOEING CO,2026,0001628280-26-004357,false,false,true,757,40,Naomi Ichiriu; Yesenia Garcia,Naomi Ichiriu=done; Yesenia Garcia=done,Naomi Ichiriu=2026-08-10T04:39:56.156807; Yesenia Garcia=2026-08-09T23:46:22.438211,2,true,2026-08-10T04:40:03.262938,,1,1,0,0,0,0
226,0000014272,BRISTOL MYERS SQUIBB CO,2017,0000014272-17-000047,false,false,false,52,2,Naomi Ichiriu; Yesenia Garcia,Naomi Ichiriu=done; Yesenia Garcia=done,Naomi Ichiriu=2026-08-19T14:50:15.027615; Yesenia Garcia=2026-09-12T03:50:03.437901,2,true,2026-09-13T18:55:22.568184,,0,0,0,0,0,0
227,0000014272,BRISTOL MYERS SQUIBB CO,2018,0000014272-18-000055,false,false,false,47,2,Naomi Ichiriu; Yesenia Garcia,Naomi Ichiriu=done; Yesenia Garcia=done,Naomi Ichiriu=2026-08-19T14:50:18.311875; Yesenia Garcia=2026-09-12T03:50:05.487247,2,true,2026-09-13T18:55:20.447818,,0,0,0,0,0,0
228,0000014272,BRISTOL MYERS SQUIBB CO,2019,0000014272-19-000047,false,false,false,59,2,Naomi Ichiriu; Yesenia Garcia,Naomi Ichiriu=done; Yesenia Garcia=done,Naomi Ichiriu=2026-08-19T14:53:38.921527; Yesenia Garcia=2026-09-12T03:50:07.144128,2,true,2026-09-13T18:55:16.900673,,0,0,0,0,0,0
229,0000014272,BRISTOL MYERS SQUIBB CO,2020,0000014272-20-000082,false,false,false,46,2,Naomi Ichiriu; Yesenia Garcia,Naomi Ichiriu=done; Yesenia Garcia=done,Naomi Ichiriu=2026-08-19T14:53:44.724958; Yesenia Garcia=2026-09-12T03:50:09.106989,2,true,2026-09-13T18:55:14.518138,,0,0,0,0,0,0
230,0000014272,BRISTOL MYERS SQUIBB CO,2021,0000014272-21-000066,false,false,false,154,4,Naomi Ichiriu; Yesenia Garcia,Naomi Ichiriu=done; Yesenia Garcia=done,Naomi Ichiriu=2026-08-19T14:53:56.526971; Yesenia Garcia=2026-09-12T03:50:10.711085,2,true,2026-09-13T18:55:10.370363,,0,0,0,0,0,0
231,0000014272,BRISTOL MYERS SQUIBB CO,2022,0000014272-22-000051,false,false,false,162,5,Naomi Ichiriu; Yesenia Garcia,Naomi Ichiriu=done; Yesenia Garcia=done,Naomi Ichiriu=2026-08-19T14:54:30.659034; Yesenia Garcia=2026-09-12T03:50:12.331332,2,true,2026-09-13T18:20:48.818009,,0,0,0,0,0,0
232,0000014272,BRISTOL MYERS SQUIBB CO,2023,0000014272-23-000046,false,false,false,42,4,Naomi Ichiriu; Yesenia Garcia,Naomi Ichiriu=done; Yesenia Garcia=done,Naomi Ichiriu=2026-08-19T14:54:39.902416; Yesenia Garcia=2026-09-12T03:50:14.188262,2,true,2026-09-13T18:24:54.092911,,0,0,0,0,0,0
233,0000014272,BRISTOL MYERS SQUIBB CO,2024,0000014272-24-000044,false,false,false,84,27,Naomi Ichiriu; Yesenia Garcia,Naomi Ichiriu=done; Yesenia Garcia=done,Naomi Ichiriu=2026-08-19T14:54:51.091358; Yesenia Garcia=2026-09-12T03:50:16.381138,2,true,2026-09-13T18:24:51.386117,,0,0,0,0,0,0
234,0000014272,BRISTOL MYERS SQUIBB CO,2025,0000014272-25-000039,false,false,false,293,39,Naomi Ichiriu; Yesenia Garcia,Naomi Ichiriu=done; Yesenia Garcia=done,Naomi Ichiriu=2026-08-26T15:23:46.963094; Yesenia Garcia=2026-09-12T03:51:59.613992,2,true,2026-09-27T06:51:46.068861,,5,2,0,3,0,4
235,0000014272,BRISTOL MYERS SQUIBB CO,2026,0000014272-26-000004,false,false,false,401,44,Naomi Ichiriu; Yesenia Garcia,Naomi Ichiriu=done; Yesenia Garcia=done,Naomi Ichiriu=2026-08-27T01:38:00.932135; Yesenia Garcia=2026-09-12T03:54:18.243799,2,true,2026-09-28T20:25:38.870752,,7,3,0,4,0,5
1120,0000079282,"BROWN & BROWN, INC.",2019,0000079282-19-000006,false,false,true,,,Naomi Ichiriu; Akshitha Venkataraman,Naomi Ichiriu=done; Akshitha Venkataraman=done,Naomi Ichiriu=2026-07-07T05:38:52.421953; Akshitha Venkataraman=2026-07-10T17:29:30.805228,2,true,2026-07-10T19:00:26.495915,,0,0,0,0,0,0
1121,0000079282,"BROWN & BROWN, INC.",2020,0001564590-20-006075,false,false,true,,,Naomi Ichiriu; Akshitha Venkataraman,Naomi Ichiriu=done; Akshitha Venkataraman=done,Naomi Ichiriu=2026-07-07T05:39:04.286979; Akshitha Venkataraman=2026-07-10T17:32:07.964745,2,true,2026-07-10T19:00:29.047089,,0,0,0,0,0,0
1122,0000079282,"BROWN & BROWN, INC.",2021,0001564590-21-007624,false,false,true,,,Naomi Ichiriu; Akshitha Venkataraman,Naomi Ichiriu=done; Akshitha Venkataraman=done,Naomi Ichiriu=2026-07-07T05:39:17.868603; Akshitha Venkataraman=2026-07-10T17:36:36.269237,2,true,2026-07-10T19:00:33.522886,,0,0,0,0,0,0
1123,0000079282,"BROWN & BROWN, INC.",2022,0000950170-22-001654,false,false,true,,,Naomi Ichiriu; Akshitha Venkataraman,Naomi Ichiriu=done; Akshitha Venkataraman=done,Naomi Ichiriu=2026-07-07T06:13:17.232248; Akshitha Venkataraman=2026-07-10T17:37:19.921932,2,true,2026-07-10T19:00:38.228259,,0,0,0,0,0,0
1124,0000079282,"BROWN & BROWN, INC.",2023,0000950170-23-004717,false,false,true,,,Naomi Ichiriu; Akshitha Venkataraman,Naomi Ichiriu=done; Akshitha Venkataraman=done,Naomi Ichiriu=2026-07-07T06:13:44.599193; Akshitha Venkataraman=2026-07-10T17:38:04.132754,2,true,2026-07-10T19:00:42.474108,,0,0,0,0,0,0
1125,0000079282,"BROWN & BROWN, INC.",2024,0000950170-24-018890,false,false,true,,,Akshitha Venkataraman; Naomi Ichiriu,Akshitha Venkataraman=done; Naomi Ichiriu=done,Akshitha Venkataraman=2026-07-10T17:39:02.132013; Naomi Ichiriu=2026-07-07T05:48:21.587091,2,true,2026-07-10T19:00:47.642626,,0,0,0,0,0,0
1126,0000079282,"BROWN & BROWN, INC.",2025,0000950170-25-019039,false,false,false,623,168,Naomi Ichiriu; Akshitha Venkataraman,Naomi Ichiriu=done; Akshitha Venkataraman=done,Naomi Ichiriu=2026-07-07T06:33:31.592464; Akshitha Venkataraman=2026-07-10T17:41:02.858207,2,false,,,10,2,6,1,0,6
1114,0000079282,"BROWN & BROWN, INC.",2026,0001193125-26-046984,false,false,false,671,197,Naomi Ichiriu; Akshitha Venkataraman,Naomi Ichiriu=done; Akshitha Venkataraman=done,Naomi Ichiriu=2026-07-07T06:33:47.882288; Akshitha Venkataraman=2026-07-10T17:44:16.547834,2,false,,,24,3,14,5,0,19
239,0000014693,BROWN FORMAN CORP,2018,0000014693-18-000084,false,false,false,363,1,Naomi Ichiriu; Akshitha Venkataraman,Naomi Ichiriu=done; Akshitha Venkataraman=done,Naomi Ichiriu=2026-08-11T09:07:42.629324; Akshitha Venkataraman=2026-09-30T00:36:40.629203,2,true,2026-09-30T18:27:47.681443,,0,0,0,0,0,0
240,0000014693,BROWN FORMAN CORP,2019,0000014693-19-000099,false,false,false,404,2,Naomi Ichiriu,Naomi Ichiriu=done,Naomi Ichiriu=2026-08-11T09:07:47.857500,2,false,,,0,0,0,0,0,0
241,0000014693,BROWN FORMAN CORP,2020,0000014693-20-000066,false,false,false,399,2,Naomi Ichiriu,Naomi Ichiriu=done,Naomi Ichiriu=2026-08-11T09:07:54.454163,2,false,,,0,0,0,0,0,0
242,0000014693,BROWN FORMAN CORP,2021,0000014693-21-000091,false,false,false,393,4,Naomi Ichiriu,Naomi Ichiriu=done,Naomi Ichiriu=2026-08-11T09:08:07.223465,2,false,,,0,0,0,0,0,0
243,0000014693,BROWN FORMAN CORP,2022,0000014693-22-000069,false,false,false,50,2,Naomi Ichiriu,Naomi Ichiriu=done,Naomi Ichiriu=2026-08-11T09:08:16.993407,2,false,,,0,0,0,0,0,0
244,0000014693,BROWN FORMAN CORP,2023,0000014693-23-000074,false,false,false,50,2,Naomi Ichiriu,Naomi Ichiriu=done,Naomi Ichiriu=2026-08-11T09:08:25.267388,2,false,,,0,0,0,0,0,0
245,0000014693,BROWN FORMAN CORP,2024,0000014693-24-000086,false,false,false,111,23,Naomi Ichiriu,Naomi Ichiriu=done,Naomi Ichiriu=2026-08-11T09:08:35.714952,2,false,,,0,0,0,0,0,0
246,0000014693,BROWN FORMAN CORP,2025,0000014693-25-000062,false,false,false,109,24,Naomi Ichiriu,Naomi Ichiriu=done,Naomi Ichiriu=2026-08-11T09:38:05.605862,2,false,,,2,2,0,0,0,0
1416,0001316835,"Builders FirstSource, Inc.",2015,0001564590-15-001235,false,false,true,,,Naomi Ichiriu; Akshitha Venkataraman,Naomi Ichiriu=done; Akshitha Venkataraman=done,Naomi Ichiriu=2026-07-10T23:42:46.077011; Akshitha Venkataraman=2026-07-14T01:21:49.806590,2,true,2026-07-14T02:24:53.967037,,0,0,0,0,0,0
1417,0001316835,"Builders FirstSource, Inc.",2016,0001564590-16-014562,false,false,true,47,1,Naomi Ichiriu; Akshitha Venkataraman,Naomi Ichiriu=done; Akshitha Venkataraman=done,Naomi Ichiriu=2026-07-10T23:42:35.267124; Akshitha Venkataraman=2026-07-14T01:22:13.408523,2,true,2026-07-17T02:34:52.978788,,0,0,0,0,0,0
1418,0001316835,"Builders FirstSource, Inc.",2017,0001564590-17-003114,false,false,true,50,2,Naomi Ichiriu; Akshitha Venkataraman,Naomi Ichiriu=done; Akshitha Venkataraman=done,Naomi Ichiriu=2026-07-10T23:42:43.632821; Akshitha Venkataraman=2026-07-14T01:22:35.393578,2,true,2026-07-17T02:35:37.307768,,0,0,0,0,0,0
1419,0001316835,"Builders FirstSource, Inc.",2018,0001564590-18-004035,false,false,true,55,2,Naomi Ichiriu; Akshitha Venkataraman,Naomi Ichiriu=done; Akshitha Venkataraman=done,Naomi Ichiriu=2026-07-10T23:42:51.714676; Akshitha Venkataraman=2026-07-14T01:22:56.272569,2,true,2026-07-17T02:35:42.063860,,0,0,0,0,0,0
1420,0001316835,"Builders FirstSource, Inc.",2019,0001564590-19-005770,false,false,true,50,2,Naomi Ichiriu; Akshitha Venkataraman,Naomi Ichiriu=done; Akshitha Venkataraman=done,Naomi Ichiriu=2026-07-10T23:44:27.648719; Akshitha Venkataraman=2026-07-14T01:23:15.725635,2,true,2026-07-17T02:35:46.388403,,0,0,0,0,0,0
1421,0001316835,"Builders FirstSource, Inc.",2020,0001564590-20-005717,false,false,true,48,2,Naomi Ichiriu; Akshitha Venkataraman,Naomi Ichiriu=done; Akshitha Venkataraman=done,Naomi Ichiriu=2026-07-10T23:44:47.517535; Akshitha Venkataraman=2026-07-14T01:23:37.343973,2,true,2026-07-17T02:35:50.869099,,0,0,0,0,0,0
1422,0001316835,"Builders FirstSource, Inc.",2021,0001564590-21-009308,false,false,true,172,2,Naomi Ichiriu; Akshitha Venkataraman,Naomi Ichiriu=done; Akshitha Venkataraman=done,Naomi Ichiriu=2026-07-10T23:44:38.761685; Akshitha Venkataraman=2026-07-14T01:24:18.910586,2,true,2026-07-17T02:56:41.341662,,0,0,0,0,0,0
1423,0001316835,"Builders FirstSource, Inc.",2022,0001564590-22-007980,false,false,true,41,1,Naomi Ichiriu; Akshitha Venkataraman,Naomi Ichiriu=done; Akshitha Venkataraman=done,Naomi Ichiriu=2026-07-10T23:45:29.768851; Akshitha Venkataraman=2026-07-14T01:24:39.579795,2,true,2026-07-17T02:56:46.357689,,0,0,0,0,0,0
1424,0001316835,"Builders FirstSource, Inc.",2023,0000950170-23-004939,false,false,true,53,2,Naomi Ichiriu; Akshitha Venkataraman,Naomi Ichiriu=done; Akshitha Venkataraman=done,Naomi Ichiriu=2026-07-10T23:45:55.067052; Akshitha Venkataraman=2026-07-14T01:24:59.712832,2,true,2026-07-17T02:56:50.732012,,0,0,0,0,0,0
1425,0001316835,"Builders FirstSource, Inc.",2024,0000950170-24-018584,false,false,true,105,24,Naomi Ichiriu; Akshitha Venkataraman,Naomi Ichiriu=done; Akshitha Venkataraman=done,Naomi Ichiriu=2026-07-10T23:46:01.933889; Akshitha Venkataraman=2026-07-14T01:25:26.994502,2,true,2026-07-17T02:56:56.033552,,0,0,0,0,0,0
1426,0001316835,"Builders FirstSource, Inc.",2025,0000950170-25-023953,false,false,true,111,24,Naomi Ichiriu; Akshitha Venkataraman,Naomi Ichiriu=done; Akshitha Venkataraman=done,Naomi Ichiriu=2026-07-10T23:46:20.266130; Akshitha Venkataraman=2026-07-14T01:26:01.263238,2,true,2026-07-17T02:57:01.911394,,0,0,0,0,0,0
1415,0001316835,"Builders FirstSource, Inc.",2026,0001193125-26-054643,false,false,true,742,201,Naomi Ichiriu; Akshitha Venkataraman,Naomi Ichiriu=done; Akshitha Venkataraman=done,Naomi Ichiriu=2026-07-10T23:35:03.692631; Akshitha Venkataraman=2026-07-14T01:31:15.930235,2,true,2026-07-17T02:59:20.236098,,8,0,0,8,0,8
1525,0001996862,Bunge Global SA,2024,0001996862-24-000007,false,false,true,,,Yesenia Garcia; Akshitha Venkataraman,Yesenia Garcia=done; Akshitha Venkataraman=done,Yesenia Garcia=2026-07-13T05:34:13.601501; Akshitha Venkataraman=2026-07-14T01:34:25.512177,2,true,2026-07-20T17:25:40.715213,,1,0,0,1,0,1
1526,0001996862,Bunge Global SA,2025,0001996862-25-000008,false,false,true,,,Yesenia Garcia; Akshitha Venkataraman,Yesenia Garcia=done; Akshitha Venkataraman=done,Yesenia Garcia=2026-07-13T05:48:17.097853; Akshitha Venkataraman=2026-07-14T01:48:51.486984,2,true,2026-07-20T17:33:30.596164,,7,1,0,5,0,5
1527,0001996862,Bunge Global SA,2026,0001628280-26-009842,false,false,false,205,58,Yesenia Garcia; Akshitha Venkataraman,Yesenia Garcia=done; Akshitha Venkataraman=done,Yesenia Garcia=2026-07-13T05:49:29.175667; Akshitha Venkataraman=2026-07-14T02:06:29.008690,2,false,,,5,1,4,0,0,4
1127,0000906345,CAMDEN PROPERTY TRUST,2015,0000906345-15-000007,false,false,true,,,Naomi Ichiriu; Akshitha Venkataraman,Naomi Ichiriu=done; Akshitha Venkataraman=done,Naomi Ichiriu=2026-07-07T06:43:58.027019; Akshitha Venkataraman=2026-07-10T17:52:16.280912,2,true,2026-07-10T18:58:59.041332,,0,0,0,0,0,0
1128,0000906345,CAMDEN PROPERTY TRUST,2016,0000906345-16-000044,false,false,true,,,Naomi Ichiriu; Akshitha Venkataraman,Naomi Ichiriu=done; Akshitha Venkataraman=done,Naomi Ichiriu=2026-07-07T06:44:15.346839; Akshitha Venkataraman=2026-07-10T17:52:35.799291,2,true,2026-07-10T18:59:02.191122,,0,0,0,0,0,0
1129,0000906345,CAMDEN PROPERTY TRUST,2017,0000906345-17-000009,false,false,true,,,Naomi Ichiriu; Akshitha Venkataraman,Naomi Ichiriu=done; Akshitha Venkataraman=done,Naomi Ichiriu=2026-07-07T06:44:22.153577; Akshitha Venkataraman=2026-07-10T17:52:55.810768,2,true,2026-07-10T18:59:05.030307,,0,0,0,0,0,0
1130,0000906345,CAMDEN PROPERTY TRUST,2018,0000906345-18-000007,false,false,true,,,Akshitha Venkataraman; Naomi Ichiriu,Akshitha Venkataraman=done; Naomi Ichiriu=done,Akshitha Venkataraman=2026-07-10T17:53:18.190436; Naomi Ichiriu=2026-07-07T06:44:30.541542,2,true,2026-07-10T18:59:07.833156,,0,0,0,0,0,0
1131,0000906345,CAMDEN PROPERTY TRUST,2019,0000906345-19-000006,false,false,true,,,Naomi Ichiriu; Akshitha Venkataraman,Naomi Ichiriu=done; Akshitha Venkataraman=done,Naomi Ichiriu=2026-07-07T06:44:38.597152; Akshitha Venkataraman=2026-07-10T17:53:34.628618,2,true,2026-07-10T18:59:10.950421,,0,0,0,0,0,0
1132,0000906345,CAMDEN PROPERTY TRUST,2020,0000906345-20-000008,false,false,true,,,Naomi Ichiriu; Akshitha Venkataraman,Naomi Ichiriu=done; Akshitha Venkataraman=done,Naomi Ichiriu=2026-07-07T06:45:22.046286; Akshitha Venkataraman=2026-07-10T17:53:56.549983,2,true,2026-07-10T18:59:13.732032,,0,0,0,0,0,0
1133,0000906345,CAMDEN PROPERTY TRUST,2021,0000906345-21-000010,false,false,true,,,Naomi Ichiriu; Akshitha Venkataraman,Naomi Ichiriu=done; Akshitha Venkataraman=done,Naomi Ichiriu=2026-07-07T06:46:26.175196; Akshitha Venkataraman=2026-07-10T17:55:23.733434,2,true,2026-07-10T18:59:16.930409,,0,0,0,0,0,0
1134,0000906345,CAMDEN PROPERTY TRUST,2022,0000906345-22-000009,false,false,true,,,Naomi Ichiriu; Akshitha Venkataraman,Naomi Ichiriu=done; Akshitha Venkataraman=done,Naomi Ichiriu=2026-07-07T06:46:36.729940; Akshitha Venkataraman=2026-07-10T17:55:54.051837,2,true,2026-07-10T18:59:20.788917,,0,0,0,0,0,0
1135,0000906345,CAMDEN PROPERTY TRUST,2023,0000906345-23-000008,false,false,true,,,Naomi Ichiriu; Akshitha Venkataraman,Naomi Ichiriu=done; Akshitha Venkataraman=done,Naomi Ichiriu=2026-07-07T06:46:47.812045; Akshitha Venkataraman=2026-07-10T17:56:13.623337,2,true,2026-07-10T18:59:23.731171,,0,0,0,0,0,0
1136,0000906345,CAMDEN PROPERTY TRUST,2024,0000906345-24-000007,false,false,true,,,Naomi Ichiriu; Akshitha Venkataraman,Naomi Ichiriu=done; Akshitha Venkataraman=done,Naomi Ichiriu=2026-07-07T06:47:05.061354; Akshitha Venkataraman=2026-07-10T17:56:55.136256,2,true,2026-07-10T18:59:44.675880,,1,0,0,1,0,1
1137,0000906345,CAMDEN PROPERTY TRUST,2025,0000906345-25-000008,false,false,true,,,Naomi Ichiriu; Akshitha Venkataraman,Naomi Ichiriu=done; Akshitha Venkataraman=done,Naomi Ichiriu=2026-07-07T06:51:11.345331; Akshitha Venkataraman=2026-07-10T17:57:18.386830,2,true,2026-07-10T18:59:47.916603,,1,1,0,0,0,0
1138,0000906345,CAMDEN PROPERTY TRUST,2026,0001628280-26-007697,false,false,true,,,Naomi Ichiriu; Akshitha Venkataraman,Naomi Ichiriu=done; Akshitha Venkataraman=done,Naomi Ichiriu=2026-07-07T06:51:14.150293; Akshitha Venkataraman=2026-07-10T17:57:52.349682,2,true,2026-07-10T19:00:04.577899,,1,0,0,1,0,1
251,0000016732,CAMPBELL'S Co,2019,0000016732-19-000070,false,false,true,120,2,Naomi Ichiriu; Yesenia Garcia,Naomi Ichiriu=done; Yesenia Garcia=done,Naomi Ichiriu=2026-08-11T07:41:05.899618; Yesenia Garcia=2026-08-31T05:06:02.331697,2,true,2026-09-05T03:13:46.834140,,0,0,0,0,0,0
252,0000016732,CAMPBELL'S Co,2020,0000016732-20-000111,false,false,true,129,2,Naomi Ichiriu; Yesenia Garcia,Naomi Ichiriu=done; Yesenia Garcia=done,Naomi Ichiriu=2026-08-11T07:41:20.302327; Yesenia Garcia=2026-08-31T05:06:04.220063,2,true,2026-09-05T03:13:49.750309,,0,0,0,0,0,0
253,0000016732,CAMPBELL'S Co,2021,0000016732-21-000103,false,false,true,123,2,Naomi Ichiriu; Yesenia Garcia,Naomi Ichiriu=done; Yesenia Garcia=done,Naomi Ichiriu=2026-08-11T07:42:53.540511; Yesenia Garcia=2026-08-31T05:06:05.852210,2,true,2026-09-05T03:13:52.582906,,0,0,0,0,0,0
254,0000016732,CAMPBELL'S Co,2022,0000016732-22-000093,false,false,true,125,2,Naomi Ichiriu; Yesenia Garcia,Naomi Ichiriu=done; Yesenia Garcia=done,Naomi Ichiriu=2026-08-11T07:42:56.251520; Yesenia Garcia=2026-08-31T05:06:07.810591,2,true,2026-09-05T03:13:55.189785,,0,0,0,0,0,0
255,0000016732,CAMPBELL'S Co,2023,0000016732-23-000109,false,false,true,99,4,Naomi Ichiriu; Yesenia Garcia,Naomi Ichiriu=done; Yesenia Garcia=done,Naomi Ichiriu=2026-08-11T07:43:11.129984; Yesenia Garcia=2026-08-31T05:06:19.370135,2,true,2026-09-05T03:13:57.815264,,1,1,0,0,0,0
256,0000016732,CAMPBELL'S Co,2024,0000016732-24-000130,false,false,true,1136,34,Naomi Ichiriu; Yesenia Garcia,Naomi Ichiriu=done; Yesenia Garcia=done,Naomi Ichiriu=2026-08-11T07:44:51.464027; Yesenia Garcia=2026-08-31T05:07:09.031800,2,true,2026-09-27T06:06:56.603720,,3,1,0,2,0,3
257,0000016732,CAMPBELL'S Co,2025,0000016732-25-000112,false,false,true,1119,39,Naomi Ichiriu; Yesenia Garcia,Naomi Ichiriu=done; Yesenia Garcia=done,Naomi Ichiriu=2026-08-11T07:46:36.251885; Yesenia Garcia=2026-08-31T05:08:08.343531,2,true,2026-09-30T18:33:38.278542,,5,2,0,3,0,5
2836,0000721371,CARDINAL HEALTH INC,2024,0000721371-24-000056,false,false,true,7188,23,Naomi Ichiriu; Yesenia Garcia,Naomi Ichiriu=done; Yesenia Garcia=done,Naomi Ichiriu=2026-08-19T18:35:03.381579; Yesenia Garcia=2026-09-04T02:36:57.126812,2,true,2026-09-07T15:50:20.023590,,2,0,0,2,0,2
2838,0000721371,CARDINAL HEALTH INC,2025,0000721371-25-000079,false,false,true,6362,26,Naomi Ichiriu; Yesenia Garcia,Naomi Ichiriu=done; Yesenia Garcia=done,Naomi Ichiriu=2026-08-19T14:49:58.915755; Yesenia Garcia=2026-09-04T02:37:53.031870,2,true,2026-09-07T15:50:22.238549,,3,0,0,2,0,2
2009,0000815097,Carnival Corp Ltd.,2015,0000815097-15-000007,false,false,true,49,1,Akshitha Venkataraman; Naomi Ichiriu,Akshitha Venkataraman=done; Naomi Ichiriu=done,Akshitha Venkataraman=2026-07-27T13:44:08.209258; Naomi Ichiriu=2026-07-21T06:57:48.063342,2,true,2026-07-30T06:12:13.712655,,0,0,0,0,0,0
2010,0000815097,Carnival Corp Ltd.,2016,0000815097-16-000030,false,false,true,189,5,Akshitha Venkataraman; Naomi Ichiriu,Akshitha Venkataraman=done; Naomi Ichiriu=done,Akshitha Venkataraman=2026-07-27T13:44:11.148883; Naomi Ichiriu=2026-07-21T08:00:33.485822,2,true,2026-07-30T06:12:19.377395,,0,0,0,0,0,0
2021,0000815097,Carnival Corp Ltd.,2017,0000815097-17-000001,false,false,true,151,4,Akshitha Venkataraman; Naomi Ichiriu,Akshitha Venkataraman=done; Naomi Ichiriu=done,Akshitha Venkataraman=2026-07-27T13:44:13.847535; Naomi Ichiriu=2026-07-21T08:03:29.252970,2,true,2026-07-30T06:12:23.238598,,0,0,0,0,0,0
2022,0000815097,Carnival Corp Ltd.,2018,0000815097-18-000005,false,false,true,97,3,Akshitha Venkataraman; Naomi Ichiriu,Akshitha Venkataraman=done; Naomi Ichiriu=done,Akshitha Venkataraman=2026-07-27T13:44:16.429732; Naomi Ichiriu=2026-07-21T08:03:41.837617,2,true,2026-07-30T06:12:26.585554,,0,0,0,0,0,0
2023,0000815097,Carnival Corp Ltd.,2019,0000815097-19-000004,false,false,true,56,2,Akshitha Venkataraman; Naomi Ichiriu,Akshitha Venkataraman=done; Naomi Ichiriu=done,Akshitha Venkataraman=2026-07-27T13:44:19.066494; Naomi Ichiriu=2026-07-21T08:03:51.267531,2,true,2026-07-30T06:12:29.667990,,0,0,0,0,0,0
2027,0000815097,Carnival Corp Ltd.,2020,0000815097-20-000003,false,false,true,524,3,Akshitha Venkataraman; Naomi Ichiriu,Akshitha Venkataraman=done; Naomi Ichiriu=done,Akshitha Venkataraman=2026-07-27T13:44:21.743651; Naomi Ichiriu=2026-07-21T08:05:07.815582,2,true,2026-07-30T06:12:36.151390,,0,0,0,0,0,0
2028,0000815097,Carnival Corp Ltd.,2021,0000815097-21-000027,false,false,true,41,2,Akshitha Venkataraman; Naomi Ichiriu,Akshitha Venkataraman=done; Naomi Ichiriu=done,Akshitha Venkataraman=2026-07-27T13:44:24.273390; Naomi Ichiriu=2026-07-21T08:05:16.228782,2,true,2026-07-30T06:12:40.072008,,0,0,0,0,0,0
2030,0000815097,Carnival Corp Ltd.,2023,0000815097-23-000012,false,false,true,58,5,Akshitha Venkataraman; Naomi Ichiriu,Akshitha Venkataraman=done; Naomi Ichiriu=done,Akshitha Venkataraman=2026-07-27T13:44:31.348225; Naomi Ichiriu=2026-07-21T08:06:19.857906,2,true,2026-07-30T06:12:43.346528,,0,0,0,0,0,0
2034,0000815097,Carnival Corp Ltd.,2024,0000815097-24-000011,false,false,true,79,6,Akshitha Venkataraman; Naomi Ichiriu,Akshitha Venkataraman=done; Naomi Ichiriu=done,Akshitha Venkataraman=2026-07-27T13:44:38.393806; Naomi Ichiriu=2026-07-21T08:08:14.932739,2,true,2026-07-30T06:12:46.344578,,0,0,0,0,0,0
2035,0000815097,Carnival Corp Ltd.,2025,0000815097-25-000007,false,false,true,143,61,Akshitha Venkataraman; Naomi Ichiriu,Akshitha Venkataraman=done; Naomi Ichiriu=done,Akshitha Venkataraman=2026-07-27T13:45:19.153776; Naomi Ichiriu=2026-07-21T08:44:56.795117,2,true,2026-08-17T17:52:26.065817,,3,1,0,2,0,4
2031,0000815097,Carnival Corp Ltd.,2026,0000815097-26-000007,false,false,true,205,75,Akshitha Venkataraman; Naomi Ichiriu,Akshitha Venkataraman=done; Naomi Ichiriu=done,Akshitha Venkataraman=2026-07-27T13:47:06.925536; Naomi Ichiriu=2026-08-10T06:50:01.009007,2,true,2026-08-17T17:52:47.303692,,5,0,0,5,0,9
2839,0001690820,CARVANA CO.,2018,0001690820-18-000005,false,false,true,58,1,Naomi Ichiriu; Yesenia Garcia,Naomi Ichiriu=done; Yesenia Garcia=done,Naomi Ichiriu=2026-08-19T14:48:48.713136; Yesenia Garcia=2026-08-31T06:03:31.008562,2,true,2026-08-31T06:22:13.570425,,0,0,0,0,0,0
2840,0001690820,CARVANA CO.,2019,0001690820-19-000024,false,false,true,198,20,Naomi Ichiriu; Yesenia Garcia,Naomi Ichiriu=done; Yesenia Garcia=done,Naomi Ichiriu=2026-08-19T14:48:03.306993; Yesenia Garcia=2026-08-31T06:03:33.039234,2,true,2026-08-31T06:22:18.007520,,0,0,0,0,0,0
2842,0001690820,CARVANA CO.,2020,0001690820-20-000052,false,false,true,213,20,Naomi Ichiriu; Yesenia Garcia,Naomi Ichiriu=done; Yesenia Garcia=done,Naomi Ichiriu=2026-08-19T18:25:15.365830; Yesenia Garcia=2026-08-31T06:03:34.589147,2,true,2026-08-31T06:22:22.793788,,0,0,0,0,0,0
2843,0001690820,CARVANA CO.,2021,0001690820-21-000069,false,false,true,413,22,Naomi Ichiriu; Yesenia Garcia,Naomi Ichiriu=done; Yesenia Garcia=done,Naomi Ichiriu=2026-08-19T18:25:33.303460; Yesenia Garcia=2026-08-31T06:03:36.302570,2,true,2026-08-31T06:22:25.480969,,0,0,0,0,0,0
2848,0001690820,CARVANA CO.,2022,0001690820-22-000080,false,false,true,383,17,Naomi Ichiriu; Yesenia Garcia,Naomi Ichiriu=done; Yesenia Garcia=done,Naomi Ichiriu=2026-08-19T18:25:46.085433; Yesenia Garcia=2026-08-31T06:03:38.098530,2,true,2026-08-31T06:22:28.658009,,0,0,0,0,0,0
2847,0001690820,CARVANA CO.,2023,0001690820-23-000052,false,false,true,392,22,Naomi Ichiriu; Yesenia Garcia,Naomi Ichiriu=done; Yesenia Garcia=done,Naomi Ichiriu=2026-08-26T03:53:39.653666; Yesenia Garcia=2026-08-31T06:06:37.666719,2,true,2026-08-31T06:22:31.258780,,0,0,0,0,0,0
2846,0001690820,CARVANA CO.,2024,0001690820-24-000093,false,false,false,727,266,Naomi Ichiriu; Yesenia Garcia,Naomi Ichiriu=done; Yesenia Garcia=done,Naomi Ichiriu=2026-08-26T03:55:53.376489; Yesenia Garcia=2026-08-31T06:05:50.761050,2,false,,,6,2,4,0,0,1
2845,0001690820,CARVANA CO.,2025,0001690820-25-000074,false,false,false,491,183,Naomi Ichiriu; Yesenia Garcia,Naomi Ichiriu=done; Yesenia Garcia=done,Naomi Ichiriu=2026-08-26T15:21:55.810451; Yesenia Garcia=2026-08-31T06:09:18.028698,2,false,,,9,4,4,1,0,2
2844,0001690820,CARVANA CO.,2026,0001690820-26-000009,false,false,false,397,161,Yesenia Garcia; Naomi Ichiriu,Yesenia Garcia=in_progress; Naomi Ichiriu=done,Yesenia Garcia=; Naomi Ichiriu=2026-08-26T15:46:51.993136,2,false,,,22,0,21,0,0,0
270,0000018230,CATERPILLAR INC,2015,0000018230-15-000061,false,false,true,33,5,Akshitha Venkataraman; Naomi Ichiriu,Akshitha Venkataraman=done; Naomi Ichiriu=done,Akshitha Venkataraman=2026-07-27T13:31:17.565446; Naomi Ichiriu=2026-07-21T04:50:39.265821,2,true,2026-07-27T17:39:24.416351,,0,0,0,0,0,0
271,0000018230,CATERPILLAR INC,2016,0000018230-16-000410,false,false,true,31,5,Akshitha Venkataraman; Naomi Ichiriu,Akshitha Venkataraman=done; Naomi Ichiriu=done,Akshitha Venkataraman=2026-07-27T13:31:20.977619; Naomi Ichiriu=2026-07-21T04:49:26.633774,2,true,2026-07-27T17:39:46.340375,,0,0,0,0,0,0
272,0000018230,CATERPILLAR INC,2017,0000018230-17-000041,false,false,true,67,7,Akshitha Venkataraman; Naomi Ichiriu,Akshitha Venkataraman=done; Naomi Ichiriu=done,Akshitha Venkataraman=2026-07-27T13:31:23.561364; Naomi Ichiriu=2026-07-21T04:49:31.749447,2,true,2026-07-27T17:39:49.031106,,0,0,0,0,0,0
273,0000018230,CATERPILLAR INC,2018,0000018230-18-000042,false,false,true,68,7,Akshitha Venkataraman; Naomi Ichiriu,Akshitha Venkataraman=done; Naomi Ichiriu=done,Akshitha Venkataraman=2026-07-27T13:31:26.155828; Naomi Ichiriu=2026-07-21T04:49:38.170492,2,true,2026-07-27T17:39:51.902607,,0,0,0,0,0,0
274,0000018230,CATERPILLAR INC,2019,0000018230-19-000034,false,false,true,72,6,Akshitha Venkataraman; Naomi Ichiriu,Akshitha Venkataraman=done; Naomi Ichiriu=done,Akshitha Venkataraman=2026-07-27T13:31:30.440199; Naomi Ichiriu=2026-07-21T04:49:44.134514,2,true,2026-07-27T17:39:54.635464,,0,0,0,0,0,0
275,0000018230,CATERPILLAR INC,2020,0000018230-20-000056,false,false,true,92,5,Akshitha Venkataraman; Naomi Ichiriu,Akshitha Venkataraman=done; Naomi Ichiriu=done,Akshitha Venkataraman=2026-07-27T13:31:38.666256; Naomi Ichiriu=2026-07-21T04:49:49.463992,2,true,2026-07-27T17:39:57.461153,,0,0,0,0,0,0
276,0000018230,CATERPILLAR INC,2021,0000018230-21-000063,false,false,true,90,5,Akshitha Venkataraman; Naomi Ichiriu,Akshitha Venkataraman=done; Naomi Ichiriu=done,Akshitha Venkataraman=2026-07-27T13:31:46.265984; Naomi Ichiriu=2026-07-21T04:49:55.518411,2,true,2026-07-27T17:40:00.642579,,0,0,0,0,0,0
277,0000018230,CATERPILLAR INC,2022,0000018230-22-000050,false,false,true,91,5,Akshitha Venkataraman; Naomi Ichiriu,Akshitha Venkataraman=done; Naomi Ichiriu=done,Akshitha Venkataraman=2026-07-27T13:31:56.157791; Naomi Ichiriu=2026-07-21T04:50:03.097832,2,true,2026-07-27T17:40:03.829968,,0,0,0,0,0,0
278,0000018230,CATERPILLAR INC,2023,0000018230-23-000011,false,false,true,150,6,Akshitha Venkataraman; Naomi Ichiriu,Akshitha Venkataraman=done; Naomi Ichiriu=done,Akshitha Venkataraman=2026-07-27T13:32:05.796621; Naomi Ichiriu=2026-07-21T04:50:14.880576,2,true,2026-07-27T17:40:07.079572,,0,0,0,0,0,0
279,0000018230,CATERPILLAR INC,2024,0000018230-24-000009,false,false,true,357,41,Akshitha Venkataraman; Naomi Ichiriu,Akshitha Venkataraman=done; Naomi Ichiriu=done,Akshitha Venkataraman=2026-07-27T13:32:24.667792; Naomi Ichiriu=2026-07-21T04:50:30.595118,2,true,2026-07-27T17:40:11.282421,,0,0,0,0,0,0
280,0000018230,CATERPILLAR INC,2025,0000018230-25-000008,false,false,true,343,41,Akshitha Venkataraman; Naomi Ichiriu,Akshitha Venkataraman=done; Naomi Ichiriu=done,Akshitha Venkataraman=2026-07-27T13:32:52.976314; Naomi Ichiriu=2026-07-21T05:26:45.803725,2,true,2026-07-27T17:40:14.950595,,0,0,0,0,0,0
281,0000018230,CATERPILLAR INC,2026,0000018230-26-000008,false,false,true,401,42,Akshitha Venkataraman; Naomi Ichiriu,Akshitha Venkataraman=done; Naomi Ichiriu=done,Akshitha Venkataraman=2026-07-27T13:34:48.193956; Naomi Ichiriu=2026-07-21T04:51:46.670863,2,true,2026-07-27T17:40:19.105868,,0,0,0,0,0,0
4315,0001374310,"Cboe Global Markets, Inc.",2015,0001374310-15-000005,false,false,false,902,6,Amali Oakley; Alexa Bishop,Amali Oakley=done; Alexa Bishop=done,Amali Oakley=2026-09-28T03:46:44.799700; Alexa Bishop=2026-09-28T18:38:33.626276,2,true,2026-09-28T20:35:42.641746,,0,0,0,0,0,0
4431,0001374310,"Cboe Global Markets, Inc.",2016,0001374310-16-000038,false,false,false,354,7,Amali Oakley; Alexa Bishop,Amali Oakley=done; Alexa Bishop=done,Amali Oakley=2026-09-28T17:47:59.886608; Alexa Bishop=2026-09-28T18:39:15.507122,2,true,2026-09-28T20:35:54.477495,,0,0,0,0,0,0
4432,0001374310,"Cboe Global Markets, Inc.",2017,0001374310-17-000006,false,false,false,537,7,Alexa Bishop; Amali Oakley,Alexa Bishop=done; Amali Oakley=done,Alexa Bishop=2026-09-28T18:40:10.509364; Amali Oakley=2026-09-28T17:50:41.819495,2,true,2026-09-28T20:36:07.235559,,0,0,0,0,0,0
4433,0001374310,"Cboe Global Markets, Inc.",2018,0001558370-18-000953,false,false,false,74,5,Alexa Bishop; Amali Oakley,Alexa Bishop=done; Amali Oakley=done,Alexa Bishop=2026-09-28T18:40:31.066187; Amali Oakley=2026-09-28T17:51:16.693448,2,true,2026-09-28T20:36:19.223828,,0,0,0,0,0,0
4434,0001374310,"Cboe Global Markets, Inc.",2019,0001558370-19-000884,false,false,false,157,10,Amali Oakley; Alexa Bishop,Amali Oakley=done; Alexa Bishop=done,Amali Oakley=2026-09-28T17:51:55.221395; Alexa Bishop=2026-09-28T18:41:06.777608,2,true,2026-09-28T20:36:29.635137,,0,0,0,0,0,0
4435,0001374310,"Cboe Global Markets, Inc.",2020,0001558370-20-001127,false,false,false,712,11,Amali Oakley; Alexa Bishop,Amali Oakley=done; Alexa Bishop=done,Amali Oakley=2026-09-28T17:52:55.586123; Alexa Bishop=2026-09-28T18:42:02.150537,2,true,2026-09-28T20:37:07.659957,,0,0,0,0,0,0
4436,0001374310,"Cboe Global Markets, Inc.",2021,0001558370-21-001286,false,false,false,284,13,Alexa Bishop; Amali Oakley,Alexa Bishop=done; Amali Oakley=done,Alexa Bishop=2026-09-28T18:43:15.490915; Amali Oakley=2026-09-28T17:55:38.182950,2,true,2026-09-28T20:37:28.285778,,0,0,0,0,0,0
4437,0001374310,"Cboe Global Markets, Inc.",2022,0001558370-22-001386,false,false,false,1930,101,Amali Oakley; Alexa Bishop,Amali Oakley=done; Alexa Bishop=done,Amali Oakley=2026-09-28T17:57:42.305702; Alexa Bishop=2026-09-30T04:34:03.754755,2,true,2026-10-01T04:34:36.661891,,0,0,0,0,0,0
4439,0001374310,"Cboe Global Markets, Inc.",2023,0001558370-23-001489,false,false,false,736,18,Alexa Bishop; Amali Oakley,Alexa Bishop=done; Amali Oakley=done,Alexa Bishop=2026-10-01T04:23:18.333883; Amali Oakley=2026-09-28T19:28:44.628070,2,true,2026-10-01T04:34:56.348191,,0,0,0,0,0,0
4440,0001374310,"Cboe Global Markets, Inc.",2024,0001558370-24-001277,false,false,false,1186,231,Alexa Bishop; Amali Oakley,Alexa Bishop=done; Amali Oakley=done,Alexa Bishop=2026-10-01T04:29:02.294680; Amali Oakley=2026-09-28T19:32:48.615940,2,false,,,3,3,0,0,0,0
4441,0001374310,"Cboe Global Markets, Inc.",2025,0001628280-25-006984,false,false,false,752,157,Amali Oakley; Alexa Bishop,Amali Oakley=done; Alexa Bishop=done,Amali Oakley=2026-09-28T19:35:40.599405; Alexa Bishop=2026-10-01T04:31:25.386390,2,false,,,4,2,1,0,0,0
4442,0001374310,"Cboe Global Markets, Inc.",2026,0001628280-26-010013,false,false,false,807,159,Alexa Bishop; Amali Oakley,Alexa Bishop=done; Amali Oakley=done,Alexa Bishop=2026-10-01T04:34:11.206121; Amali Oakley=2026-09-28T19:39:36.039510,2,false,,,4,3,1,0,0,0
2562,0001402057,CDW Corp,2015,0001402057-15-000003,false,false,false,2803,10,Naomi Ichiriu,Naomi Ichiriu=done,Naomi Ichiriu=2026-08-13T07:01:24.865096,2,false,,,0,0,0,0,0,0
2563,0001402057,CDW Corp,2016,0001402057-16-000057,false,false,false,2686,10,Naomi Ichiriu,Naomi Ichiriu=done,Naomi Ichiriu=2026-08-13T07:01:15.828746,2,false,,,0,0,0,0,0,0
2564,0001402057,CDW Corp,2017,0001402057-17-000007,false,false,false,3102,14,Naomi Ichiriu,Naomi Ichiriu=done,Naomi Ichiriu=2026-08-13T07:21:05.244012,2,false,,,0,0,0,0,0,0
2565,0001402057,CDW Corp,2018,0001402057-18-000038,false,false,false,3199,13,Naomi Ichiriu,Naomi Ichiriu=done,Naomi Ichiriu=2026-08-13T07:21:12.340799,2,false,,,0,0,0,0,0,0
2578,0001402057,CDW Corp,2019,0001402057-19-000046,false,false,false,1714,12,Naomi Ichiriu,Naomi Ichiriu=done,Naomi Ichiriu=2026-08-13T07:33:12.623799,2,false,,,0,0,0,0,0,0
2566,0001402057,CDW Corp,2020,0001402057-20-000042,false,false,false,1275,14,Naomi Ichiriu,Naomi Ichiriu=done,Naomi Ichiriu=2026-08-13T07:22:12.944971,2,false,,,0,0,0,0,0,0
2579,0001402057,CDW Corp,2021,0001402057-21-000022,false,false,false,1221,14,Naomi Ichiriu,Naomi Ichiriu=done,Naomi Ichiriu=2026-08-13T07:33:08.858020,2,false,,,0,0,0,0,0,0
2567,0001402057,CDW Corp,2022,0001402057-22-000020,false,false,false,757,92,Naomi Ichiriu,Naomi Ichiriu=done,Naomi Ichiriu=2026-08-13T07:25:27.174657,2,false,,,1,1,0,0,0,0
2568,0001402057,CDW Corp,2023,0001402057-23-000052,false,false,false,728,84,Naomi Ichiriu,Naomi Ichiriu=done,Naomi Ichiriu=2026-08-13T07:28:05.934256,2,false,,,1,1,0,0,0,0
2569,0001402057,CDW Corp,2024,0001402057-24-000015,false,false,false,728,86,Naomi Ichiriu,Naomi Ichiriu=done,Naomi Ichiriu=2026-08-13T07:27:41.218800,2,false,,,7,6,0,0,0,0
2694,0001402057,CDW Corp,2025,0001402057-25-000018,false,false,false,902,112,Naomi Ichiriu,Naomi Ichiriu=done,Naomi Ichiriu=2026-08-15T09:43:56.873119,2,false,,,14,12,0,0,0,0
2695,0001402057,CDW Corp,2026,0001402057-26-000011,false,false,false,896,173,Naomi Ichiriu,Naomi Ichiriu=done,Naomi Ichiriu=2026-08-15T09:51:04.883476,2,false,,,22,20,0,0,0,0
2442,0001130310,CENTERPOINT ENERGY INC,2021,0001130310-21-000009,false,false,false,48,2,Akshitha Venkataraman; Yesenia Garcia,Akshitha Venkataraman=done; Yesenia Garcia=done,Akshitha Venkataraman=2026-08-02T19:04:10.395378; Yesenia Garcia=2026-08-03T08:04:07.760123,2,true,2026-09-21T01:40:25.184275,,0,0,0,0,0,0
2443,0001130310,CENTERPOINT ENERGY INC,2022,0001130310-22-000023,false,false,false,61,6,Akshitha Venkataraman; Yesenia Garcia,Akshitha Venkataraman=done; Yesenia Garcia=done,Akshitha Venkataraman=2026-08-02T19:09:09.339098; Yesenia Garcia=2026-08-03T08:04:30.363729,2,true,2026-09-21T01:40:28.043207,,0,0,0,0,0,0
2444,0001130310,CENTERPOINT ENERGY INC,2023,0001130310-23-000013,false,false,false,151,11,Yesenia Garcia; Akshitha Venkataraman,Yesenia Garcia=done; Akshitha Venkataraman=done,Yesenia Garcia=2026-08-03T08:04:46.022523; Akshitha Venkataraman=2026-08-02T19:20:13.344178,2,true,2026-09-21T01:40:30.852133,,0,0,0,0,0,0
2445,0001130310,CENTERPOINT ENERGY INC,2024,0001130310-24-000010,false,false,false,378,123,Akshitha Venkataraman; Yesenia Garcia,Akshitha Venkataraman=done; Yesenia Garcia=done,Akshitha Venkataraman=2026-08-02T19:29:21.131745; Yesenia Garcia=2026-08-03T08:09:52.917245,2,false,,,12,3,9,0,0,0
2446,0001130310,CENTERPOINT ENERGY INC,2025,0001130310-25-000040,false,false,false,2547,292,Akshitha Venkataraman; Yesenia Garcia,Akshitha Venkataraman=done; Yesenia Garcia=done,Akshitha Venkataraman=2026-08-02T20:05:39.448061; Yesenia Garcia=2026-08-03T08:14:37.408697,2,false,,,15,3,12,0,0,0
2447,0001130310,CENTERPOINT ENERGY INC,2026,0001130310-26-000008,false,false,false,1952,278,Akshitha Venkataraman; Yesenia Garcia,Akshitha Venkataraman=done; Yesenia Garcia=done,Akshitha Venkataraman=2026-08-02T20:17:47.699864; Yesenia Garcia=2026-09-21T02:26:35.685860,2,false,,,17,1,16,0,0,0
1817,0001324404,"CF Industries Holdings, Inc.",2020,0001324404-20-000006,false,false,true,42,1,Akshitha Venkataraman; Yesenia Garcia,Akshitha Venkataraman=done; Yesenia Garcia=done,Akshitha Venkataraman=2026-07-14T17:27:31.757684; Yesenia Garcia=2026-09-13T02:25:47.798395,2,true,2026-09-13T02:26:27.593162,,0,0,0,0,0,0
1818,0001324404,"CF Industries Holdings, Inc.",2021,0001324404-21-000008,false,false,true,44,1,Akshitha Venkataraman; Yesenia Garcia,Akshitha Venkataraman=done; Yesenia Garcia=done,Akshitha Venkataraman=2026-07-14T17:28:22.477572; Yesenia Garcia=2026-09-13T02:25:49.564699,2,true,2026-09-13T02:26:29.989301,,0,0,0,0,0,0
1819,0001324404,"CF Industries Holdings, Inc.",2022,0001324404-22-000008,false,false,true,42,1,Akshitha Venkataraman; Yesenia Garcia,Akshitha Venkataraman=done; Yesenia Garcia=done,Akshitha Venkataraman=2026-07-14T17:28:50.860000; Yesenia Garcia=2026-09-13T02:25:51.253673,2,true,2026-09-13T02:26:32.115749,,0,0,0,0,0,0
1820,0001324404,"CF Industries Holdings, Inc.",2023,0001324404-23-000006,false,false,true,279,2,Akshitha Venkataraman; Yesenia Garcia,Akshitha Venkataraman=done; Yesenia Garcia=done,Akshitha Venkataraman=2026-07-14T17:29:50.675832; Yesenia Garcia=2026-09-13T02:25:52.801714,2,true,2026-09-13T02:26:36.630735,,0,0,0,0,0,0
1821,0001324404,"CF Industries Holdings, Inc.",2024,0001324404-24-000008,false,false,true,309,23,Akshitha Venkataraman; Yesenia Garcia,Akshitha Venkataraman=done; Yesenia Garcia=done,Akshitha Venkataraman=2026-07-14T17:30:32.611202; Yesenia Garcia=2026-09-13T02:25:54.603406,2,true,2026-09-13T02:26:40.402081,,0,0,0,0,0,0
1822,0001324404,"CF Industries Holdings, Inc.",2025,0001324404-25-000006,false,false,true,72,24,Akshitha Venkataraman; Yesenia Garcia,Akshitha Venkataraman=done; Yesenia Garcia=done,Akshitha Venkataraman=2026-07-14T17:30:55.590236; Yesenia Garcia=2026-09-13T02:25:56.061301,2,true,2026-09-13T02:26:43.384062,,0,0,0,0,0,0
1812,0001324404,"CF Industries Holdings, Inc.",2026,0001324404-26-000007,false,false,true,75,24,Akshitha Venkataraman; Yesenia Garcia,Akshitha Venkataraman=done; Yesenia Garcia=done,Akshitha Venkataraman=2026-07-14T17:31:17.742352; Yesenia Garcia=2026-09-13T02:25:57.561285,2,true,2026-09-13T02:26:46.076489,,0,0,0,0,0,0
2017,0001100682,"CHARLES RIVER LABORATORIES INTERNATIONAL, INC.",2019,0001100682-19-000004,false,false,true,57,1,Naomi Ichiriu; Yesenia Garcia,Naomi Ichiriu=done; Yesenia Garcia=done,Naomi Ichiriu=2026-07-21T08:00:43.991483; Yesenia Garcia=2026-07-25T05:20:18.080510,2,true,2026-07-25T17:55:58.146964,,0,0,0,0,0,0
2026,0001100682,"CHARLES RIVER LABORATORIES INTERNATIONAL, INC.",2020,0001100682-20-000005,false,false,true,278,3,Naomi Ichiriu; Yesenia Garcia,Naomi Ichiriu=done; Yesenia Garcia=done,Naomi Ichiriu=2026-07-21T08:06:52.324676; Yesenia Garcia=2026-07-25T05:20:37.000621,2,true,2026-07-25T17:56:04.582724,,0,0,0,0,0,0
2038,0001100682,"CHARLES RIVER LABORATORIES INTERNATIONAL, INC.",2021,0001100682-21-000005,false,false,true,108,2,Naomi Ichiriu; Yesenia Garcia,Naomi Ichiriu=done; Yesenia Garcia=done,Naomi Ichiriu=2026-07-21T08:08:24.883634; Yesenia Garcia=2026-07-25T05:20:47.010157,2,true,2026-07-25T17:56:08.092290,,0,0,0,0,0,0
2039,0001100682,"CHARLES RIVER LABORATORIES INTERNATIONAL, INC.",2022,0001100682-22-000007,false,false,true,178,14,Naomi Ichiriu; Yesenia Garcia,Naomi Ichiriu=done; Yesenia Garcia=done,Naomi Ichiriu=2026-07-21T08:28:56.644678; Yesenia Garcia=2026-07-25T05:21:05.648060,2,true,2026-07-25T17:56:11.496255,,0,0,0,0,0,0
2040,0001100682,"CHARLES RIVER LABORATORIES INTERNATIONAL, INC.",2023,0001100682-23-000006,false,false,true,162,4,Naomi Ichiriu; Yesenia Garcia,Naomi Ichiriu=done; Yesenia Garcia=done,Naomi Ichiriu=2026-07-21T08:38:17.653433; Yesenia Garcia=2026-07-25T05:22:29.035340,2,true,2026-07-25T17:56:15.067504,,0,0,0,0,0,0
2041,0001100682,"CHARLES RIVER LABORATORIES INTERNATIONAL, INC.",2024,0001100682-24-000007,false,false,true,168,24,Naomi Ichiriu; Yesenia Garcia,Naomi Ichiriu=done; Yesenia Garcia=done,Naomi Ichiriu=2026-07-21T22:31:36.118526; Yesenia Garcia=2026-07-25T05:22:50.893141,2,true,2026-07-25T17:56:19.792108,,0,0,0,0,0,0
2042,0001100682,"CHARLES RIVER LABORATORIES INTERNATIONAL, INC.",2025,0001100682-25-000011,false,false,true,159,27,Naomi Ichiriu; Yesenia Garcia,Naomi Ichiriu=done; Yesenia Garcia=done,Naomi Ichiriu=2026-07-21T22:33:10.698186; Yesenia Garcia=2026-07-25T05:24:21.252675,2,true,2026-08-03T18:38:23.473104,,2,1,0,1,0,1
2024,0001100682,"CHARLES RIVER LABORATORIES INTERNATIONAL, INC.",2026,0001100682-26-000022,false,false,true,675,135,Naomi Ichiriu; Yesenia Garcia,Naomi Ichiriu=done; Yesenia Garcia=done,Naomi Ichiriu=2026-08-10T06:52:06.869085; Yesenia Garcia=2026-07-25T05:31:34.026788,2,true,2026-09-30T20:15:16.117142,,10,0,0,10,0,12
2055,0001091667,"CHARTER COMMUNICATIONS, INC. /MO/",2015,0001091667-15-000049,false,false,false,90,4,Akshitha Venkataraman; Naomi Ichiriu,Akshitha Venkataraman=done; Naomi Ichiriu=done,Akshitha Venkataraman=2026-08-17T07:08:21.166783; Naomi Ichiriu=2026-07-21T22:43:51.695531,2,true,2026-08-17T14:54:45.058915,,0,0,0,0,0,0
2056,0001091667,"CHARTER COMMUNICATIONS, INC. /MO/",2016,0001091667-16-000396,false,false,false,97,4,Akshitha Venkataraman; Naomi Ichiriu,Akshitha Venkataraman=done; Naomi Ichiriu=done,Akshitha Venkataraman=2026-08-17T07:08:23.783744; Naomi Ichiriu=2026-07-21T22:44:40.255990,2,true,2026-08-17T14:54:48.549985,,0,0,0,0,0,0
2057,0001091667,"CHARTER COMMUNICATIONS, INC. /MO/",2017,0001091667-17-000030,false,false,false,100,6,Akshitha Venkataraman; Naomi Ichiriu,Akshitha Venkataraman=done; Naomi Ichiriu=done,Akshitha Venkataraman=2026-08-17T07:08:32.233506; Naomi Ichiriu=2026-07-21T22:44:15.110533,2,true,2026-08-17T14:54:51.881721,,0,0,0,0,0,0
2059,0001091667,"CHARTER COMMUNICATIONS, INC. /MO/",2018,0001091667-18-000025,false,false,false,110,6,Akshitha Venkataraman; Naomi Ichiriu,Akshitha Venkataraman=done; Naomi Ichiriu=done,Akshitha Venkataraman=2026-08-17T07:08:34.463301; Naomi Ichiriu=2026-07-21T22:45:11.522412,2,true,2026-08-17T14:54:54.221881,,0,0,0,0,0,0
2060,0001091667,"CHARTER COMMUNICATIONS, INC. /MO/",2019,0001091667-19-000029,false,false,false,92,6,Akshitha Venkataraman; Naomi Ichiriu,Akshitha Venkataraman=done; Naomi Ichiriu=done,Akshitha Venkataraman=2026-08-17T07:08:36.510835; Naomi Ichiriu=2026-07-21T22:45:24.628712,2,true,2026-08-17T14:54:57.369577,,0,0,0,0,0,0
2062,0001091667,"CHARTER COMMUNICATIONS, INC. /MO/",2020,0001091667-20-000024,false,false,false,107,6,Akshitha Venkataraman; Naomi Ichiriu,Akshitha Venkataraman=done; Naomi Ichiriu=done,Akshitha Venkataraman=2026-08-17T07:08:38.896732; Naomi Ichiriu=2026-07-21T22:46:29.111776,2,true,2026-08-17T14:55:00.048586,,0,0,0,0,0,0
2061,0001091667,"CHARTER COMMUNICATIONS, INC. /MO/",2021,0001091667-21-000022,false,false,true,111,7,Akshitha Venkataraman; Naomi Ichiriu,Akshitha Venkataraman=done; Naomi Ichiriu=done,Akshitha Venkataraman=2026-08-17T07:08:47.969075; Naomi Ichiriu=2026-07-21T22:46:02.373779,2,true,2026-08-17T14:55:03.131974,,0,0,0,0,0,0
2065,0001091667,"CHARTER COMMUNICATIONS, INC. /MO/",2022,0001091667-22-000024,false,false,true,107,7,Akshitha Venkataraman; Naomi Ichiriu,Akshitha Venkataraman=done; Naomi Ichiriu=done,Akshitha Venkataraman=2026-08-17T07:08:58.012700; Naomi Ichiriu=2026-07-21T22:47:05.815743,2,true,2026-08-17T14:55:06.218596,,0,0,0,0,0,0
2063,0001091667,"CHARTER COMMUNICATIONS, INC. /MO/",2023,0001091667-23-000024,false,false,true,113,8,Akshitha Venkataraman; Naomi Ichiriu,Akshitha Venkataraman=done; Naomi Ichiriu=done,Akshitha Venkataraman=2026-08-17T07:09:07.491638; Naomi Ichiriu=2026-07-21T22:46:17.158743,2,true,2026-08-17T14:55:08.661081,,0,0,0,0,0,0
2064,0001091667,"CHARTER COMMUNICATIONS, INC. /MO/",2024,0001091667-24-000028,false,false,false,285,101,Akshitha Venkataraman; Naomi Ichiriu,Akshitha Venkataraman=done; Naomi Ichiriu=done,Akshitha Venkataraman=2026-08-17T07:35:01.590725; Naomi Ichiriu=2026-07-22T05:03:40.066240,2,false,,,9,2,7,0,0,0
2066,0001091667,"CHARTER COMMUNICATIONS, INC. /MO/",2025,0001091667-25-000034,false,false,false,305,109,Akshitha Venkataraman; Naomi Ichiriu,Akshitha Venkataraman=done; Naomi Ichiriu=done,Akshitha Venkataraman=2026-08-17T07:48:14.202271; Naomi Ichiriu=2026-07-22T05:06:48.876379,2,false,,,10,2,7,0,0,0
2058,0001091667,"CHARTER COMMUNICATIONS, INC. /MO/",2026,0001091667-26-000017,false,false,false,320,121,Akshitha Venkataraman; Naomi Ichiriu,Akshitha Venkataraman=done; Naomi Ichiriu=done,Akshitha Venkataraman=2026-08-17T07:52:23.634303; Naomi Ichiriu=2026-07-21T22:44:59.361434,2,false,,,7,0,7,0,0,0
2738,0000093410,CHEVRON CORP,2015,0000093410-15-000010,false,false,false,40,1,Akshitha Venkataraman; Yesenia Garcia,Akshitha Venkataraman=done; Yesenia Garcia=done,Akshitha Venkataraman=2026-08-17T15:15:53.612754; Yesenia Garcia=2026-08-24T06:22:18.744264,2,true,2026-09-27T03:52:26.132381,,0,0,0,0,0,0
3206,0000093410,CHEVRON CORP,2016,0000093410-16-000049,false,false,false,40,1,Yesenia Garcia,Yesenia Garcia=done,Yesenia Garcia=2026-08-24T06:30:00.268426,2,false,,,0,0,0,0,0,0
3205,0000093410,CHEVRON CORP,2017,0000093410-17-000013,false,false,false,97,2,Yesenia Garcia,Yesenia Garcia=done,Yesenia Garcia=2026-08-24T06:29:21.032199,2,false,,,0,0,0,0,0,0
3204,0000093410,CHEVRON CORP,2018,0000093410-18-000010,false,false,false,95,2,Yesenia Garcia,Yesenia Garcia=done,Yesenia Garcia=2026-08-24T06:28:41.426531,2,false,,,0,0,0,0,0,0
3203,0000093410,CHEVRON CORP,2019,0000093410-19-000008,false,false,false,97,2,Yesenia Garcia,Yesenia Garcia=done,Yesenia Garcia=2026-08-24T06:28:20.093446,2,false,,,0,0,0,0,0,0
3202,0000093410,CHEVRON CORP,2020,0000093410-20-000010,false,false,false,99,2,Yesenia Garcia,Yesenia Garcia=done,Yesenia Garcia=2026-08-24T06:27:47.235158,2,false,,,0,0,0,0,0,0
2739,0000093410,CHEVRON CORP,2021,0000093410-21-000009,false,false,false,93,2,Akshitha Venkataraman; Yesenia Garcia,Akshitha Venkataraman=done; Yesenia Garcia=done,Akshitha Venkataraman=2026-08-17T15:16:56.806109; Yesenia Garcia=2026-08-24T06:22:20.732053,2,true,2026-09-27T03:52:28.929828,,0,0,0,0,0,0
2740,0000093410,CHEVRON CORP,2022,0000093410-22-000019,false,false,false,99,2,Akshitha Venkataraman; Yesenia Garcia,Akshitha Venkataraman=done; Yesenia Garcia=done,Akshitha Venkataraman=2026-08-17T15:17:16.225713; Yesenia Garcia=2026-08-24T06:22:22.530687,2,true,2026-09-27T03:52:32.735606,,0,0,0,0,0,0
2741,0000093410,CHEVRON CORP,2023,0000093410-23-000009,false,false,false,103,2,Akshitha Venkataraman; Yesenia Garcia,Akshitha Venkataraman=done; Yesenia Garcia=done,Akshitha Venkataraman=2026-08-17T15:17:40.727701; Yesenia Garcia=2026-08-24T06:22:25.048667,2,true,2026-09-27T03:52:35.143371,,0,0,0,0,0,0
2742,0000093410,CHEVRON CORP,2024,0000093410-24-000013,false,false,false,159,33,Akshitha Venkataraman; Yesenia Garcia,Akshitha Venkataraman=done; Yesenia Garcia=done,Akshitha Venkataraman=2026-08-17T15:18:12.038584; Yesenia Garcia=2026-08-24T06:22:38.090393,2,true,2026-09-27T03:52:40.275295,,0,0,0,0,0,0
2743,0000093410,CHEVRON CORP,2025,0000093410-25-000009,false,false,false,1175,137,Akshitha Venkataraman; Yesenia Garcia,Akshitha Venkataraman=done; Yesenia Garcia=done,Akshitha Venkataraman=2026-08-17T15:19:03.945417; Yesenia Garcia=2026-08-24T06:24:16.202198,2,false,,,2,1,1,0,0,1
2744,0000093410,CHEVRON CORP,2026,0000093410-26-000078,false,false,false,1309,119,Akshitha Venkataraman; Yesenia Garcia,Akshitha Venkataraman=done; Yesenia Garcia=done,Akshitha Venkataraman=2026-08-17T15:20:06.125853; Yesenia Garcia=2026-08-24T06:27:23.218516,2,false,,,5,1,4,0,0,4
1996,0001043277,"C. H. ROBINSON WORLDWIDE, INC.",2015,0001628280-15-001350,false,false,true,522,3,Yesenia Garcia; Naomi Ichiriu,Yesenia Garcia=done; Naomi Ichiriu=done,Yesenia Garcia=2026-08-03T09:17:49.506513; Naomi Ichiriu=2026-07-21T05:49:50.041503,2,true,2026-08-04T20:42:20.232403,,0,0,0,0,0,0
1998,0001043277,"C. H. ROBINSON WORLDWIDE, INC.",2016,0001043277-16-000020,false,false,true,243,3,Yesenia Garcia; Naomi Ichiriu,Yesenia Garcia=done; Naomi Ichiriu=done,Yesenia Garcia=2026-08-03T09:18:08.587942; Naomi Ichiriu=2026-07-21T05:49:31.757613,2,true,2026-08-04T20:42:22.939664,,0,0,0,0,0,0
1999,0001043277,"C. H. ROBINSON WORLDWIDE, INC.",2017,0001043277-17-000004,false,false,true,132,2,Yesenia Garcia; Naomi Ichiriu,Yesenia Garcia=done; Naomi Ichiriu=done,Yesenia Garcia=2026-08-03T09:18:24.252164; Naomi Ichiriu=2026-07-21T05:49:56.530093,2,true,2026-08-04T20:42:26.918049,,0,0,0,0,0,0
2000,0001043277,"C. H. ROBINSON WORLDWIDE, INC.",2018,0001043277-18-000007,false,false,true,134,3,Naomi Ichiriu; Yesenia Garcia,Naomi Ichiriu=done; Yesenia Garcia=done,Naomi Ichiriu=2026-07-21T05:50:34.431829; Yesenia Garcia=2026-08-03T09:18:37.295845,2,true,2026-08-04T20:42:30.725175,,0,0,0,0,0,0
2001,0001043277,"C. H. ROBINSON WORLDWIDE, INC.",2019,0001043277-19-000006,false,false,true,133,3,Yesenia Garcia; Naomi Ichiriu,Yesenia Garcia=done; Naomi Ichiriu=done,Yesenia Garcia=2026-08-03T09:18:47.558979; Naomi Ichiriu=2026-07-21T05:50:44.647788,2,true,2026-08-04T20:42:33.335002,,0,0,0,0,0,0
2002,0001043277,"C. H. ROBINSON WORLDWIDE, INC.",2020,0001043277-20-000016,false,false,true,62,4,Yesenia Garcia; Naomi Ichiriu,Yesenia Garcia=done; Naomi Ichiriu=done,Yesenia Garcia=2026-08-03T09:19:03.426029; Naomi Ichiriu=2026-07-21T05:50:58.764001,2,true,2026-08-04T20:42:35.960646,,0,0,0,0,0,0
2005,0001043277,"C. H. ROBINSON WORLDWIDE, INC.",2021,0001043277-21-000009,false,false,true,481,6,Yesenia Garcia; Naomi Ichiriu,Yesenia Garcia=done; Naomi Ichiriu=done,Yesenia Garcia=2026-08-03T09:19:15.293545; Naomi Ichiriu=2026-07-21T06:19:50.717992,2,true,2026-08-04T20:42:40.309497,,0,0,0,0,0,0
2006,0001043277,"C. H. ROBINSON WORLDWIDE, INC.",2022,0001043277-22-000006,false,false,true,610,9,Naomi Ichiriu; Yesenia Garcia,Naomi Ichiriu=done; Yesenia Garcia=done,Naomi Ichiriu=2026-07-21T06:19:36.242720; Yesenia Garcia=2026-08-03T09:19:28.331048,2,true,2026-08-04T20:42:45.548692,,0,0,0,0,0,0
2003,0001043277,"C. H. ROBINSON WORLDWIDE, INC.",2023,0001043277-23-000005,false,false,true,387,9,Naomi Ichiriu; Yesenia Garcia,Naomi Ichiriu=done; Yesenia Garcia=done,Naomi Ichiriu=2026-07-21T05:51:58.912220; Yesenia Garcia=2026-08-03T09:19:38.147985,2,true,2026-08-04T20:42:50.194532,,0,0,0,0,0,0
2007,0001043277,"C. H. ROBINSON WORLDWIDE, INC.",2024,0001043277-24-000011,false,false,true,485,57,Yesenia Garcia; Naomi Ichiriu,Yesenia Garcia=done; Naomi Ichiriu=done,Yesenia Garcia=2026-08-03T09:22:15.094397; Naomi Ichiriu=2026-07-21T08:28:25.186175,2,true,2026-09-21T04:18:22.654737,,6,2,0,4,0,4
2008,0001043277,"C. H. ROBINSON WORLDWIDE, INC.",2025,0001043277-25-000012,false,false,true,648,166,Naomi Ichiriu; Yesenia Garcia,Naomi Ichiriu=done; Yesenia Garcia=done,Naomi Ichiriu=2026-07-21T08:31:21.563497; Yesenia Garcia=2026-08-03T09:24:01.295499,2,true,2026-09-21T04:20:06.137025,,6,3,0,3,0,3
2004,0001043277,"C. H. ROBINSON WORLDWIDE, INC.",2026,0001043277-26-000009,false,false,false,1782,256,Yesenia Garcia; Naomi Ichiriu,Yesenia Garcia=done; Naomi Ichiriu=done,Yesenia Garcia=2026-09-21T04:25:16.556785; Naomi Ichiriu=2026-08-10T06:46:44.369885,2,true,2026-09-30T20:14:10.902182,,8,3,0,5,0,5
3884,0000896159,Chubb Ltd,2018,0000896159-18-000002,false,false,true,90,7,Yesenia Garcia; Naomi Ichiriu,Yesenia Garcia=done; Naomi Ichiriu=done,Yesenia Garcia=2026-09-12T17:46:51.178546; Naomi Ichiriu=2026-09-22T16:31:21.941472,2,true,2026-09-30T18:36:09.134987,,0,0,0,0,0,0
3885,0000896159,Chubb Ltd,2019,0000896159-19-000005,false,false,true,87,7,Yesenia Garcia; Naomi Ichiriu,Yesenia Garcia=done; Naomi Ichiriu=done,Yesenia Garcia=2026-09-12T17:47:13.065433; Naomi Ichiriu=2026-09-22T16:31:23.721054,2,true,2026-09-30T18:36:11.981606,,0,0,0,0,0,0
3886,0000896159,Chubb Ltd,2020,0000896159-20-000003,false,false,true,82,5,Yesenia Garcia; Naomi Ichiriu,Yesenia Garcia=done; Naomi Ichiriu=done,Yesenia Garcia=2026-09-12T17:47:33.876747; Naomi Ichiriu=2026-09-22T16:31:33.487764,2,true,2026-09-30T18:36:14.495368,,0,0,0,0,0,0
3887,0000896159,Chubb Ltd,2021,0000896159-21-000003,false,false,true,81,5,Yesenia Garcia; Naomi Ichiriu,Yesenia Garcia=done; Naomi Ichiriu=done,Yesenia Garcia=2026-09-12T17:47:54.273843; Naomi Ichiriu=2026-09-22T16:31:31.898744,2,true,2026-09-30T18:36:16.432549,,0,0,0,0,0,0
3888,0000896159,Chubb Ltd,2022,0000896159-22-000005,false,false,true,84,5,Yesenia Garcia; Naomi Ichiriu,Yesenia Garcia=done; Naomi Ichiriu=done,Yesenia Garcia=2026-09-12T17:48:32.613763; Naomi Ichiriu=2026-09-22T16:31:28.734840,2,true,2026-09-30T18:36:18.677567,,0,0,0,0,0,0
3889,0000896159,Chubb Ltd,2023,0000896159-23-000007,false,false,true,88,5,Yesenia Garcia; Naomi Ichiriu,Yesenia Garcia=done; Naomi Ichiriu=done,Yesenia Garcia=2026-09-12T17:50:13.327650; Naomi Ichiriu=2026-09-22T16:31:26.970966,2,true,2026-09-30T18:36:20.937780,,0,0,0,0,0,0
3890,0000896159,Chubb Ltd,2024,0000896159-24-000003,false,false,false,216,44,Yesenia Garcia; Naomi Ichiriu,Yesenia Garcia=done; Naomi Ichiriu=done,Yesenia Garcia=2026-09-12T17:57:02.332855; Naomi Ichiriu=2026-09-26T23:33:56.745678,2,false,,,9,2,5,0,0,0
3891,0000896159,Chubb Ltd,2025,0000896159-25-000004,false,false,false,395,147,Yesenia Garcia; Naomi Ichiriu,Yesenia Garcia=done; Naomi Ichiriu=done,Yesenia Garcia=2026-09-12T18:00:03.273205; Naomi Ichiriu=2026-09-26T23:29:31.884705,2,false,,,12,3,5,0,0,0
3892,0000896159,Chubb Ltd,2026,0000896159-26-000005,false,false,false,344,130,Yesenia Garcia; Naomi Ichiriu,Yesenia Garcia=done; Naomi Ichiriu=done,Yesenia Garcia=2026-09-12T22:07:09.182551; Naomi Ichiriu=2026-09-26T23:27:52.402173,2,false,,,13,2,6,0,0,0
2075,0000313927,CHURCH & DWIGHT CO INC /DE/,2022,0001564590-22-005528,false,false,true,46,1,Naomi Ichiriu; Yesenia Garcia,Naomi Ichiriu=done; Yesenia Garcia=done,Naomi Ichiriu=2026-07-22T04:33:42.537970; Yesenia Garcia=2026-08-24T08:23:30.646712,2,true,2026-08-26T15:34:45.846358,,0,0,0,0,0,0
2076,0000313927,CHURCH & DWIGHT CO INC /DE/,2023,0000950170-23-003066,false,false,true,42,4,Naomi Ichiriu; Yesenia Garcia,Naomi Ichiriu=done; Yesenia Garcia=done,Naomi Ichiriu=2026-07-22T04:33:30.318032; Yesenia Garcia=2026-08-24T08:23:32.541330,2,true,2026-08-26T15:34:48.920178,,0,0,0,0,0,0
2077,0000313927,CHURCH & DWIGHT CO INC /DE/,2024,0000950170-24-015810,false,false,true,454,28,Naomi Ichiriu; Yesenia Garcia,Naomi Ichiriu=done; Yesenia Garcia=done,Naomi Ichiriu=2026-07-22T05:00:10.895819; Yesenia Garcia=2026-08-24T08:24:13.034508,2,true,2026-09-27T05:41:48.994019,,2,1,0,1,0,1
2078,0000313927,CHURCH & DWIGHT CO INC /DE/,2025,0000950170-25-019801,false,false,false,477,32,Naomi Ichiriu; Yesenia Garcia,Naomi Ichiriu=done; Yesenia Garcia=done,Naomi Ichiriu=2026-07-22T04:58:36.413521; Yesenia Garcia=2026-08-24T08:25:39.683072,2,true,2026-09-30T18:36:44.254976,,6,3,0,3,0,4
2067,0000313927,CHURCH & DWIGHT CO INC /DE/,2026,0001193125-26-048139,false,false,false,508,211,Naomi Ichiriu; Yesenia Garcia,Naomi Ichiriu=done; Yesenia Garcia=done,Naomi Ichiriu=2026-08-12T19:04:00.926979; Yesenia Garcia=2026-08-24T08:27:28.788137,2,true,2026-09-30T18:37:32.250070,,9,5,0,4,0,7
3334,0000936395,CIENA CORP,2015,0000936395-15-000062,false,false,false,970,30,Naomi Ichiriu,Naomi Ichiriu=done,Naomi Ichiriu=2026-08-29T21:08:06.410158,2,false,,,0,0,0,0,0,0
3335,0000936395,CIENA CORP,2016,0000936395-16-000128,false,false,false,1088,30,Naomi Ichiriu,Naomi Ichiriu=done,Naomi Ichiriu=2026-08-29T21:08:13.135912,2,false,,,0,0,0,0,0,0
3336,0000936395,CIENA CORP,2017,0000936395-17-000064,false,false,false,2114,151,Naomi Ichiriu,Naomi Ichiriu=done,Naomi Ichiriu=2026-08-29T21:08:22.582021,2,false,,,0,0,0,0,0,0
3337,0000936395,CIENA CORP,2018,0000936395-18-000048,false,false,false,1874,73,Naomi Ichiriu,Naomi Ichiriu=done,Naomi Ichiriu=2026-08-29T21:08:25.488528,2,false,,,0,0,0,0,0,0
3338,0000936395,CIENA CORP,2019,0000936395-19-000056,false,false,false,818,79,Naomi Ichiriu,Naomi Ichiriu=done,Naomi Ichiriu=2026-08-29T21:08:57.279805,2,false,,,0,0,0,0,0,0
3339,0000936395,CIENA CORP,2020,0000936395-20-000042,false,false,false,1671,86,Naomi Ichiriu,Naomi Ichiriu=done,Naomi Ichiriu=2026-09-09T05:09:02.400769,2,false,,,0,0,0,0,0,0
3340,0000936395,CIENA CORP,2021,0000936395-21-000054,false,false,false,1849,127,Naomi Ichiriu,Naomi Ichiriu=done,Naomi Ichiriu=2026-09-09T05:09:37.127790,2,false,,,0,0,0,0,0,0
3535,0000936395,CIENA CORP,2022,0000936395-22-000065,false,false,false,1758,125,Naomi Ichiriu,Naomi Ichiriu=done,Naomi Ichiriu=2026-09-09T05:18:23.452837,2,false,,,0,0,0,0,0,0
3341,0000936395,CIENA CORP,2023,0000936395-23-000044,false,false,false,1889,298,Naomi Ichiriu,Naomi Ichiriu=done,Naomi Ichiriu=2026-09-21T12:59:27.346316,2,false,,,8,8,0,0,0,0
3342,0000936395,CIENA CORP,2024,0000936395-24-000044,false,false,false,1887,358,Naomi Ichiriu,Naomi Ichiriu=done,Naomi Ichiriu=2026-09-21T15:17:21.317129,2,false,,,8,7,0,0,0,0
3343,0000936395,CIENA CORP,2025,0001628280-25-056698,false,false,false,2263,337,Naomi Ichiriu,Naomi Ichiriu=done,Naomi Ichiriu=2026-09-21T15:21:47.042188,2,false,,,12,12,0,0,0,0
294,0000020286,CINCINNATI FINANCIAL CORP,2015,0000020286-15-000011,false,false,false,5590,3,,,,0,false,,,0,0,0,0,0,0
295,0000020286,CINCINNATI FINANCIAL CORP,2016,0000020286-16-000055,false,false,false,3771,2,,,,0,false,,,0,0,0,0,0,0
296,0000020286,CINCINNATI FINANCIAL CORP,2017,0000020286-17-000013,false,false,false,3837,2,,,,0,false,,,0,0,0,0,0,0
297,0000020286,CINCINNATI FINANCIAL CORP,2018,0000020286-18-000012,false,false,false,5358,3,,,,0,false,,,0,0,0,0,0,0
298,0000020286,CINCINNATI FINANCIAL CORP,2019,0000020286-19-000012,false,false,false,3618,2,,,,0,false,,,0,0,0,0,0,0
299,0000020286,CINCINNATI FINANCIAL CORP,2020,0000020286-20-000011,false,false,false,3646,7,,,,0,false,,,0,0,0,0,0,0
300,0000020286,CINCINNATI FINANCIAL CORP,2021,0000020286-21-000013,false,false,false,3511,7,,,,0,false,,,0,0,0,0,0,0
301,0000020286,CINCINNATI FINANCIAL CORP,2022,0000020286-22-000012,false,false,false,2338,6,,,,0,false,,,0,0,0,0,0,0
302,0000020286,CINCINNATI FINANCIAL CORP,2023,0000020286-23-000008,false,false,false,2205,6,,,,0,false,,,0,0,0,0,0,0
303,0000020286,CINCINNATI FINANCIAL CORP,2024,0000020286-24-000014,false,false,false,2366,23,,,,0,false,,,0,0,0,0,0,0
304,0000020286,CINCINNATI FINANCIAL CORP,2025,0000020286-25-000009,false,false,false,5774,27,,,,0,false,,,0,0,0,0,0,0
305,0000020286,CINCINNATI FINANCIAL CORP,2026,0000020286-26-000008,false,false,false,5582,27,,,,0,false,,,0,0,0,0,0,0
4091,0000723254,CINTAS CORP,2017,0000723254-17-000020,false,false,true,32,1,Naomi Ichiriu; Akshitha Venkataraman,Naomi Ichiriu=done; Akshitha Venkataraman=done,Naomi Ichiriu=2026-09-18T05:36:31.356995; Akshitha Venkataraman=2026-09-30T05:29:18.623856,2,true,2026-09-30T05:29:23.801900,,0,0,0,0,0,0
4090,0000723254,CINTAS CORP,2018,0000723254-18-000015,false,false,false,32,1,Naomi Ichiriu,Naomi Ichiriu=done,Naomi Ichiriu=2026-09-18T05:36:34.609240,2,false,,,0,0,0,0,0,0
4076,0000723254,CINTAS CORP,2019,0000723254-19-000021,false,false,false,32,1,Naomi Ichiriu,Naomi Ichiriu=done,Naomi Ichiriu=2026-09-18T05:28:47.322881,2,false,,,0,0,0,0,0,0
4092,0000723254,CINTAS CORP,2020,0000723254-20-000025,false,false,false,33,1,Naomi Ichiriu,Naomi Ichiriu=done,Naomi Ichiriu=2026-09-18T05:36:41.178502,2,false,,,0,0,0,0,0,0
4095,0000723254,CINTAS CORP,2021,0000723254-21-000021,false,false,false,87,2,Naomi Ichiriu,Naomi Ichiriu=done,Naomi Ichiriu=2026-09-18T05:36:51.664465,2,false,,,0,0,0,0,0,0
4096,0000723254,CINTAS CORP,2022,0000723254-22-000019,false,false,false,87,2,Naomi Ichiriu,Naomi Ichiriu=done,Naomi Ichiriu=2026-09-18T05:36:59.607408,2,false,,,0,0,0,0,0,0
4097,0000723254,CINTAS CORP,2023,0000723254-23-000025,false,false,false,84,2,Naomi Ichiriu,Naomi Ichiriu=done,Naomi Ichiriu=2026-09-18T05:37:03.430838,2,false,,,0,0,0,0,0,0
4098,0000723254,CINTAS CORP,2024,0000723254-24-000036,false,false,false,189,89,Naomi Ichiriu,Naomi Ichiriu=done,Naomi Ichiriu=2026-09-21T15:37:31.817933,2,false,,,3,3,0,0,0,0
4099,0000723254,CINTAS CORP,2025,0000723254-25-000017,false,false,false,195,97,Naomi Ichiriu,Naomi Ichiriu=done,Naomi Ichiriu=2026-09-21T15:40:28.455614,2,false,,,7,4,0,0,0,0
3223,0000831001,CITIGROUP INC,2015,0000831001-15-000043,false,false,true,29074,11,Yesenia Garcia; Naomi Ichiriu,Yesenia Garcia=done; Naomi Ichiriu=done,Yesenia Garcia=2026-08-25T22:22:41.492533; Naomi Ichiriu=2026-09-22T16:30:50.778747,2,true,2026-09-30T17:38:07.327903,,0,0,0,0,0,0
3224,0000831001,CITIGROUP INC,2016,0000831001-16-000235,false,false,true,22802,14,Yesenia Garcia; Naomi Ichiriu,Yesenia Garcia=done; Naomi Ichiriu=done,Yesenia Garcia=2026-08-25T22:23:55.603759; Naomi Ichiriu=2026-09-22T16:31:10.046721,2,true,2026-09-30T17:38:14.293074,,0,0,0,0,0,0
3225,0000831001,CITIGROUP INC,2017,0000831001-17-000038,false,false,true,58,3,Yesenia Garcia; Naomi Ichiriu,Yesenia Garcia=done; Naomi Ichiriu=done,Yesenia Garcia=2026-08-25T22:24:17.625630; Naomi Ichiriu=2026-09-22T16:30:06.068321,2,true,2026-09-30T17:38:18.664940,,0,0,0,0,0,0
3226,0000831001,CITIGROUP INC,2018,0000831001-18-000040,false,false,true,66,4,Yesenia Garcia; Naomi Ichiriu,Yesenia Garcia=done; Naomi Ichiriu=done,Yesenia Garcia=2026-08-25T22:24:39.931764; Naomi Ichiriu=2026-09-22T16:30:08.879385,2,true,2026-09-30T17:38:22.079729,,0,0,0,0,0,0
3227,0000831001,CITIGROUP INC,2019,0000831001-19-000027,false,false,true,4388,16,Yesenia Garcia; Naomi Ichiriu,Yesenia Garcia=done; Naomi Ichiriu=done,Yesenia Garcia=2026-08-25T22:25:19.729265; Naomi Ichiriu=2026-09-22T16:30:11.248957,2,true,2026-09-30T17:38:30.828899,,0,0,0,0,0,0
3228,0000831001,CITIGROUP INC,2020,0000831001-20-000031,false,false,true,4437,17,Yesenia Garcia; Naomi Ichiriu,Yesenia Garcia=done; Naomi Ichiriu=done,Yesenia Garcia=2026-08-25T22:26:16.246089; Naomi Ichiriu=2026-09-22T16:30:13.833984,2,true,2026-09-30T17:38:34.111815,,0,0,0,0,0,0
3229,0000831001,CITIGROUP INC,2021,0000831001-21-000042,false,false,true,5247,19,Yesenia Garcia; Naomi Ichiriu,Yesenia Garcia=done; Naomi Ichiriu=done,Yesenia Garcia=2026-08-25T22:26:54.501857; Naomi Ichiriu=2026-09-26T21:09:32.703883,2,true,2026-09-30T17:38:39.492380,,0,0,0,0,0,0
3230,0000831001,CITIGROUP INC,2022,0000831001-22-000036,false,false,true,5937,23,Yesenia Garcia; Naomi Ichiriu,Yesenia Garcia=done; Naomi Ichiriu=done,Yesenia Garcia=2026-08-25T22:27:19.050751; Naomi Ichiriu=2026-09-22T16:30:36.463520,2,true,2026-09-30T17:38:43.522764,,0,0,0,0,0,0
3231,0000831001,CITIGROUP INC,2023,0000831001-23-000037,false,false,true,6244,28,Yesenia Garcia; Naomi Ichiriu,Yesenia Garcia=done; Naomi Ichiriu=done,Yesenia Garcia=2026-08-25T22:27:49.720666; Naomi Ichiriu=2026-09-22T16:30:16.121909,2,true,2026-09-30T17:38:52.071954,,0,0,0,0,0,0
3232,0000831001,CITIGROUP INC,2024,0000831001-24-000033,false,false,false,10401,665,Yesenia Garcia; Naomi Ichiriu,Yesenia Garcia=done; Naomi Ichiriu=done,Yesenia Garcia=2026-08-25T22:30:54.042093; Naomi Ichiriu=2026-09-27T04:30:42.121803,2,false,,,4,2,2,0,0,0
3233,0000831001,CITIGROUP INC,2025,0000831001-25-000067,false,false,false,10604,692,Yesenia Garcia; Naomi Ichiriu,Yesenia Garcia=done; Naomi Ichiriu=done,Yesenia Garcia=2026-08-25T22:35:32.400917; Naomi Ichiriu=2026-09-27T04:58:16.608829,2,false,,,9,1,8,0,0,0
3234,0000831001,CITIGROUP INC,2026,0000831001-26-000011,false,false,false,29047,1966,Yesenia Garcia; Naomi Ichiriu,Yesenia Garcia=done; Naomi Ichiriu=done,Yesenia Garcia=2026-08-25T23:00:18.495647; Naomi Ichiriu=2026-09-27T04:53:47.187999,2,false,,,19,5,14,0,0,0
3604,0000759944,CITIZENS FINANCIAL GROUP INC/RI,2015,0000759944-15-000016,false,false,true,60,5,Amali Oakley; Joseline Viveros,Amali Oakley=done; Joseline Viveros=done,Amali Oakley=2026-09-02T14:59:41.594798; Joseline Viveros=2026-09-14T05:05:19.031269,2,true,2026-09-14T20:42:09.180068,,0,0,0,0,0,0
3605,0000759944,CITIZENS FINANCIAL GROUP INC/RI,2016,0000759944-16-000099,false,false,true,185,7,Amali Oakley; Joseline Viveros,Amali Oakley=done; Joseline Viveros=done,Amali Oakley=2026-09-06T00:32:33.748990; Joseline Viveros=2026-09-14T05:05:45.254533,2,true,2026-09-14T20:42:22.549920,,0,0,0,0,0,0
3679,0000759944,CITIZENS FINANCIAL GROUP INC/RI,2017,0000759944-17-000012,false,false,true,177,8,Amali Oakley; Joseline Viveros,Amali Oakley=done; Joseline Viveros=done,Amali Oakley=2026-09-06T00:42:52.756309; Joseline Viveros=2026-09-14T05:06:27.277454,2,true,2026-09-15T04:20:14.808148,,0,0,0,0,0,0
3680,0000759944,CITIZENS FINANCIAL GROUP INC/RI,2018,0000759944-18-000016,false,false,true,183,10,Amali Oakley; Joseline Viveros,Amali Oakley=done; Joseline Viveros=done,Amali Oakley=2026-09-06T00:47:45.781853; Joseline Viveros=2026-09-14T05:06:02.583450,2,true,2026-09-15T04:39:22.088747,,0,0,0,0,0,0
3699,0000759944,CITIZENS FINANCIAL GROUP INC/RI,2019,0000759944-19-000024,false,false,true,177,11,Amali Oakley; Joseline Viveros,Amali Oakley=done; Joseline Viveros=done,Amali Oakley=2026-09-08T15:17:54.805598; Joseline Viveros=2026-09-14T05:04:40.131101,2,true,2026-09-15T04:39:34.023129,,0,0,0,0,0,0
3700,0000759944,CITIZENS FINANCIAL GROUP INC/RI,2020,0000759944-20-000030,false,false,true,407,12,Amali Oakley; Joseline Viveros,Amali Oakley=done; Joseline Viveros=done,Amali Oakley=2026-09-08T21:08:14.891081; Joseline Viveros=2026-09-14T04:58:34.747546,2,true,2026-09-15T04:39:51.827377,,0,0,0,0,0,0
3701,0000759944,CITIZENS FINANCIAL GROUP INC/RI,2021,0000759944-21-000034,false,false,true,638,13,Amali Oakley; Joseline Viveros,Amali Oakley=done; Joseline Viveros=done,Amali Oakley=2026-09-08T21:25:58.959325; Joseline Viveros=2026-09-14T04:57:33.844721,2,true,2026-09-15T04:42:16.728838,,1,0,0,1,0,1
3702,0000759944,CITIZENS FINANCIAL GROUP INC/RI,2022,0000759944-22-000025,false,false,true,599,15,Amali Oakley; Joseline Viveros,Amali Oakley=done; Joseline Viveros=done,Amali Oakley=2026-09-09T04:09:09.019654; Joseline Viveros=2026-09-14T02:44:24.993141,2,true,2026-09-15T04:53:23.122387,,2,0,0,2,0,3
3708,0000759944,CITIZENS FINANCIAL GROUP INC/RI,2023,0000759944-23-000029,false,false,true,684,17,Amali Oakley; Joseline Viveros,Amali Oakley=done; Joseline Viveros=done,Amali Oakley=2026-09-09T04:23:24.559946; Joseline Viveros=2026-09-14T02:29:40.063794,2,true,2026-09-15T04:53:59.257255,,1,0,0,1,0,2
3710,0000759944,CITIZENS FINANCIAL GROUP INC/RI,2024,0000759944-24-000039,false,false,true,1282,30,Amali Oakley; Joseline Viveros,Amali Oakley=done; Joseline Viveros=done,Amali Oakley=2026-09-09T04:36:21.390857; Joseline Viveros=2026-09-14T02:23:53.199928,2,true,2026-09-15T04:54:38.533399,,1,0,0,1,0,1
3714,0000759944,CITIZENS FINANCIAL GROUP INC/RI,2025,0000759944-25-000013,false,false,true,1815,128,Amali Oakley; Joseline Viveros,Amali Oakley=done; Joseline Viveros=done,Amali Oakley=2026-09-09T21:09:07.095474; Joseline Viveros=2026-09-13T05:22:55.353378,2,true,2026-09-15T04:57:54.314732,,5,2,0,3,0,3
3628,0000759944,CITIZENS FINANCIAL GROUP INC/RI,2026,0000759944-26-000028,false,false,true,1684,37,Amali Oakley; Joseline Viveros,Amali Oakley=done; Joseline Viveros=done,Amali Oakley=2026-09-09T21:06:05.735425; Joseline Viveros=2026-09-13T05:06:47.388526,2,true,2026-09-19T04:31:24.469896,,4,2,0,2,0,3
310,0000021076,CLOROX CO /DE/,2022,0000021076-22-000026,false,false,false,120,5,,,,0,false,,,0,0,0,0,0,0
311,0000021076,CLOROX CO /DE/,2023,0000021076-23-000037,false,false,false,236,7,,,,0,false,,,0,0,0,0,0,0
312,0000021076,CLOROX CO /DE/,2024,0000021076-24-000030,false,false,false,549,27,,,,0,false,,,0,0,0,0,0,0
313,0000021076,CLOROX CO /DE/,2025,0000021076-25-000039,false,false,false,462,26,,,,0,false,,,0,0,0,0,0,0
321,0000021344,COCA COLA CO,2019,0000021344-19-000014,false,false,true,90,3,Naomi Ichiriu; Akshitha Venkataraman,Naomi Ichiriu=done; Akshitha Venkataraman=done,Naomi Ichiriu=2026-07-14T01:51:38.515551; Akshitha Venkataraman=2026-08-02T17:32:24.464733,2,true,2026-08-02T23:35:15.079070,,0,0,0,0,0,0
322,0000021344,COCA COLA CO,2020,0000021344-20-000006,false,false,true,88,3,Naomi Ichiriu; Akshitha Venkataraman,Naomi Ichiriu=done; Akshitha Venkataraman=done,Naomi Ichiriu=2026-07-14T02:02:59.772046; Akshitha Venkataraman=2026-08-02T17:32:37.977523,2,true,2026-08-02T23:35:18.294342,,0,0,0,0,0,0
323,0000021344,COCA COLA CO,2021,0000021344-21-000008,false,false,true,65,3,Naomi Ichiriu; Akshitha Venkataraman,Naomi Ichiriu=done; Akshitha Venkataraman=done,Naomi Ichiriu=2026-07-14T02:03:11.371914; Akshitha Venkataraman=2026-08-02T17:32:48.449584,2,true,2026-08-02T23:35:21.475794,,0,0,0,0,0,0
324,0000021344,COCA COLA CO,2022,0000021344-22-000009,false,false,true,149,10,Naomi Ichiriu; Akshitha Venkataraman,Naomi Ichiriu=done; Akshitha Venkataraman=done,Naomi Ichiriu=2026-07-14T02:04:45.638824; Akshitha Venkataraman=2026-08-02T17:33:01.134508,2,true,2026-08-02T23:35:25.498862,,0,0,0,0,0,0
325,0000021344,COCA COLA CO,2023,0000021344-23-000011,false,false,true,226,15,Naomi Ichiriu; Akshitha Venkataraman,Naomi Ichiriu=done; Akshitha Venkataraman=done,Naomi Ichiriu=2026-07-14T02:04:59.507982; Akshitha Venkataraman=2026-08-02T17:33:04.285094,2,true,2026-08-02T23:35:29.734545,,0,0,0,0,0,0
326,0000021344,COCA COLA CO,2024,0000021344-24-000009,false,false,true,307,54,Naomi Ichiriu; Akshitha Venkataraman,Naomi Ichiriu=done; Akshitha Venkataraman=done,Naomi Ichiriu=2026-07-14T02:05:52.406824; Akshitha Venkataraman=2026-08-02T17:34:11.515168,2,true,2026-08-17T17:48:12.521567,,4,0,0,4,0,4
327,0000021344,COCA COLA CO,2025,0000021344-25-000011,false,false,true,366,58,Naomi Ichiriu; Akshitha Venkataraman,Naomi Ichiriu=done; Akshitha Venkataraman=done,Naomi Ichiriu=2026-07-14T02:08:00.493569; Akshitha Venkataraman=2026-08-02T17:38:49.175414,2,true,2026-08-17T17:47:42.657154,,5,1,0,4,0,5
328,0000021344,COCA COLA CO,2026,0001628280-26-010047,false,false,true,460,60,Naomi Ichiriu; Akshitha Venkataraman,Naomi Ichiriu=done; Akshitha Venkataraman=done,Naomi Ichiriu=2026-07-14T02:08:04.227522; Akshitha Venkataraman=2026-08-02T17:41:04.428048,2,true,2026-08-17T17:47:10.776980,,7,0,0,7,0,8
2972,0001058290,COGNIZANT TECHNOLOGY SOLUTIONS CORP,2015,0001058290-15-000006,false,false,false,158,4,Naomi Ichiriu,Naomi Ichiriu=done,Naomi Ichiriu=2026-08-19T18:22:09.177902,2,false,,,0,0,0,0,0,0
2988,0001058290,COGNIZANT TECHNOLOGY SOLUTIONS CORP,2016,0001058290-16-000049,false,false,false,150,4,Naomi Ichiriu,Naomi Ichiriu=done,Naomi Ichiriu=2026-08-19T18:38:16.409620,2,false,,,0,0,0,0,0,0
2995,0001058290,COGNIZANT TECHNOLOGY SOLUTIONS CORP,2017,0001058290-17-000008,false,false,false,245,3,Naomi Ichiriu,Naomi Ichiriu=done,Naomi Ichiriu=2026-08-19T18:38:12.747244,2,false,,,0,0,0,0,0,0
2993,0001058290,COGNIZANT TECHNOLOGY SOLUTIONS CORP,2018,0001058290-18-000009,false,false,false,486,6,Naomi Ichiriu,Naomi Ichiriu=done,Naomi Ichiriu=2026-08-19T18:38:35.279191,2,false,,,1,1,0,0,0,0
3000,0001058290,COGNIZANT TECHNOLOGY SOLUTIONS CORP,2019,0001058290-19-000009,false,false,false,696,8,Naomi Ichiriu,Naomi Ichiriu=done,Naomi Ichiriu=2026-08-22T14:41:05.072713,2,false,,,0,0,0,0,0,0
2994,0001058290,COGNIZANT TECHNOLOGY SOLUTIONS CORP,2020,0001058290-20-000008,false,false,false,1074,59,Naomi Ichiriu,Naomi Ichiriu=done,Naomi Ichiriu=2026-08-22T14:41:38.926004,2,false,,,1,1,0,0,0,0
3001,0001058290,COGNIZANT TECHNOLOGY SOLUTIONS CORP,2021,0001058290-21-000031,false,false,false,3586,339,Naomi Ichiriu,Naomi Ichiriu=done,Naomi Ichiriu=2026-08-22T16:40:44.093707,2,false,,,0,0,0,0,0,0
2999,0001058290,COGNIZANT TECHNOLOGY SOLUTIONS CORP,2022,0001058290-22-000023,false,false,false,1816,142,Naomi Ichiriu,Naomi Ichiriu=done,Naomi Ichiriu=2026-08-22T16:42:23.867553,2,false,,,1,1,0,0,0,0
3002,0001058290,COGNIZANT TECHNOLOGY SOLUTIONS CORP,2023,0001058290-23-000027,false,false,false,1492,155,Naomi Ichiriu,Naomi Ichiriu=done,Naomi Ichiriu=2026-08-22T16:42:35.411561,2,false,,,1,1,0,0,0,0
2998,0001058290,COGNIZANT TECHNOLOGY SOLUTIONS CORP,2024,0001058290-24-000017,false,false,false,1847,232,Naomi Ichiriu,Naomi Ichiriu=done,Naomi Ichiriu=2026-08-22T16:46:37.100125,2,false,,,20,15,0,0,0,0
2997,0001058290,COGNIZANT TECHNOLOGY SOLUTIONS CORP,2025,0001058290-25-000017,false,false,false,1164,187,Naomi Ichiriu,Naomi Ichiriu=done,Naomi Ichiriu=2026-08-22T16:54:30.157387,2,false,,,31,23,0,0,0,0
2996,0001058290,COGNIZANT TECHNOLOGY SOLUTIONS CORP,2026,0001058290-26-000008,false,false,false,3313,433,Naomi Ichiriu,Naomi Ichiriu=done,Naomi Ichiriu=2026-08-27T19:09:32.639902,2,false,,,45,29,0,0,0,0
2987,0001679788,"Coinbase Global, Inc.",2022,0001679788-22-000031,false,false,true,1177,22,Naomi Ichiriu; Yesenia Garcia,Naomi Ichiriu=done; Yesenia Garcia=done,Naomi Ichiriu=2026-08-22T16:36:59.903552; Yesenia Garcia=2026-09-12T05:07:32.190067,2,true,2026-09-30T17:37:55.534975,,0,0,0,0,0,0
2989,0001679788,"Coinbase Global, Inc.",2023,0001679788-23-000031,false,false,true,1208,21,Naomi Ichiriu; Yesenia Garcia,Naomi Ichiriu=done; Yesenia Garcia=done,Naomi Ichiriu=2026-08-22T16:36:53.720243; Yesenia Garcia=2026-09-12T05:07:33.182525,2,true,2026-09-30T17:38:00.192384,,0,0,0,0,0,0
2990,0001679788,"Coinbase Global, Inc.",2024,0001679788-24-000022,false,false,false,1178,431,Naomi Ichiriu; Yesenia Garcia,Naomi Ichiriu=done; Yesenia Garcia=done,Naomi Ichiriu=2026-08-22T16:36:42.618776; Yesenia Garcia=2026-09-12T05:08:45.048787,2,false,,,3,1,2,0,0,0
2992,0001679788,"Coinbase Global, Inc.",2025,0001679788-25-000022,false,false,false,1197,431,Naomi Ichiriu; Yesenia Garcia,Naomi Ichiriu=done; Yesenia Garcia=in_progress,Naomi Ichiriu=2026-08-22T16:40:11.950452; Yesenia Garcia=,2,false,,,9,1,8,0,0,0
2991,0001679788,"Coinbase Global, Inc.",2026,0001679788-26-000015,false,false,false,1081,433,Naomi Ichiriu; Yesenia Garcia,Naomi Ichiriu=done; Yesenia Garcia=in_progress,Naomi Ichiriu=2026-08-22T17:20:30.314166; Yesenia Garcia=,2,false,,,12,0,11,0,0,0
339,0000021665,COLGATE PALMOLIVE CO,2015,0001628280-15-000846,false,false,true,15,1,Naomi Ichiriu; Yesenia Garcia,Naomi Ichiriu=done; Yesenia Garcia=done,Naomi Ichiriu=2026-07-21T04:51:51.360095; Yesenia Garcia=2026-07-25T16:13:36.417820,2,true,2026-07-25T22:22:47.048464,,0,0,0,0,0,0
340,0000021665,COLGATE PALMOLIVE CO,2016,0001628280-16-011343,false,false,true,15,1,Naomi Ichiriu; Yesenia Garcia,Naomi Ichiriu=done; Yesenia Garcia=done,Naomi Ichiriu=2026-07-21T04:48:39.750861; Yesenia Garcia=2026-07-25T16:13:40.311504,2,true,2026-07-25T22:22:49.415228,,0,0,0,0,0,0
329,0000021665,COLGATE PALMOLIVE CO,2017,0000021665-17-000002,false,false,true,15,1,Naomi Ichiriu; Yesenia Garcia,Naomi Ichiriu=done; Yesenia Garcia=done,Naomi Ichiriu=2026-07-21T04:48:43.463372; Yesenia Garcia=2026-07-25T16:13:44.046521,2,true,2026-07-25T22:22:51.407832,,0,0,0,0,0,0
330,0000021665,COLGATE PALMOLIVE CO,2018,0000021665-18-000003,false,false,true,15,1,Naomi Ichiriu; Yesenia Garcia,Naomi Ichiriu=done; Yesenia Garcia=done,Naomi Ichiriu=2026-07-21T04:48:46.786560; Yesenia Garcia=2026-07-25T16:13:50.443193,2,true,2026-07-25T22:22:53.665619,,0,0,0,0,0,0
331,0000021665,COLGATE PALMOLIVE CO,2019,0000021665-19-000003,false,false,true,16,1,Naomi Ichiriu; Yesenia Garcia,Naomi Ichiriu=done; Yesenia Garcia=done,Naomi Ichiriu=2026-07-21T04:48:50.313853; Yesenia Garcia=2026-07-25T16:13:55.909179,2,true,2026-07-25T22:22:56.209365,,0,0,0,0,0,0
332,0000021665,COLGATE PALMOLIVE CO,2020,0000021665-20-000004,false,false,true,15,1,Naomi Ichiriu; Yesenia Garcia,Naomi Ichiriu=done; Yesenia Garcia=done,Naomi Ichiriu=2026-07-21T04:48:53.752871; Yesenia Garcia=2026-07-25T16:13:59.987889,2,true,2026-07-25T22:22:58.078724,,0,0,0,0,0,0
333,0000021665,COLGATE PALMOLIVE CO,2021,0000021665-21-000007,false,false,true,15,1,Naomi Ichiriu; Yesenia Garcia,Naomi Ichiriu=done; Yesenia Garcia=done,Naomi Ichiriu=2026-07-21T04:48:23.510602; Yesenia Garcia=2026-07-25T16:14:03.695592,2,true,2026-07-25T22:23:00.111196,,0,0,0,0,0,0
334,0000021665,COLGATE PALMOLIVE CO,2022,0000021665-22-000003,false,false,true,15,1,Naomi Ichiriu; Yesenia Garcia,Naomi Ichiriu=done; Yesenia Garcia=done,Naomi Ichiriu=2026-07-21T04:48:27.266559; Yesenia Garcia=2026-07-25T16:14:07.718987,2,true,2026-07-25T22:23:02.934448,,0,0,0,0,0,0
335,0000021665,COLGATE PALMOLIVE CO,2023,0000021665-23-000007,false,false,true,15,1,Naomi Ichiriu; Yesenia Garcia,Naomi Ichiriu=done; Yesenia Garcia=done,Naomi Ichiriu=2026-07-21T04:48:30.764475; Yesenia Garcia=2026-07-25T16:14:11.296010,2,true,2026-07-25T22:23:05.567310,,0,0,0,0,0,0
336,0000021665,COLGATE PALMOLIVE CO,2024,0000021665-24-000003,false,false,true,1906,43,Naomi Ichiriu; Yesenia Garcia,Naomi Ichiriu=done; Yesenia Garcia=done,Naomi Ichiriu=2026-07-21T05:34:05.863044; Yesenia Garcia=2026-07-25T16:20:51.328985,2,true,2026-07-27T03:17:10.290969,,7,3,0,4,0,5
337,0000021665,COLGATE PALMOLIVE CO,2025,0000021665-25-000008,false,false,true,1882,44,Naomi Ichiriu; Yesenia Garcia,Naomi Ichiriu=done; Yesenia Garcia=done,Naomi Ichiriu=2026-07-21T05:36:35.796215; Yesenia Garcia=2026-07-25T16:28:13.200262,2,true,2026-09-14T03:20:28.653299,,8,2,0,6,0,6
338,0000021665,COLGATE PALMOLIVE CO,2026,0000021665-26-000006,false,false,true,1825,56,Naomi Ichiriu; Yesenia Garcia,Naomi Ichiriu=done; Yesenia Garcia=done,Naomi Ichiriu=2026-07-21T04:52:01.600591; Yesenia Garcia=2026-07-25T16:39:51.606213,2,true,2026-09-14T03:18:40.934755,,11,0,0,11,0,11
1349,0001166691,COMCAST CORP,2015,0001193125-15-068526,false,false,false,49,2,Yesenia Garcia; Akshitha Venkataraman,Yesenia Garcia=done; Akshitha Venkataraman=done,Yesenia Garcia=2026-07-10T20:41:47.702830; Akshitha Venkataraman=2026-07-14T17:31:51.492107,2,true,2026-09-13T02:28:09.229969,,0,0,0,0,0,0
1350,0001166691,COMCAST CORP,2016,0001193125-16-452423,false,false,false,52,4,Yesenia Garcia; Akshitha Venkataraman,Yesenia Garcia=done; Akshitha Venkataraman=done,Yesenia Garcia=2026-07-10T20:42:03.114202; Akshitha Venkataraman=2026-07-14T17:36:23.429829,2,true,2026-09-13T02:28:11.574518,,0,0,0,0,0,0
1351,0001166691,COMCAST CORP,2017,0001193125-17-030512,false,false,false,57,3,Yesenia Garcia; Akshitha Venkataraman,Yesenia Garcia=done; Akshitha Venkataraman=done,Yesenia Garcia=2026-07-10T20:42:19.801264; Akshitha Venkataraman=2026-07-14T17:36:53.707567,2,true,2026-09-13T02:28:14.067447,,0,0,0,0,0,0
1352,0001166691,COMCAST CORP,2018,0001166691-18-000004,false,false,false,49,1,Yesenia Garcia; Akshitha Venkataraman,Yesenia Garcia=done; Akshitha Venkataraman=done,Yesenia Garcia=2026-07-10T20:42:34.704955; Akshitha Venkataraman=2026-07-14T17:37:15.042780,2,true,2026-09-13T02:28:16.611212,,0,0,0,0,0,0
1368,0001166691,COMCAST CORP,2020,0001166691-20-000008,false,false,false,257,3,Yesenia Garcia; Akshitha Venkataraman,Yesenia Garcia=done; Akshitha Venkataraman=done,Yesenia Garcia=2026-07-10T20:44:08.194631; Akshitha Venkataraman=2026-07-14T17:37:39.457946,2,true,2026-09-13T02:28:19.314401,,0,0,0,0,0,0
1369,0001166691,COMCAST CORP,2021,0001166691-21-000008,false,false,false,52,1,Yesenia Garcia; Akshitha Venkataraman,Yesenia Garcia=done; Akshitha Venkataraman=done,Yesenia Garcia=2026-07-10T20:44:23.406141; Akshitha Venkataraman=2026-07-14T17:37:56.238922,2,true,2026-09-13T02:28:21.743979,,0,0,0,0,0,0
1370,0001166691,COMCAST CORP,2022,0001166691-22-000009,false,false,false,56,1,Yesenia Garcia; Akshitha Venkataraman,Yesenia Garcia=done; Akshitha Venkataraman=done,Yesenia Garcia=2026-07-10T20:44:37.482986; Akshitha Venkataraman=2026-07-14T17:38:15.172832,2,true,2026-09-13T02:28:24.098236,,0,0,0,0,0,0
1371,0001166691,COMCAST CORP,2023,0001166691-23-000010,false,false,false,78,2,Yesenia Garcia; Akshitha Venkataraman,Yesenia Garcia=done; Akshitha Venkataraman=done,Yesenia Garcia=2026-07-10T20:44:56.438379; Akshitha Venkataraman=2026-07-14T17:38:34.571130,2,true,2026-09-13T02:28:26.590017,,0,0,0,0,0,0
1372,0001166691,COMCAST CORP,2024,0001166691-24-000011,false,false,false,189,43,Yesenia Garcia; Akshitha Venkataraman,Yesenia Garcia=done; Akshitha Venkataraman=done,Yesenia Garcia=2026-07-10T20:48:26.136048; Akshitha Venkataraman=2026-07-14T17:41:30.924541,2,false,,,3,1,2,0,0,2
1373,0001166691,COMCAST CORP,2025,0001166691-25-000011,false,false,false,583,154,Yesenia Garcia; Akshitha Venkataraman,Yesenia Garcia=done; Akshitha Venkataraman=done,Yesenia Garcia=2026-07-10T20:53:13.100392; Akshitha Venkataraman=2026-07-14T17:45:03.204319,2,false,,,6,3,3,0,0,5
1374,0001166691,COMCAST CORP,2026,0001628280-26-004994,false,false,false,727,185,Yesenia Garcia; Akshitha Venkataraman,Yesenia Garcia=done; Akshitha Venkataraman=done,Yesenia Garcia=2026-07-10T21:01:22.382293; Akshitha Venkataraman=2026-07-14T17:48:17.827877,2,false,,,8,5,3,0,0,3
2909,0001035983,COMFORT SYSTEMS USA INC,2015,0001047469-15-001294,false,false,true,120,2,Naomi Ichiriu; Yesenia Garcia,Naomi Ichiriu=done; Yesenia Garcia=done,Naomi Ichiriu=2026-08-19T18:22:22.368008; Yesenia Garcia=2026-09-12T04:11:52.546628,2,true,2026-09-13T18:24:45.151800,,0,0,0,0,0,0
2913,0001035983,COMFORT SYSTEMS USA INC,2020,0001558370-20-001491,false,false,true,50,2,Naomi Ichiriu; Yesenia Garcia,Naomi Ichiriu=done; Yesenia Garcia=done,Naomi Ichiriu=2026-08-19T18:22:29.273472; Yesenia Garcia=2026-09-12T04:11:57.602080,2,true,2026-09-13T18:24:43.024325,,0,0,0,0,0,0
2919,0001035983,COMFORT SYSTEMS USA INC,2021,0001558370-21-001828,false,false,true,52,2,Naomi Ichiriu; Yesenia Garcia,Naomi Ichiriu=done; Yesenia Garcia=done,Naomi Ichiriu=2026-08-19T18:23:04.246722; Yesenia Garcia=2026-09-12T04:12:02.313272,2,true,2026-09-13T18:24:40.789988,,0,0,0,0,0,0
2914,0001035983,COMFORT SYSTEMS USA INC,2022,0001558370-22-001753,false,false,true,52,2,Naomi Ichiriu; Yesenia Garcia,Naomi Ichiriu=done; Yesenia Garcia=done,Naomi Ichiriu=2026-08-19T18:23:17.498478; Yesenia Garcia=2026-09-12T04:12:06.895857,2,true,2026-09-13T18:24:38.529183,,0,0,0,0,0,0
2915,0001035983,COMFORT SYSTEMS USA INC,2023,0001558370-23-001757,false,false,true,60,3,Naomi Ichiriu; Yesenia Garcia,Naomi Ichiriu=done; Yesenia Garcia=done,Naomi Ichiriu=2026-08-19T18:23:25.218817; Yesenia Garcia=2026-09-12T04:12:19.575502,2,true,2026-09-13T18:24:35.658090,,0,0,0,0,0,0
2916,0001035983,COMFORT SYSTEMS USA INC,2024,0001558370-24-001529,false,false,true,368,26,Naomi Ichiriu; Yesenia Garcia,Naomi Ichiriu=done; Yesenia Garcia=done,Naomi Ichiriu=2026-08-19T18:23:41.602049; Yesenia Garcia=2026-09-12T04:12:32.893497,2,true,2026-09-13T18:24:31.991767,,0,0,0,0,0,0
2917,0001035983,COMFORT SYSTEMS USA INC,2025,0001558370-25-001222,false,false,true,488,25,Naomi Ichiriu; Yesenia Garcia,Naomi Ichiriu=done; Yesenia Garcia=done,Naomi Ichiriu=2026-08-19T18:23:53.528201; Yesenia Garcia=2026-09-12T04:12:40.047871,2,true,2026-09-13T18:24:29.440296,,0,0,0,0,0,0
2918,0001035983,COMFORT SYSTEMS USA INC,2026,0001104659-26-017530,false,false,true,470,30,Naomi Ichiriu; Yesenia Garcia,Naomi Ichiriu=done; Yesenia Garcia=done,Naomi Ichiriu=2026-08-22T16:33:02.027502; Yesenia Garcia=2026-09-12T04:15:25.411553,2,true,2026-09-27T06:54:11.096643,,5,1,0,4,0,5
351,0000023217,CONAGRA BRANDS INC.,2017,0001628280-17-007184,false,false,true,46,1,Naomi Ichiriu; Yesenia Garcia,Naomi Ichiriu=done; Yesenia Garcia=done,Naomi Ichiriu=2026-09-16T15:42:08.082829; Yesenia Garcia=2026-09-28T07:04:33.960316,2,true,2026-09-28T07:08:52.626248,,0,0,0,0,0,0
341,0000023217,CONAGRA BRANDS INC.,2018,0000023217-18-000005,false,false,true,42,1,Naomi Ichiriu; Yesenia Garcia,Naomi Ichiriu=done; Yesenia Garcia=done,Naomi Ichiriu=2026-09-16T15:42:12.882460; Yesenia Garcia=2026-09-28T07:04:35.590080,2,true,2026-09-28T07:08:55.606461,,0,0,0,0,0,0
342,0000023217,CONAGRA BRANDS INC.,2019,0000023217-19-000006,false,false,true,42,1,Naomi Ichiriu; Yesenia Garcia,Naomi Ichiriu=done; Yesenia Garcia=done,Naomi Ichiriu=2026-09-16T15:42:14.375432; Yesenia Garcia=2026-09-28T07:04:38.058869,2,true,2026-09-28T07:08:57.665800,,0,0,0,0,0,0
347,0000023217,CONAGRA BRANDS INC.,2020,0001564590-20-033366,false,false,true,44,1,Naomi Ichiriu; Yesenia Garcia,Naomi Ichiriu=done; Yesenia Garcia=done,Naomi Ichiriu=2026-09-16T15:42:16.276828; Yesenia Garcia=2026-09-28T07:04:39.844612,2,true,2026-09-28T07:08:59.738605,,0,0,0,0,0,0
348,0000023217,CONAGRA BRANDS INC.,2021,0001564590-21-037738,false,false,true,79,3,Naomi Ichiriu; Yesenia Garcia,Naomi Ichiriu=done; Yesenia Garcia=done,Naomi Ichiriu=2026-09-16T15:42:22.965310; Yesenia Garcia=2026-09-28T07:04:41.986712,2,true,2026-09-28T07:09:02.171641,,0,0,0,0,0,0
343,0000023217,CONAGRA BRANDS INC.,2022,0001437749-22-017530,false,false,true,85,4,Naomi Ichiriu; Yesenia Garcia,Naomi Ichiriu=done; Yesenia Garcia=done,Naomi Ichiriu=2026-09-16T15:42:28.874012; Yesenia Garcia=2026-09-28T07:04:43.294236,2,true,2026-09-28T07:09:04.328363,,0,0,0,0,0,0
344,0000023217,CONAGRA BRANDS INC.,2023,0001437749-23-019879,false,false,true,408,9,Naomi Ichiriu; Yesenia Garcia,Naomi Ichiriu=done; Yesenia Garcia=done,Naomi Ichiriu=2026-09-21T13:01:20.283677; Yesenia Garcia=2026-09-28T07:04:45.524941,2,true,2026-09-28T07:09:07.760974,,0,0,0,0,0,0
345,0000023217,CONAGRA BRANDS INC.,2024,0001558370-24-009764,false,false,false,598,48,Naomi Ichiriu; Yesenia Garcia,Naomi Ichiriu=done; Yesenia Garcia=done,Naomi Ichiriu=2026-09-21T13:01:04.046126; Yesenia Garcia=2026-09-28T07:08:46.135622,2,false,,,4,0,2,2,0,3
346,0000023217,CONAGRA BRANDS INC.,2025,0001558370-25-009180,false,false,false,1536,51,Naomi Ichiriu; Yesenia Garcia,Naomi Ichiriu=done; Yesenia Garcia=done,Naomi Ichiriu=2026-09-21T15:42:08.766529; Yesenia Garcia=2026-09-28T07:07:55.463504,2,false,,,6,1,4,1,0,3
2849,0001163165,CONOCOPHILLIPS,2015,0001193125-15-059281,false,false,false,25,3,Naomi Ichiriu; Yesenia Garcia,Naomi Ichiriu=done; Yesenia Garcia=done,Naomi Ichiriu=2026-08-19T15:16:27.560349; Yesenia Garcia=2026-09-12T06:04:13.113935,2,true,2026-09-13T18:24:24.441129,,0,0,0,0,0,0
2850,0001163165,CONOCOPHILLIPS,2016,0001193125-16-472901,false,false,false,26,3,Naomi Ichiriu; Yesenia Garcia,Naomi Ichiriu=done; Yesenia Garcia=done,Naomi Ichiriu=2026-08-19T15:18:11.071105; Yesenia Garcia=2026-09-12T06:04:15.455414,2,true,2026-09-13T18:24:22.388271,,0,0,0,0,0,0
2851,0001163165,CONOCOPHILLIPS,2017,0001193125-17-050077,false,false,false,25,3,Naomi Ichiriu; Yesenia Garcia,Naomi Ichiriu=done; Yesenia Garcia=done,Naomi Ichiriu=2026-08-19T15:18:03.208316; Yesenia Garcia=2026-09-12T06:04:17.699141,2,true,2026-09-13T18:24:20.340857,,0,0,0,0,0,0
2852,0001163165,CONOCOPHILLIPS,2018,0001193125-18-049729,false,false,false,25,3,Naomi Ichiriu; Yesenia Garcia,Naomi Ichiriu=done; Yesenia Garcia=done,Naomi Ichiriu=2026-08-19T15:19:05.871660; Yesenia Garcia=2026-09-12T06:04:19.862292,2,true,2026-09-13T18:24:18.010806,,0,0,0,0,0,0
2854,0001163165,CONOCOPHILLIPS,2020,0001193125-20-039954,false,false,false,162,3,Naomi Ichiriu; Yesenia Garcia,Naomi Ichiriu=done; Yesenia Garcia=done,Naomi Ichiriu=2026-08-19T15:19:13.823990; Yesenia Garcia=2026-09-12T06:04:42.087831,2,true,2026-09-13T18:24:15.585407,,0,0,0,0,0,0
2858,0001163165,CONOCOPHILLIPS,2021,0001562762-21-000027,false,false,false,157,3,Naomi Ichiriu; Yesenia Garcia,Naomi Ichiriu=done; Yesenia Garcia=done,Naomi Ichiriu=2026-08-22T14:42:54.720423; Yesenia Garcia=2026-09-12T06:05:02.158931,2,true,2026-09-13T18:24:13.371168,,0,0,0,0,0,0
2855,0001163165,CONOCOPHILLIPS,2022,0001562762-22-000031,false,false,false,266,5,Naomi Ichiriu; Yesenia Garcia,Naomi Ichiriu=done; Yesenia Garcia=done,Naomi Ichiriu=2026-08-19T15:19:22.290179; Yesenia Garcia=2026-09-12T06:05:05.314237,2,true,2026-09-13T18:24:10.497833,,0,0,0,0,0,0
2856,0001163165,CONOCOPHILLIPS,2023,0001163165-23-000006,false,false,false,133,11,Naomi Ichiriu; Yesenia Garcia,Naomi Ichiriu=done; Yesenia Garcia=done,Naomi Ichiriu=2026-08-19T15:19:37.631525; Yesenia Garcia=2026-09-12T06:05:14.223913,2,true,2026-09-13T18:24:08.394355,,0,0,0,0,0,0
2857,0001163165,CONOCOPHILLIPS,2024,0001163165-24-000010,false,false,false,193,46,Naomi Ichiriu; Yesenia Garcia,Naomi Ichiriu=done; Yesenia Garcia=done,Naomi Ichiriu=2026-08-22T14:42:47.957949; Yesenia Garcia=2026-09-12T06:08:17.758395,2,true,2026-09-13T19:20:16.851450,,1,0,0,1,0,1
2860,0001163165,CONOCOPHILLIPS,2025,0001163165-25-000012,false,false,false,222,48,Naomi Ichiriu; Yesenia Garcia,Naomi Ichiriu=done; Yesenia Garcia=done,Naomi Ichiriu=2026-08-22T14:42:02.744678; Yesenia Garcia=2026-09-12T06:08:36.717033,2,true,2026-09-13T19:20:00.012297,,1,0,0,1,0,1
2859,0001163165,CONOCOPHILLIPS,2026,0001163165-26-000009,false,false,false,221,48,Naomi Ichiriu; Yesenia Garcia,Naomi Ichiriu=done; Yesenia Garcia=done,Naomi Ichiriu=2026-08-22T14:42:18.721721; Yesenia Garcia=2026-09-12T06:09:01.830768,2,true,2026-09-13T19:20:00.934740,,1,0,0,1,0,1
2081,0001047862,CONSOLIDATED EDISON INC,2016,0001047862-16-000225,false,false,true,,,Yesenia Garcia; Naomi Ichiriu,Yesenia Garcia=done; Naomi Ichiriu=done,Yesenia Garcia=2026-08-10T18:52:22.872580; Naomi Ichiriu=2026-07-22T05:08:14.201303,2,true,2026-08-10T20:09:36.673021,,0,0,0,0,0,0
2082,0001047862,CONSOLIDATED EDISON INC,2017,0001047862-17-000029,false,false,false,115,1,Yesenia Garcia; Naomi Ichiriu,Yesenia Garcia=done; Naomi Ichiriu=done,Yesenia Garcia=2026-08-10T18:52:25.125268; Naomi Ichiriu=2026-07-22T05:08:17.748533,2,true,2026-08-10T20:09:39.056193,,0,0,0,0,0,0
2091,0001047862,CONSOLIDATED EDISON INC,2022,0001047862-22-000039,false,false,true,44,1,Yesenia Garcia; Naomi Ichiriu,Yesenia Garcia=done; Naomi Ichiriu=done,Yesenia Garcia=2026-08-10T18:52:26.999008; Naomi Ichiriu=2026-07-22T05:09:57.075612,2,true,2026-08-10T20:07:26.966386,,0,0,0,0,0,0
2092,0001047862,CONSOLIDATED EDISON INC,2023,0001047862-23-000038,false,false,true,90,1,Yesenia Garcia; Naomi Ichiriu,Yesenia Garcia=done; Naomi Ichiriu=done,Yesenia Garcia=2026-08-10T18:52:28.738491; Naomi Ichiriu=2026-07-22T05:10:03.300636,2,true,2026-08-10T20:07:29.406890,,0,0,0,0,0,0
2093,0001047862,CONSOLIDATED EDISON INC,2024,0001047862-24-000012,false,false,true,260,36,Yesenia Garcia; Naomi Ichiriu,Yesenia Garcia=done; Naomi Ichiriu=done,Yesenia Garcia=2026-08-10T18:52:56.896909; Naomi Ichiriu=2026-07-22T05:13:53.178885,2,true,2026-08-10T20:07:32.941977,,1,1,0,0,0,0
2094,0001047862,CONSOLIDATED EDISON INC,2025,0001047862-25-000011,false,false,true,263,40,Yesenia Garcia; Naomi Ichiriu,Yesenia Garcia=done; Naomi Ichiriu=done,Yesenia Garcia=2026-08-10T18:53:18.502555; Naomi Ichiriu=2026-07-22T05:14:21.068572,2,true,2026-08-10T20:07:36.714018,,1,1,0,0,0,0
2086,0001047862,CONSOLIDATED EDISON INC,2026,0001047862-26-000031,false,false,true,289,75,Yesenia Garcia; Naomi Ichiriu,Yesenia Garcia=done; Naomi Ichiriu=done,Yesenia Garcia=2026-08-10T18:56:35.412320; Naomi Ichiriu=2026-08-10T06:55:25.194843,2,true,2026-08-10T20:09:07.408614,,9,5,0,4,0,4
266,0000016918,"CONSTELLATION BRANDS, INC.",2023,0000016918-23-000045,false,false,true,,,Naomi Ichiriu; Akshitha Venkataraman,Naomi Ichiriu=done; Akshitha Venkataraman=done,Naomi Ichiriu=2026-07-06T03:41:05.730773; Akshitha Venkataraman=2026-07-10T17:51:21.902175,2,true,2026-07-10T18:58:24.257047,,0,0,0,0,0,0
267,0000016918,"CONSTELLATION BRANDS, INC.",2024,0000016918-24-000054,false,false,true,,,Naomi Ichiriu,Naomi Ichiriu=done,Naomi Ichiriu=2026-07-06T04:09:50.734733,2,false,,,7,6,0,0,0,0
268,0000016918,"CONSTELLATION BRANDS, INC.",2025,0000016918-25-000022,false,false,true,,,Naomi Ichiriu,Naomi Ichiriu=done,Naomi Ichiriu=2026-07-06T04:18:18.981020,2,false,,,19,9,0,0,0,0
269,0000016918,"CONSTELLATION BRANDS, INC.",2026,0000016918-26-000011,false,false,false,484,88,Akshitha Venkataraman; Naomi Ichiriu,Akshitha Venkataraman=done; Naomi Ichiriu=done,Akshitha Venkataraman=2026-09-30T00:43:53.496129; Naomi Ichiriu=2026-08-10T06:59:10.658468,2,false,,,11,3,8,0,0,0
2861,0001868275,Constellation Energy Corp,2022,0001868275-22-000020,false,false,false,152,22,Naomi Ichiriu,Naomi Ichiriu=done,Naomi Ichiriu=2026-08-19T18:25:59.747020,2,false,,,0,0,0,0,0,0
2862,0001868275,Constellation Energy Corp,2023,0001868275-23-000014,false,false,false,59,4,Naomi Ichiriu,Naomi Ichiriu=done,Naomi Ichiriu=2026-08-19T18:26:05.037623,2,false,,,0,0,0,0,0,0
2863,0001868275,Constellation Energy Corp,2024,0001868275-24-000014,false,false,false,152,47,Naomi Ichiriu,Naomi Ichiriu=done,Naomi Ichiriu=2026-08-26T18:14:47.617036,2,false,,,1,1,0,0,0,0
2864,0001868275,Constellation Energy Corp,2025,0001868275-25-000023,false,false,false,206,56,Naomi Ichiriu,Naomi Ichiriu=done,Naomi Ichiriu=2026-08-26T18:15:18.966437,2,false,,,2,2,0,0,0,0
2865,0001868275,Constellation Energy Corp,2026,0001868275-26-000032,false,false,false,681,128,Naomi Ichiriu,Naomi Ichiriu=done,Naomi Ichiriu=2026-08-26T18:14:24.819704,2,false,,,15,13,0,0,0,0
1145,0000711404,"COOPER COMPANIES, INC.",2018,0000711404-18-000047,false,false,true,,,Naomi Ichiriu; Yesenia Garcia,Naomi Ichiriu=done; Yesenia Garcia=done,Naomi Ichiriu=2026-07-07T06:54:16.821091; Yesenia Garcia=2026-07-09T19:45:19.472795,2,true,2026-07-09T20:55:28.660242,,0,0,0,0,0,0
1146,0000711404,"COOPER COMPANIES, INC.",2019,0000711404-19-000051,false,false,true,,,Yesenia Garcia; Naomi Ichiriu,Yesenia Garcia=done; Naomi Ichiriu=done,Yesenia Garcia=2026-07-09T19:45:33.423391; Naomi Ichiriu=2026-07-07T06:54:20.406226,2,true,2026-07-09T20:55:44.141880,,0,0,0,0,0,0
1147,0000711404,"COOPER COMPANIES, INC.",2020,0000711404-20-000042,false,false,true,,,Naomi Ichiriu; Yesenia Garcia,Naomi Ichiriu=done; Yesenia Garcia=done,Naomi Ichiriu=2026-07-07T06:54:28.349091; Yesenia Garcia=2026-07-09T19:45:53.491232,2,true,2026-07-09T20:56:05.376242,,0,0,0,0,0,0
1149,0000711404,"COOPER COMPANIES, INC.",2021,0000711404-21-000038,false,false,true,,,Naomi Ichiriu; Yesenia Garcia,Naomi Ichiriu=done; Yesenia Garcia=done,Naomi Ichiriu=2026-07-07T06:55:04.997189; Yesenia Garcia=2026-07-09T19:46:51.848459,2,true,2026-07-09T20:56:14.848698,,0,0,0,0,0,0
1148,0000711404,"COOPER COMPANIES, INC.",2022,0000711404-22-000053,false,false,true,,,Naomi Ichiriu; Yesenia Garcia,Naomi Ichiriu=done; Yesenia Garcia=done,Naomi Ichiriu=2026-07-07T06:54:10.424304; Yesenia Garcia=2026-07-09T19:47:19.448212,2,true,2026-07-09T20:56:26.081994,,0,0,0,0,0,0
1150,0000711404,"COOPER COMPANIES, INC.",2023,0000711404-23-000072,false,false,true,,,Naomi Ichiriu; Yesenia Garcia,Naomi Ichiriu=done; Yesenia Garcia=done,Naomi Ichiriu=2026-07-07T06:55:59.610396; Yesenia Garcia=2026-07-09T19:47:49.867224,2,true,2026-07-09T20:56:52.617120,,0,0,0,0,0,0
1151,0000711404,"COOPER COMPANIES, INC.",2024,0000711404-24-000074,false,false,true,,,Naomi Ichiriu; Yesenia Garcia,Naomi Ichiriu=done; Yesenia Garcia=done,Naomi Ichiriu=2026-07-07T07:00:14.025942; Yesenia Garcia=2026-07-09T19:50:27.017972,2,true,2026-07-09T20:58:09.402626,,1,0,0,1,0,1
1152,0000711404,"COOPER COMPANIES, INC.",2025,0001628280-25-055615,false,false,true,,,Naomi Ichiriu; Yesenia Garcia,Naomi Ichiriu=done; Yesenia Garcia=done,Naomi Ichiriu=2026-07-07T07:06:45.724134; Yesenia Garcia=2026-07-09T19:51:04.708778,2,true,2026-07-09T20:55:09.227471,,0,0,0,0,0,0
364,0000024741,CORNING INC /NY,2015,0000024741-15-000015,false,false,false,228,3,Naomi Ichiriu,Naomi Ichiriu=done,Naomi Ichiriu=2026-08-29T21:20:12.295992,2,false,,,0,0,0,0,0,0
365,0000024741,CORNING INC /NY,2016,0000024741-16-000077,false,false,false,1420,6,Naomi Ichiriu,Naomi Ichiriu=done,Naomi Ichiriu=2026-08-29T21:20:16.466845,2,false,,,0,0,0,0,0,0
366,0000024741,CORNING INC /NY,2017,0000024741-17-000011,false,false,false,1599,3,Naomi Ichiriu,Naomi Ichiriu=done,Naomi Ichiriu=2026-08-29T21:20:23.525034,2,false,,,0,0,0,0,0,0
367,0000024741,CORNING INC /NY,2018,0000024741-18-000010,false,false,false,111,1,Naomi Ichiriu,Naomi Ichiriu=done,Naomi Ichiriu=2026-08-29T21:20:21.454106,2,false,,,0,0,0,0,0,0
368,0000024741,CORNING INC /NY,2019,0000024741-19-000016,false,false,false,350,3,Naomi Ichiriu,Naomi Ichiriu=done,Naomi Ichiriu=2026-08-29T21:20:19.108742,2,false,,,0,0,0,0,0,0
369,0000024741,CORNING INC /NY,2020,0000024741-20-000014,false,false,false,74,2,Naomi Ichiriu,Naomi Ichiriu=done,Naomi Ichiriu=2026-08-29T21:26:35.462173,2,false,,,0,0,0,0,0,0
374,0000024741,CORNING INC /NY,2021,0001562762-21-000023,false,false,false,75,1,Naomi Ichiriu,Naomi Ichiriu=done,Naomi Ichiriu=2026-08-29T21:26:30.418483,2,false,,,0,0,0,0,0,0
371,0000024741,CORNING INC /NY,2022,0001437749-22-003247,false,false,false,134,3,Naomi Ichiriu,Naomi Ichiriu=done,Naomi Ichiriu=2026-08-29T21:26:27.697013,2,false,,,0,0,0,0,0,0
372,0000024741,CORNING INC /NY,2023,0001437749-23-003123,false,false,false,532,5,Naomi Ichiriu,Naomi Ichiriu=done,Naomi Ichiriu=2026-08-29T21:26:22.467935,2,false,,,0,0,0,0,0,0
373,0000024741,CORNING INC /NY,2024,0001437749-24-003735,false,false,false,724,31,Naomi Ichiriu,Naomi Ichiriu=done,Naomi Ichiriu=2026-08-29T21:28:12.488874,2,false,,,0,0,0,0,0,0
375,0000024741,CORNING INC /NY,2025,0001628280-25-005347,false,false,false,598,35,Naomi Ichiriu,Naomi Ichiriu=done,Naomi Ichiriu=2026-09-09T03:28:20.739191,2,false,,,1,1,0,0,0,0
370,0000024741,CORNING INC /NY,2026,0000024741-26-000124,false,false,false,701,41,Naomi Ichiriu,Naomi Ichiriu=done,Naomi Ichiriu=2026-09-09T03:27:42.753346,2,false,,,1,1,0,0,0,0
2385,0001755672,"Corteva, Inc.",2020,0001755672-20-000006,false,false,false,54,3,Akshitha Venkataraman; Yesenia Garcia,Akshitha Venkataraman=done; Yesenia Garcia=done,Akshitha Venkataraman=2026-07-27T13:26:34.821809; Yesenia Garcia=2026-07-25T05:11:36.462213,2,true,2026-07-27T17:35:41.333624,,0,0,0,0,0,0
2386,0001755672,"Corteva, Inc.",2021,0001755672-21-000008,false,false,false,59,3,Akshitha Venkataraman; Yesenia Garcia,Akshitha Venkataraman=done; Yesenia Garcia=done,Akshitha Venkataraman=2026-07-27T13:26:37.603354; Yesenia Garcia=2026-07-25T05:12:03.262933,2,true,2026-07-27T17:35:44.165267,,0,0,0,0,0,0
2387,0001755672,"Corteva, Inc.",2022,0001755672-22-000005,false,false,false,67,3,Akshitha Venkataraman; Yesenia Garcia,Akshitha Venkataraman=done; Yesenia Garcia=done,Akshitha Venkataraman=2026-07-27T13:26:44.326768; Yesenia Garcia=2026-07-25T05:12:28.841565,2,true,2026-07-27T17:35:47.551007,,0,0,0,0,0,0
2388,0001755672,"Corteva, Inc.",2023,0001755672-23-000005,false,false,false,65,3,Akshitha Venkataraman; Yesenia Garcia,Akshitha Venkataraman=done; Yesenia Garcia=done,Akshitha Venkataraman=2026-07-27T13:26:46.928503; Yesenia Garcia=2026-07-25T05:13:10.148709,2,true,2026-07-27T17:35:50.607877,,0,0,0,0,0,0
2389,0001755672,"Corteva, Inc.",2024,0001755672-24-000004,false,false,false,132,23,Akshitha Venkataraman; Yesenia Garcia,Akshitha Venkataraman=done; Yesenia Garcia=done,Akshitha Venkataraman=2026-07-27T13:28:59.958423; Yesenia Garcia=2026-07-25T05:17:07.663605,2,true,2026-07-27T17:37:53.697694,,1,0,0,1,0,1
2390,0001755672,"Corteva, Inc.",2025,0001755672-25-000005,false,false,false,132,25,Akshitha Venkataraman; Yesenia Garcia,Akshitha Venkataraman=done; Yesenia Garcia=done,Akshitha Venkataraman=2026-07-27T13:29:34.176574; Yesenia Garcia=2026-07-25T05:17:58.357843,2,true,2026-07-27T17:38:09.714006,,2,0,0,2,1,2
2391,0001755672,"Corteva, Inc.",2026,0001755672-26-000004,false,false,false,128,24,Akshitha Venkataraman; Yesenia Garcia,Akshitha Venkataraman=done; Yesenia Garcia=done,Akshitha Venkataraman=2026-07-27T13:30:18.189220; Yesenia Garcia=2026-07-25T05:19:04.418292,2,true,2026-07-27T17:38:40.357907,,2,0,0,2,1,2
2096,0001057352,"COSTAR GROUP, INC.",2015,0001057352-15-000012,false,false,true,308,4,Akshitha Venkataraman; Naomi Ichiriu,Akshitha Venkataraman=done; Naomi Ichiriu=done,Akshitha Venkataraman=2026-07-27T14:18:35.390702; Naomi Ichiriu=2026-07-22T05:34:58.196674,2,true,2026-07-27T18:20:35.802434,,0,0,0,0,0,0
2097,0001057352,"COSTAR GROUP, INC.",2016,0001057352-16-000103,false,false,true,142,3,Akshitha Venkataraman; Naomi Ichiriu,Akshitha Venkataraman=done; Naomi Ichiriu=done,Akshitha Venkataraman=2026-07-27T14:18:39.091346; Naomi Ichiriu=2026-07-22T05:34:35.176740,2,true,2026-07-27T18:20:40.283975,,0,0,0,0,0,0
2098,0001057352,"COSTAR GROUP, INC.",2017,0001057352-17-000008,false,false,true,129,3,Akshitha Venkataraman; Naomi Ichiriu,Akshitha Venkataraman=done; Naomi Ichiriu=done,Akshitha Venkataraman=2026-07-27T14:18:43.319763; Naomi Ichiriu=2026-07-22T05:35:09.582889,2,true,2026-07-27T18:20:44.333962,,0,0,0,0,0,0
2099,0001057352,"COSTAR GROUP, INC.",2018,0001057352-18-000011,false,false,true,123,3,Akshitha Venkataraman; Naomi Ichiriu,Akshitha Venkataraman=done; Naomi Ichiriu=done,Akshitha Venkataraman=2026-07-27T14:18:46.606468; Naomi Ichiriu=2026-07-22T05:34:26.380913,2,true,2026-07-27T18:20:55.001677,,0,0,0,0,0,0
2100,0001057352,"COSTAR GROUP, INC.",2019,0001057352-19-000017,false,false,true,183,6,Akshitha Venkataraman; Naomi Ichiriu,Akshitha Venkataraman=done; Naomi Ichiriu=done,Akshitha Venkataraman=2026-07-27T14:18:49.708242; Naomi Ichiriu=2026-07-22T05:34:13.653780,2,true,2026-07-27T18:20:59.538863,,0,0,0,0,0,0
2101,0001057352,"COSTAR GROUP, INC.",2020,0001057352-20-000036,false,false,true,99,4,Akshitha Venkataraman; Naomi Ichiriu,Akshitha Venkataraman=done; Naomi Ichiriu=done,Akshitha Venkataraman=2026-07-27T14:18:56.039912; Naomi Ichiriu=2026-07-22T05:39:27.496477,2,true,2026-07-27T18:21:03.593464,,0,0,0,0,0,0
2102,0001057352,"COSTAR GROUP, INC.",2021,0001057352-21-000032,false,false,true,94,3,Akshitha Venkataraman; Naomi Ichiriu,Akshitha Venkataraman=done; Naomi Ichiriu=done,Akshitha Venkataraman=2026-07-27T14:18:58.731684; Naomi Ichiriu=2026-07-22T05:39:36.197194,2,true,2026-07-27T18:21:11.716782,,0,0,0,0,0,0
2103,0001057352,"COSTAR GROUP, INC.",2022,0001057352-22-000027,false,false,true,100,3,Akshitha Venkataraman; Naomi Ichiriu,Akshitha Venkataraman=done; Naomi Ichiriu=done,Akshitha Venkataraman=2026-07-27T14:19:04.003620; Naomi Ichiriu=2026-07-22T05:40:07.327197,2,true,2026-07-27T18:22:27.027956,,0,0,0,0,0,0
2104,0001057352,"COSTAR GROUP, INC.",2023,0001057352-23-000030,false,false,true,313,9,Akshitha Venkataraman; Naomi Ichiriu,Akshitha Venkataraman=done; Naomi Ichiriu=done,Akshitha Venkataraman=2026-07-27T14:27:10.978037; Naomi Ichiriu=2026-07-22T05:41:00.351173,2,true,2026-08-17T17:54:27.870243,,2,0,0,2,1,4
2105,0001057352,"COSTAR GROUP, INC.",2024,0001057352-24-000013,false,false,false,346,34,Akshitha Venkataraman; Naomi Ichiriu,Akshitha Venkataraman=done; Naomi Ichiriu=done,Akshitha Venkataraman=2026-07-27T14:33:27.202433; Naomi Ichiriu=2026-07-22T05:37:19.890386,2,false,,,4,1,2,1,0,4
2106,0001057352,"COSTAR GROUP, INC.",2025,0001057352-25-000016,false,false,false,753,214,Akshitha Venkataraman; Naomi Ichiriu,Akshitha Venkataraman=done; Naomi Ichiriu=done,Akshitha Venkataraman=2026-07-27T14:39:54.538904; Naomi Ichiriu=2026-07-22T06:33:33.924125,2,false,,,9,1,5,3,0,7
2107,0001057352,"COSTAR GROUP, INC.",2026,0001057352-26-000020,false,false,false,1848,347,Akshitha Venkataraman; Naomi Ichiriu,Akshitha Venkataraman=done; Naomi Ichiriu=done,Akshitha Venkataraman=2026-07-27T14:52:21.457177; Naomi Ichiriu=2026-08-10T07:06:47.920964,2,false,,,38,7,15,9,0,19
4100,0000849395,CRH PUBLIC LTD CO,2024,0001628280-24-007773,false,false,true,158,52,Naomi Ichiriu; Akshitha Venkataraman,Naomi Ichiriu=done; Akshitha Venkataraman=done,Naomi Ichiriu=2026-09-21T04:30:04.768195; Akshitha Venkataraman=2026-09-30T05:11:22.466020,2,true,2026-09-30T05:11:29.862052,,0,0,0,0,0,0
4101,0000849395,CRH PUBLIC LTD CO,2025,0001628280-25-008179,false,false,true,428,112,Naomi Ichiriu; Akshitha Venkataraman,Naomi Ichiriu=done; Akshitha Venkataraman=done,Naomi Ichiriu=2026-09-21T04:31:04.849618; Akshitha Venkataraman=2026-09-30T05:12:59.806393,2,true,2026-09-30T05:13:06.030078,,0,0,0,0,0,0
4102,0000849395,CRH PUBLIC LTD CO,2026,0001628280-26-009043,false,false,true,685,127,Naomi Ichiriu; Akshitha Venkataraman,Naomi Ichiriu=done; Akshitha Venkataraman=done,Naomi Ichiriu=2026-09-21T04:31:58.519689; Akshitha Venkataraman=2026-09-30T05:14:46.845549,2,true,2026-09-30T05:15:19.213938,,1,0,0,1,0,1
3218,0001051470,CROWN CASTLE INC.,2022,0001051470-22-000019,false,false,true,62,5,Yesenia Garcia; Naomi Ichiriu,Yesenia Garcia=done; Naomi Ichiriu=done,Yesenia Garcia=2026-08-24T08:17:58.024993; Naomi Ichiriu=2026-09-22T16:29:56.647385,2,true,2026-09-30T17:36:29.824705,,0,0,0,0,0,0
3219,0001051470,CROWN CASTLE INC.,2023,0001051470-23-000041,false,false,true,53,5,Yesenia Garcia; Naomi Ichiriu,Yesenia Garcia=done; Naomi Ichiriu=done,Yesenia Garcia=2026-08-24T08:18:16.196965; Naomi Ichiriu=2026-09-22T16:30:01.288055,2,true,2026-09-30T17:36:27.104023,,0,0,0,0,0,0
3220,0001051470,CROWN CASTLE INC.,2024,0001051470-24-000062,false,false,true,107,24,Yesenia Garcia; Naomi Ichiriu,Yesenia Garcia=done; Naomi Ichiriu=done,Yesenia Garcia=2026-08-24T08:20:22.632279; Naomi Ichiriu=2026-09-26T21:07:49.887172,2,true,2026-09-30T17:36:23.078185,,0,0,0,0,0,0
3221,0001051470,CROWN CASTLE INC.,2025,0001051470-25-000089,false,false,true,194,26,Yesenia Garcia; Naomi Ichiriu,Yesenia Garcia=done; Naomi Ichiriu=done,Yesenia Garcia=2026-08-24T08:21:11.951210; Naomi Ichiriu=2026-09-26T21:08:57.210654,2,true,2026-09-30T17:37:35.052857,,0,0,0,0,0,0
3222,0001051470,CROWN CASTLE INC.,2026,0001051470-26-000016,false,false,false,197,57,Yesenia Garcia; Naomi Ichiriu,Yesenia Garcia=done; Naomi Ichiriu=done,Yesenia Garcia=2026-08-24T08:22:41.419179; Naomi Ichiriu=2026-09-26T21:16:13.879347,2,false,,,5,3,1,1,0,2
380,0000026172,CUMMINS INC,2019,0000026172-19-000009,false,false,true,397,1,Yesenia Garcia; Naomi Ichiriu,Yesenia Garcia=done; Naomi Ichiriu=done,Yesenia Garcia=2026-08-31T05:48:23.118254; Naomi Ichiriu=2026-09-22T16:29:23.566863,2,true,2026-09-30T17:37:13.788044,,0,0,0,0,0,0
381,0000026172,CUMMINS INC,2020,0000026172-20-000009,false,false,true,2318,5,Yesenia Garcia; Naomi Ichiriu,Yesenia Garcia=done; Naomi Ichiriu=done,Yesenia Garcia=2026-08-31T05:48:24.740965; Naomi Ichiriu=2026-09-22T16:29:29.645220,2,true,2026-09-30T17:37:27.470919,,0,0,0,0,0,0
384,0000026172,CUMMINS INC,2023,0000026172-23-000005,false,false,true,99,1,Yesenia Garcia; Naomi Ichiriu,Yesenia Garcia=done; Naomi Ichiriu=done,Yesenia Garcia=2026-08-31T05:48:26.274304; Naomi Ichiriu=2026-09-22T16:29:37.547808,2,true,2026-09-30T17:37:18.230178,,0,0,0,0,0,0
385,0000026172,CUMMINS INC,2024,0000026172-24-000012,false,false,true,1154,41,Yesenia Garcia; Naomi Ichiriu,Yesenia Garcia=done; Naomi Ichiriu=done,Yesenia Garcia=2026-08-31T05:48:27.889980; Naomi Ichiriu=2026-09-22T16:29:42.823026,2,true,2026-09-30T17:37:22.213657,,0,0,0,0,0,0
386,0000026172,CUMMINS INC,2025,0000026172-25-000007,false,false,true,2335,55,Yesenia Garcia; Naomi Ichiriu,Yesenia Garcia=done; Naomi Ichiriu=done,Yesenia Garcia=2026-08-31T05:50:52.429406; Naomi Ichiriu=2026-09-27T18:55:39.603596,2,true,2026-09-30T18:44:16.231844,,5,1,0,4,0,4
387,0000026172,CUMMINS INC,2026,0000026172-26-000009,false,false,false,2280,63,Yesenia Garcia; Naomi Ichiriu,Yesenia Garcia=done; Naomi Ichiriu=done,Yesenia Garcia=2026-08-31T05:54:04.307324; Naomi Ichiriu=2026-09-27T19:08:36.381875,2,false,,,15,3,8,1,0,1
2866,0000064803,CVS HEALTH Corp,2015,0000064803-15-000008,false,false,false,43,1,Naomi Ichiriu,Naomi Ichiriu=done,Naomi Ichiriu=2026-08-19T15:24:54.838622,2,false,,,0,0,0,0,0,0
2867,0000064803,CVS HEALTH Corp,2016,0000064803-16-000074,false,false,false,42,1,Naomi Ichiriu,Naomi Ichiriu=done,Naomi Ichiriu=2026-08-19T15:25:01.857347,2,false,,,0,0,0,0,0,0
2870,0000064803,CVS HEALTH Corp,2019,0000064803-19-000013,false,false,false,893,12,Naomi Ichiriu,Naomi Ichiriu=done,Naomi Ichiriu=2026-08-19T18:15:50.506533,2,false,,,0,0,0,0,0,0
2871,0000064803,CVS HEALTH Corp,2020,0000064803-20-000007,false,false,false,717,14,Naomi Ichiriu,Naomi Ichiriu=done,Naomi Ichiriu=2026-08-19T18:26:13.482382,2,false,,,0,0,0,0,0,0
2872,0000064803,CVS HEALTH Corp,2021,0000064803-21-000011,false,false,false,1532,15,Naomi Ichiriu,Naomi Ichiriu=done,Naomi Ichiriu=2026-08-20T08:20:51.978035,2,false,,,0,0,0,0,0,0
2873,0000064803,CVS HEALTH Corp,2022,0000064803-22-000008,false,false,false,1510,13,Naomi Ichiriu,Naomi Ichiriu=done,Naomi Ichiriu=2026-08-20T08:22:06.773876,2,false,,,0,0,0,0,0,0
2874,0000064803,CVS HEALTH Corp,2023,0000064803-23-000009,false,false,false,1528,13,Naomi Ichiriu,Naomi Ichiriu=done,Naomi Ichiriu=2026-08-20T08:23:05.474085,2,false,,,0,0,0,0,0,0
2875,0000064803,CVS HEALTH Corp,2024,0000064803-24-000007,false,false,false,1544,37,Naomi Ichiriu,Naomi Ichiriu=done,Naomi Ichiriu=2026-08-20T08:24:23.110815,2,false,,,0,0,0,0,0,0
2876,0000064803,CVS HEALTH Corp,2025,0000064803-25-000007,false,false,false,1472,502,Naomi Ichiriu,Naomi Ichiriu=done,Naomi Ichiriu=2026-08-20T08:33:47.452451,2,false,,,4,4,0,0,0,0
2877,0000064803,CVS HEALTH Corp,2026,0000064803-26-000010,false,false,false,1371,469,Naomi Ichiriu,Naomi Ichiriu=done,Naomi Ichiriu=2026-08-21T21:42:02.514857,2,false,,,9,6,0,0,0,0
2878,0000940944,DARDEN RESTAURANTS INC,2015,0000940944-15-000039,false,false,true,135,2,Naomi Ichiriu; Yesenia Garcia,Naomi Ichiriu=done; Yesenia Garcia=done,Naomi Ichiriu=2026-08-19T18:10:36.939768; Yesenia Garcia=2026-09-12T04:31:18.778721,2,true,2026-09-13T18:24:00.534510,,0,0,0,0,0,0
2879,0000940944,DARDEN RESTAURANTS INC,2016,0000940944-16-000116,false,false,true,140,2,Naomi Ichiriu; Yesenia Garcia,Naomi Ichiriu=done; Yesenia Garcia=done,Naomi Ichiriu=2026-08-19T18:10:45.693095; Yesenia Garcia=2026-09-12T04:31:24.282689,2,true,2026-09-13T18:23:58.288221,,0,0,0,0,0,0
2880,0000940944,DARDEN RESTAURANTS INC,2017,0000940944-17-000027,false,false,true,140,2,Naomi Ichiriu; Yesenia Garcia,Naomi Ichiriu=done; Yesenia Garcia=done,Naomi Ichiriu=2026-08-19T18:10:51.987012; Yesenia Garcia=2026-09-12T04:31:33.633184,2,true,2026-09-13T18:23:55.852775,,0,0,0,0,0,0
2881,0000940944,DARDEN RESTAURANTS INC,2018,0000940944-18-000050,false,false,true,172,5,Naomi Ichiriu; Yesenia Garcia,Naomi Ichiriu=done; Yesenia Garcia=done,Naomi Ichiriu=2026-08-19T18:10:59.990888; Yesenia Garcia=2026-09-12T04:31:38.759167,2,true,2026-09-13T18:23:53.093732,,0,0,0,0,0,0
2882,0000940944,DARDEN RESTAURANTS INC,2019,0000940944-19-000025,false,false,true,85,5,Naomi Ichiriu; Yesenia Garcia,Naomi Ichiriu=done; Yesenia Garcia=done,Naomi Ichiriu=2026-08-19T18:11:08.120842; Yesenia Garcia=2026-09-12T04:31:42.976843,2,true,2026-09-13T18:23:49.724522,,0,0,0,0,0,0
2883,0000940944,DARDEN RESTAURANTS INC,2020,0000940944-20-000046,false,false,true,90,5,Naomi Ichiriu; Yesenia Garcia,Naomi Ichiriu=done; Yesenia Garcia=done,Naomi Ichiriu=2026-08-19T18:11:15.202547; Yesenia Garcia=2026-09-12T04:31:47.135740,2,true,2026-09-13T18:23:47.154381,,0,0,0,0,0,0
2888,0000940944,DARDEN RESTAURANTS INC,2021,0000940944-21-000041,false,false,true,86,7,Naomi Ichiriu; Yesenia Garcia,Naomi Ichiriu=done; Yesenia Garcia=done,Naomi Ichiriu=2026-08-19T18:16:07.771449; Yesenia Garcia=2026-09-12T04:32:12.333336,2,true,2026-09-13T18:23:44.283801,,0,0,0,0,0,0
2884,0000940944,DARDEN RESTAURANTS INC,2022,0000940944-22-000042,false,false,true,83,7,Naomi Ichiriu; Yesenia Garcia,Naomi Ichiriu=done; Yesenia Garcia=done,Naomi Ichiriu=2026-08-19T18:16:14.620871; Yesenia Garcia=2026-09-12T04:32:17.371207,2,true,2026-09-13T18:23:41.989370,,0,0,0,0,0,0
2887,0000940944,DARDEN RESTAURANTS INC,2023,0000940944-23-000037,false,false,true,84,7,Naomi Ichiriu; Yesenia Garcia,Naomi Ichiriu=done; Yesenia Garcia=done,Naomi Ichiriu=2026-08-19T18:16:20.943639; Yesenia Garcia=2026-09-12T04:32:24.841860,2,true,2026-09-13T18:23:39.565016,,0,0,0,0,0,0
2885,0000940944,DARDEN RESTAURANTS INC,2024,0000940944-24-000035,false,false,true,187,27,Naomi Ichiriu; Yesenia Garcia,Naomi Ichiriu=done; Yesenia Garcia=done,Naomi Ichiriu=2026-08-19T18:16:40.707520; Yesenia Garcia=2026-09-12T04:33:31.441867,2,true,2026-09-13T18:23:37.382903,,1,1,0,0,0,0
2886,0000940944,DARDEN RESTAURANTS INC,2025,0000940944-25-000038,false,false,true,197,30,Naomi Ichiriu; Yesenia Garcia,Naomi Ichiriu=done; Yesenia Garcia=done,Naomi Ichiriu=2026-08-27T01:43:20.884627; Yesenia Garcia=2026-09-12T04:33:47.339605,2,true,2026-09-13T18:23:34.510128,,1,1,0,0,0,0
2572,0000315189,DEERE & CO,2017,0001047469-17-007719,false,false,true,2132,3,Naomi Ichiriu; Yesenia Garcia,Naomi Ichiriu=done; Yesenia Garcia=done,Naomi Ichiriu=2026-08-13T07:29:23.547646; Yesenia Garcia=2026-08-31T05:39:23.486344,2,true,2026-08-31T06:23:49.179209,,0,0,0,0,0,0
2573,0000315189,DEERE & CO,2018,0001047469-18-007694,false,false,true,2936,3,Naomi Ichiriu; Yesenia Garcia,Naomi Ichiriu=done; Yesenia Garcia=done,Naomi Ichiriu=2026-08-13T07:29:41.487374; Yesenia Garcia=2026-08-31T05:39:25.742359,2,true,2026-08-31T06:23:46.471449,,0,0,0,0,0,0
2574,0000315189,DEERE & CO,2019,0001558370-19-011614,false,false,true,3443,3,Naomi Ichiriu; Yesenia Garcia,Naomi Ichiriu=done; Yesenia Garcia=done,Naomi Ichiriu=2026-08-13T07:30:04.589676; Yesenia Garcia=2026-08-31T05:39:27.890928,2,true,2026-08-31T06:22:57.303836,,0,0,0,0,0,0
2575,0000315189,DEERE & CO,2020,0001558370-20-014436,false,false,true,36,1,Naomi Ichiriu; Yesenia Garcia,Naomi Ichiriu=done; Yesenia Garcia=done,Naomi Ichiriu=2026-08-13T07:30:16.866329; Yesenia Garcia=2026-08-31T05:39:29.601413,2,true,2026-08-31T06:22:54.266250,,0,0,0,0,0,0
2576,0000315189,DEERE & CO,2021,0001558370-21-016864,false,false,true,299,3,Naomi Ichiriu; Yesenia Garcia,Naomi Ichiriu=done; Yesenia Garcia=done,Naomi Ichiriu=2026-08-13T07:31:09.894379; Yesenia Garcia=2026-08-31T05:39:31.213907,2,true,2026-08-31T06:23:41.235521,,0,0,0,0,0,0
2577,0000315189,DEERE & CO,2022,0001558370-22-018703,false,false,true,15693,6,Naomi Ichiriu; Yesenia Garcia,Naomi Ichiriu=done; Yesenia Garcia=done,Naomi Ichiriu=2026-08-13T07:31:50.118368; Yesenia Garcia=2026-08-31T05:39:39.316489,2,true,2026-08-31T06:22:51.805829,,0,0,0,0,0,0
2685,0000315189,DEERE & CO,2023,0001558370-23-019812,false,false,true,8327,101,Naomi Ichiriu; Yesenia Garcia,Naomi Ichiriu=done; Yesenia Garcia=done,Naomi Ichiriu=2026-08-13T19:22:27.049543; Yesenia Garcia=2026-08-31T05:39:41.653768,2,true,2026-08-31T06:22:40.855126,,0,0,0,0,0,0
2686,0000315189,DEERE & CO,2024,0001558370-24-016169,false,false,true,8531,136,Naomi Ichiriu; Yesenia Garcia,Naomi Ichiriu=done; Yesenia Garcia=done,Naomi Ichiriu=2026-08-13T19:39:19.054864; Yesenia Garcia=2026-08-31T05:41:30.555388,2,true,2026-09-30T18:47:04.452700,,7,3,0,4,0,7
2687,0000315189,DEERE & CO,2025,0001104659-25-122321,false,false,true,10040,192,Naomi Ichiriu; Yesenia Garcia,Naomi Ichiriu=done; Yesenia Garcia=done,Naomi Ichiriu=2026-08-13T19:54:20.910781; Yesenia Garcia=2026-08-31T05:43:19.914343,2,true,2026-09-30T18:45:35.574843,,11,5,0,6,0,8
3966,0001571996,Dell Technologies Inc.,2017,0001571996-17-000004,false,false,false,711,20,Joseline Viveros; Alexa Bishop,Joseline Viveros=done; Alexa Bishop=done,Joseline Viveros=2026-09-14T05:55:00.552089; Alexa Bishop=2026-09-18T03:45:02.290794,2,true,2026-09-19T04:32:01.609055,,0,0,0,0,0,0
3967,0001571996,Dell Technologies Inc.,2018,0001571996-18-000004,false,false,false,631,14,Joseline Viveros; Alexa Bishop,Joseline Viveros=done; Alexa Bishop=done,Joseline Viveros=2026-09-14T16:57:53.194761; Alexa Bishop=2026-09-18T03:47:06.957748,2,true,2026-09-19T04:32:18.239767,,0,0,0,0,0,0
3968,0001571996,Dell Technologies Inc.,2019,0001571996-19-000008,false,false,false,383,10,Joseline Viveros; Alexa Bishop,Joseline Viveros=done; Alexa Bishop=done,Joseline Viveros=2026-09-14T16:58:44.815418; Alexa Bishop=2026-09-18T03:48:27.522804,2,true,2026-09-19T04:32:36.923468,,0,0,0,0,0,0
3969,0001571996,Dell Technologies Inc.,2020,0001571996-20-000017,false,false,false,2304,14,Joseline Viveros; Alexa Bishop,Joseline Viveros=done; Alexa Bishop=done,Joseline Viveros=2026-09-14T17:03:01.519281; Alexa Bishop=2026-09-18T03:50:53.089081,2,true,2026-09-19T04:37:19.424485,,0,0,0,0,0,0
3970,0001571996,Dell Technologies Inc.,2021,0001571996-21-000007,false,false,false,2522,16,Joseline Viveros; Alexa Bishop,Joseline Viveros=done; Alexa Bishop=done,Joseline Viveros=2026-09-14T17:10:30.900406; Alexa Bishop=2026-09-18T03:55:50.798548,2,true,2026-09-19T04:37:58.750361,,0,0,0,0,0,0
3971,0001571996,Dell Technologies Inc.,2022,0001571996-22-000009,false,false,false,480,9,Joseline Viveros; Alexa Bishop,Joseline Viveros=done; Alexa Bishop=done,Joseline Viveros=2026-09-14T17:11:51.604920; Alexa Bishop=2026-09-18T04:03:41.986134,2,true,2026-09-19T04:38:20.109285,,0,0,0,0,0,0
3972,0001571996,Dell Technologies Inc.,2023,0001571996-23-000007,false,false,false,534,66,Joseline Viveros; Alexa Bishop,Joseline Viveros=done; Alexa Bishop=done,Joseline Viveros=2026-09-14T17:16:16.826243; Alexa Bishop=2026-09-18T04:11:14.808737,2,true,2026-09-19T04:45:36.246133,,1,0,0,1,0,1
3973,0001571996,Dell Technologies Inc.,2024,0001571996-24-000036,false,false,false,581,116,Joseline Viveros; Alexa Bishop,Joseline Viveros=done; Alexa Bishop=done,Joseline Viveros=2026-09-19T04:54:23.698575; Alexa Bishop=2026-09-18T04:22:42.792603,2,true,2026-09-21T06:58:07.694651,,11,1,0,10,0,16
3974,0001571996,Dell Technologies Inc.,2025,0001571996-25-000034,false,false,false,1953,223,Joseline Viveros; Alexa Bishop,Joseline Viveros=done; Alexa Bishop=done,Joseline Viveros=2026-09-14T17:51:17.133592; Alexa Bishop=2026-09-18T04:46:53.133227,2,true,2026-09-27T18:31:37.652906,,25,3,0,22,5,28
3975,0001571996,Dell Technologies Inc.,2026,0001571996-26-000008,false,false,false,4475,429,Joseline Viveros; Alexa Bishop,Joseline Viveros=done; Alexa Bishop=done,Joseline Viveros=2026-09-14T18:14:14.378870; Alexa Bishop=2026-09-18T05:08:29.004667,2,true,2026-09-27T19:01:17.493752,,27,3,0,24,0,23
1176,0000027904,"DELTA AIR LINES, INC.",2015,0000027904-15-000003,false,false,true,,,Naomi Ichiriu; Akshitha Venkataraman,Naomi Ichiriu=done; Akshitha Venkataraman=done,Naomi Ichiriu=2026-07-07T20:58:20.437014; Akshitha Venkataraman=2026-07-10T15:34:31.832207,2,true,2026-07-10T18:56:41.686400,,0,0,0,0,0,0
401,0000027904,"DELTA AIR LINES, INC.",2016,0000027904-16-000018,false,false,true,,,Naomi Ichiriu; Akshitha Venkataraman,Naomi Ichiriu=done; Akshitha Venkataraman=done,Naomi Ichiriu=2026-07-06T00:15:38.941617; Akshitha Venkataraman=2026-07-10T15:24:10.436043,2,true,2026-07-10T18:57:21.091649,,0,0,0,0,0,0
402,0000027904,"DELTA AIR LINES, INC.",2017,0000027904-17-000004,false,false,true,,,Naomi Ichiriu; Akshitha Venkataraman,Naomi Ichiriu=done; Akshitha Venkataraman=done,Naomi Ichiriu=2026-07-06T00:15:52.237038; Akshitha Venkataraman=2026-07-10T15:24:37.734879,2,true,2026-07-10T18:57:24.156131,,0,0,0,0,0,0
403,0000027904,"DELTA AIR LINES, INC.",2018,0000027904-18-000006,false,false,true,,,Naomi Ichiriu; Akshitha Venkataraman,Naomi Ichiriu=done; Akshitha Venkataraman=done,Naomi Ichiriu=2026-07-06T00:21:18.425369; Akshitha Venkataraman=2026-07-10T15:25:18.688809,2,true,2026-07-10T18:57:26.595047,,0,0,0,0,0,0
404,0000027904,"DELTA AIR LINES, INC.",2019,0000027904-19-000003,false,false,true,,,Naomi Ichiriu; Akshitha Venkataraman,Naomi Ichiriu=done; Akshitha Venkataraman=done,Naomi Ichiriu=2026-07-06T00:23:59.804346; Akshitha Venkataraman=2026-07-10T15:25:54.778036,2,true,2026-07-10T18:57:29.385086,,0,0,0,0,0,0
405,0000027904,"DELTA AIR LINES, INC.",2020,0000027904-20-000004,false,false,true,,,Akshitha Venkataraman; Naomi Ichiriu,Akshitha Venkataraman=done; Naomi Ichiriu=done,Akshitha Venkataraman=2026-07-10T15:26:21.020036; Naomi Ichiriu=2026-07-06T00:24:15.682449,2,true,2026-07-10T18:57:31.832709,,0,0,0,0,0,0
406,0000027904,"DELTA AIR LINES, INC.",2021,0000027904-21-000003,false,false,true,,,Akshitha Venkataraman; Naomi Ichiriu,Akshitha Venkataraman=done; Naomi Ichiriu=done,Akshitha Venkataraman=2026-07-10T15:26:37.422036; Naomi Ichiriu=2026-07-06T00:25:32.985079,2,true,2026-07-10T18:57:33.830365,,0,0,0,0,0,0
407,0000027904,"DELTA AIR LINES, INC.",2022,0000027904-22-000003,false,false,true,,,Naomi Ichiriu; Akshitha Venkataraman,Naomi Ichiriu=done; Akshitha Venkataraman=done,Naomi Ichiriu=2026-07-06T00:34:28.441581; Akshitha Venkataraman=2026-07-10T15:26:52.175143,2,true,2026-07-10T18:57:36.401885,,0,0,0,0,0,0
408,0000027904,"DELTA AIR LINES, INC.",2023,0000027904-23-000003,false,false,true,,,Naomi Ichiriu; Akshitha Venkataraman,Naomi Ichiriu=done; Akshitha Venkataraman=done,Naomi Ichiriu=2026-07-06T00:25:42.172826; Akshitha Venkataraman=2026-07-10T15:27:08.366383,2,true,2026-07-10T18:57:38.427755,,0,0,0,0,0,0
409,0000027904,"DELTA AIR LINES, INC.",2024,0000027904-24-000003,false,false,true,,,Naomi Ichiriu; Akshitha Venkataraman,Naomi Ichiriu=done; Akshitha Venkataraman=done,Naomi Ichiriu=2026-07-06T00:25:52.069827; Akshitha Venkataraman=2026-07-10T15:27:40.003859,2,true,2026-07-10T18:57:41.560065,,0,0,0,0,0,0
410,0000027904,"DELTA AIR LINES, INC.",2025,0000027904-25-000004,false,false,true,,,Akshitha Venkataraman; Naomi Ichiriu,Akshitha Venkataraman=done; Naomi Ichiriu=done,Akshitha Venkataraman=2026-07-10T15:28:04.865951; Naomi Ichiriu=2026-07-06T00:27:38.092662,2,true,2026-07-10T18:57:45.347716,,0,0,0,0,0,0
411,0000027904,"DELTA AIR LINES, INC.",2026,0000027904-26-000013,false,false,true,,,Naomi Ichiriu,Naomi Ichiriu=done,Naomi Ichiriu=2026-07-06T00:50:20.986931,2,false,,,11,11,0,0,0,0
2487,0001090012,DEVON ENERGY CORP/DE,2021,0001564590-21-006239,false,false,false,103,3,Akshitha Venkataraman; Yesenia Garcia,Akshitha Venkataraman=done; Yesenia Garcia=done,Akshitha Venkataraman=2026-08-03T17:59:00.396992; Yesenia Garcia=2026-08-10T09:22:21.567982,2,false,,,1,0,1,0,0,1
2488,0001090012,DEVON ENERGY CORP/DE,2022,0001564590-22-005321,false,false,false,129,3,Akshitha Venkataraman; Yesenia Garcia,Akshitha Venkataraman=done; Yesenia Garcia=done,Akshitha Venkataraman=2026-08-07T23:46:49.681028; Yesenia Garcia=2026-08-10T09:22:25.980335,2,true,2026-09-21T04:30:15.500891,,0,0,0,0,0,0
2489,0001090012,DEVON ENERGY CORP/DE,2023,0000950170-23-002852,false,false,false,131,5,Akshitha Venkataraman; Yesenia Garcia,Akshitha Venkataraman=done; Yesenia Garcia=done,Akshitha Venkataraman=2026-08-08T00:12:08.934911; Yesenia Garcia=2026-08-10T09:22:32.456043,2,true,2026-09-21T04:30:18.463268,,0,0,0,0,0,0
2490,0001090012,DEVON ENERGY CORP/DE,2024,0000950170-24-021781,false,false,false,436,28,Akshitha Venkataraman; Yesenia Garcia,Akshitha Venkataraman=done; Yesenia Garcia=done,Akshitha Venkataraman=2026-08-08T00:19:53.537530; Yesenia Garcia=2026-08-10T09:22:49.025553,2,true,2026-09-21T04:30:22.259125,,0,0,0,0,0,0
2491,0001090012,DEVON ENERGY CORP/DE,2025,0000950170-25-022844,false,false,false,440,28,Akshitha Venkataraman; Yesenia Garcia,Akshitha Venkataraman=done; Yesenia Garcia=done,Akshitha Venkataraman=2026-08-10T03:20:14.488625; Yesenia Garcia=2026-08-10T09:22:57.932819,2,true,2026-09-21T04:30:25.950585,,0,0,0,0,0,0
2493,0001090012,DEVON ENERGY CORP/DE,2026,0001193125-26-056485,false,false,false,487,139,Yesenia Garcia; Akshitha Venkataraman,Yesenia Garcia=done; Akshitha Venkataraman=done,Yesenia Garcia=2026-08-10T09:26:04.147031; Akshitha Venkataraman=2026-08-10T03:26:27.424462,2,false,,,5,2,2,1,0,3
3651,0001539838,"Diamondback Energy, Inc.",2022,0001539838-22-000008,false,false,true,68,1,Yesenia Garcia; Naomi Ichiriu,Yesenia Garcia=done; Naomi Ichiriu=done,Yesenia Garcia=2026-09-04T02:27:35.635788; Naomi Ichiriu=2026-09-22T17:08:16.000354,2,true,2026-09-30T17:37:00.699256,,0,0,0,0,0,0
3652,0001539838,"Diamondback Energy, Inc.",2023,0001539838-23-000022,false,false,true,125,6,Yesenia Garcia; Naomi Ichiriu,Yesenia Garcia=done; Naomi Ichiriu=done,Yesenia Garcia=2026-09-04T02:27:55.727016; Naomi Ichiriu=2026-09-22T17:08:16.899452,2,true,2026-09-30T17:36:53.043690,,0,0,0,0,0,0
3653,0001539838,"Diamondback Energy, Inc.",2024,0001539838-24-000019,false,false,true,155,29,Yesenia Garcia; Naomi Ichiriu,Yesenia Garcia=done; Naomi Ichiriu=done,Yesenia Garcia=2026-09-04T02:28:25.970608; Naomi Ichiriu=2026-09-22T17:08:20.910481,2,true,2026-09-30T17:36:57.209379,,0,0,0,0,0,0
3654,0001539838,"Diamondback Energy, Inc.",2025,0001539838-25-000021,false,false,true,171,45,Yesenia Garcia; Naomi Ichiriu,Yesenia Garcia=done; Naomi Ichiriu=done,Yesenia Garcia=2026-09-04T02:29:47.672992; Naomi Ichiriu=2026-09-27T04:06:05.879559,2,true,2026-09-30T18:48:40.979169,,3,2,0,1,0,1
3655,0001539838,"Diamondback Energy, Inc.",2026,0001539838-26-000010,false,false,false,247,60,Yesenia Garcia; Naomi Ichiriu,Yesenia Garcia=done; Naomi Ichiriu=done,Yesenia Garcia=2026-09-04T02:32:19.573702; Naomi Ichiriu=2026-09-27T03:58:55.734514,2,false,,,6,2,4,0,0,0
2580,0001297996,"DIGITAL REALTY TRUST, INC.",2015,0001297996-15-000010,false,false,false,6149,216,Naomi Ichiriu,Naomi Ichiriu=done,Naomi Ichiriu=2026-08-13T07:34:11.713829,2,false,,,0,0,0,0,0,0
2581,0001297996,"DIGITAL REALTY TRUST, INC.",2016,0001297996-16-000124,false,false,false,12328,273,Naomi Ichiriu,Naomi Ichiriu=done,Naomi Ichiriu=2026-08-13T07:35:15.624397,2,false,,,0,0,0,0,0,0
2582,0001297996,"DIGITAL REALTY TRUST, INC.",2017,0001297996-17-000020,false,false,false,8192,290,Naomi Ichiriu,Naomi Ichiriu=done,Naomi Ichiriu=2026-08-13T07:35:32.459556,2,false,,,0,0,0,0,0,0
2583,0001297996,"DIGITAL REALTY TRUST, INC.",2018,0001297996-18-000026,false,false,false,7372,253,Naomi Ichiriu,Naomi Ichiriu=done,Naomi Ichiriu=2026-08-13T07:35:51.024746,2,false,,,0,0,0,0,0,0
2584,0001297996,"DIGITAL REALTY TRUST, INC.",2019,0001297996-19-000032,false,false,false,7652,262,Naomi Ichiriu,Naomi Ichiriu=done,Naomi Ichiriu=2026-08-13T07:36:04.485056,2,false,,,0,0,0,0,0,0
2585,0001297996,"DIGITAL REALTY TRUST, INC.",2020,0001558370-20-001906,false,false,false,10286,244,Naomi Ichiriu,Naomi Ichiriu=done,Naomi Ichiriu=2026-08-13T07:38:23.678098,2,false,,,0,0,0,0,0,0
2696,0001297996,"DIGITAL REALTY TRUST, INC.",2021,0001558370-21-002191,false,false,false,19007,266,Naomi Ichiriu,Naomi Ichiriu=done,Naomi Ichiriu=2026-08-15T09:52:13.351110,2,false,,,0,0,0,0,0,0
2697,0001297996,"DIGITAL REALTY TRUST, INC.",2022,0001558370-22-002195,false,false,false,14264,227,Naomi Ichiriu,Naomi Ichiriu=done,Naomi Ichiriu=2026-08-15T10:04:05.501686,2,false,,,0,0,0,0,0,0
2698,0001297996,"DIGITAL REALTY TRUST, INC.",2023,0001558370-23-002087,false,false,false,16099,228,Naomi Ichiriu,Naomi Ichiriu=done,Naomi Ichiriu=2026-08-15T10:14:48.266118,2,false,,,0,0,0,0,0,0
2699,0001297996,"DIGITAL REALTY TRUST, INC.",2024,0001558370-24-001575,false,false,false,15947,300,Naomi Ichiriu,Naomi Ichiriu=done,Naomi Ichiriu=2026-08-15T10:16:16.851270,2,false,,,1,1,0,0,0,0
2700,0001297996,"DIGITAL REALTY TRUST, INC.",2025,0001558370-25-001424,false,false,false,15808,575,Naomi Ichiriu,Naomi Ichiriu=done,Naomi Ichiriu=2026-08-15T10:18:00.300202,2,false,,,3,3,0,0,0,0
2701,0001297996,"DIGITAL REALTY TRUST, INC.",2026,0001104659-26-015365,false,false,false,16792,575,Naomi Ichiriu,Naomi Ichiriu=done,Naomi Ichiriu=2026-08-15T10:25:17.292005,2,false,,,10,10,0,0,0,0
412,0000029534,DOLLAR GENERAL CORP,2015,0001047469-15-002540,false,false,true,97,2,Naomi Ichiriu; Yesenia Garcia,Naomi Ichiriu=done; Yesenia Garcia=done,Naomi Ichiriu=2026-08-11T09:39:29.581700; Yesenia Garcia=2026-08-31T05:45:03.589073,2,true,2026-08-31T06:24:21.118500,,0,0,0,0,0,0
413,0000029534,DOLLAR GENERAL CORP,2016,0001047469-16-011420,false,false,true,99,3,Naomi Ichiriu; Yesenia Garcia,Naomi Ichiriu=done; Yesenia Garcia=done,Naomi Ichiriu=2026-08-11T09:39:37.661961; Yesenia Garcia=2026-08-31T05:45:05.396829,2,true,2026-08-31T12:51:35.429070,,0,0,0,0,0,0
415,0000029534,DOLLAR GENERAL CORP,2017,0001558370-17-002116,false,false,true,71,4,Naomi Ichiriu; Yesenia Garcia,Naomi Ichiriu=done; Yesenia Garcia=done,Naomi Ichiriu=2026-08-11T09:41:28.675528; Yesenia Garcia=2026-08-31T05:45:07.640685,2,true,2026-08-31T06:24:19.120731,,0,0,0,0,0,0
416,0000029534,DOLLAR GENERAL CORP,2018,0001558370-18-002366,false,false,true,156,4,Naomi Ichiriu; Yesenia Garcia,Naomi Ichiriu=done; Yesenia Garcia=done,Naomi Ichiriu=2026-08-11T09:41:45.635800; Yesenia Garcia=2026-08-31T05:45:09.356558,2,true,2026-08-31T06:24:13.515021,,0,0,0,0,0,0
417,0000029534,DOLLAR GENERAL CORP,2019,0001558370-19-002383,false,false,true,46,1,Naomi Ichiriu; Yesenia Garcia,Naomi Ichiriu=done; Yesenia Garcia=done,Naomi Ichiriu=2026-08-11T09:41:54.925750; Yesenia Garcia=2026-08-31T05:45:11.056012,2,true,2026-08-31T06:24:05.012878,,0,0,0,0,0,0
418,0000029534,DOLLAR GENERAL CORP,2020,0001558370-20-002915,false,false,true,47,1,Naomi Ichiriu; Yesenia Garcia,Naomi Ichiriu=done; Yesenia Garcia=done,Naomi Ichiriu=2026-08-11T09:42:01.211121; Yesenia Garcia=2026-08-31T05:45:12.675923,2,true,2026-08-31T06:24:01.811555,,0,0,0,0,0,0
419,0000029534,DOLLAR GENERAL CORP,2021,0001558370-21-003245,false,false,true,176,2,Naomi Ichiriu; Yesenia Garcia,Naomi Ichiriu=done; Yesenia Garcia=done,Naomi Ichiriu=2026-08-11T09:42:16.112781; Yesenia Garcia=2026-08-31T05:45:14.208923,2,true,2026-08-31T06:23:59.379995,,0,0,0,0,0,0
420,0000029534,DOLLAR GENERAL CORP,2022,0001558370-22-003921,false,false,true,184,2,Naomi Ichiriu; Yesenia Garcia,Naomi Ichiriu=done; Yesenia Garcia=done,Naomi Ichiriu=2026-08-11T09:42:31.664779; Yesenia Garcia=2026-08-31T05:45:15.833054,2,true,2026-08-31T12:51:32.311948,,0,0,0,0,0,0
421,0000029534,DOLLAR GENERAL CORP,2023,0001558370-23-004574,false,false,true,49,1,Naomi Ichiriu; Yesenia Garcia,Naomi Ichiriu=done; Yesenia Garcia=done,Naomi Ichiriu=2026-08-11T09:42:37.779673; Yesenia Garcia=2026-08-31T05:45:17.626891,2,true,2026-08-31T06:23:56.130247,,0,0,0,0,0,0
422,0000029534,DOLLAR GENERAL CORP,2024,0001558370-24-003813,false,false,true,85,12,Naomi Ichiriu; Yesenia Garcia,Naomi Ichiriu=done; Yesenia Garcia=done,Naomi Ichiriu=2026-08-11T09:42:48.721953; Yesenia Garcia=2026-08-31T05:45:19.247623,2,true,2026-08-31T06:23:52.796322,,0,0,0,0,0,0
423,0000029534,DOLLAR GENERAL CORP,2025,0001558370-25-003413,false,false,true,226,15,Naomi Ichiriu; Yesenia Garcia,Naomi Ichiriu=done; Yesenia Garcia=done,Naomi Ichiriu=2026-08-11T09:43:43.065192; Yesenia Garcia=2026-08-31T05:46:44.654023,2,true,2026-09-30T18:49:50.655930,,7,1,0,4,0,6
414,0000029534,DOLLAR GENERAL CORP,2026,0001104659-26-032325,false,false,false,289,17,Naomi Ichiriu; Yesenia Garcia,Naomi Ichiriu=done; Yesenia Garcia=done,Naomi Ichiriu=2026-08-11T15:53:39.460033; Yesenia Garcia=2026-08-31T05:47:41.802965,2,false,,,11,2,3,1,0,4
3346,0000935703,"DOLLAR TREE, INC.",2019,0000935703-19-000024,false,false,true,44,1,Naomi Ichiriu; Akshitha Venkataraman,Naomi Ichiriu=done; Akshitha Venkataraman=done,Naomi Ichiriu=2026-09-09T01:31:20.391959; Akshitha Venkataraman=2026-09-30T05:30:28.236569,2,true,2026-09-30T05:30:41.265989,,0,0,0,0,0,0
3348,0000935703,"DOLLAR TREE, INC.",2021,0000935703-21-000014,false,false,false,49,1,Naomi Ichiriu,Naomi Ichiriu=done,Naomi Ichiriu=2026-09-09T01:31:24.807529,2,false,,,0,0,0,0,0,0
3349,0000935703,"DOLLAR TREE, INC.",2022,0000935703-22-000020,false,false,false,50,1,Naomi Ichiriu,Naomi Ichiriu=done,Naomi Ichiriu=2026-09-09T01:31:30.198280,2,false,,,0,0,0,0,0,0
3350,0000935703,"DOLLAR TREE, INC.",2023,0000935703-23-000016,false,false,false,48,1,Naomi Ichiriu,Naomi Ichiriu=done,Naomi Ichiriu=2026-09-09T01:31:37.541625,2,false,,,0,0,0,0,0,0
3351,0000935703,"DOLLAR TREE, INC.",2024,0000935703-24-000011,false,false,false,221,28,Naomi Ichiriu,Naomi Ichiriu=done,Naomi Ichiriu=2026-09-09T01:32:26.281790,2,false,,,1,1,0,0,0,0
3352,0000935703,"DOLLAR TREE, INC.",2025,0000935703-25-000015,false,false,false,233,29,Naomi Ichiriu,Naomi Ichiriu=done,Naomi Ichiriu=2026-09-09T01:32:45.199878,2,false,,,1,1,0,0,0,0
3353,0000935703,"DOLLAR TREE, INC.",2026,0000935703-26-000025,false,false,false,279,40,Naomi Ichiriu,Naomi Ichiriu=done,Naomi Ichiriu=2026-09-09T01:35:23.599152,2,false,,,10,10,0,0,0,0
2157,0001286681,DOMINOS PIZZA INC,2017,0001193125-17-060262,false,false,true,66,1,Akshitha Venkataraman; Naomi Ichiriu,Akshitha Venkataraman=done; Naomi Ichiriu=done,Akshitha Venkataraman=2026-08-17T14:10:12.591630; Naomi Ichiriu=2026-07-22T07:27:28.709072,2,true,2026-08-17T14:55:16.696106,,0,0,0,0,0,0
2156,0001286681,DOMINOS PIZZA INC,2018,0001193125-18-049576,false,false,true,68,1,Akshitha Venkataraman; Naomi Ichiriu,Akshitha Venkataraman=done; Naomi Ichiriu=done,Akshitha Venkataraman=2026-08-17T14:10:15.022040; Naomi Ichiriu=2026-07-22T07:27:23.067827,2,true,2026-08-17T14:55:20.718199,,0,0,0,0,0,0
2159,0001286681,DOMINOS PIZZA INC,2019,0001193125-19-046191,false,false,true,37,1,Akshitha Venkataraman; Naomi Ichiriu,Akshitha Venkataraman=done; Naomi Ichiriu=done,Akshitha Venkataraman=2026-08-17T14:10:17.406791; Naomi Ichiriu=2026-07-22T07:27:34.211219,2,true,2026-08-17T14:55:23.622275,,0,0,0,0,0,0
2160,0001286681,DOMINOS PIZZA INC,2020,0001193125-20-042675,false,false,true,38,1,Akshitha Venkataraman; Naomi Ichiriu,Akshitha Venkataraman=done; Naomi Ichiriu=done,Akshitha Venkataraman=2026-08-17T14:10:19.617099; Naomi Ichiriu=2026-07-22T07:28:00.414552,2,true,2026-08-17T14:55:26.743405,,0,0,0,0,0,0
2161,0001286681,DOMINOS PIZZA INC,2021,0001193125-21-055734,false,false,true,64,2,Naomi Ichiriu; Akshitha Venkataraman,Naomi Ichiriu=done; Akshitha Venkataraman=done,Naomi Ichiriu=2026-07-22T07:28:07.636535; Akshitha Venkataraman=2026-08-17T14:10:21.828580,2,true,2026-08-17T14:55:29.093664,,0,0,0,0,0,0
2162,0001286681,DOMINOS PIZZA INC,2022,0000950170-22-002426,false,false,true,61,2,Akshitha Venkataraman; Naomi Ichiriu,Akshitha Venkataraman=done; Naomi Ichiriu=done,Akshitha Venkataraman=2026-08-17T14:10:23.841235; Naomi Ichiriu=2026-07-22T07:28:23.802736,2,true,2026-08-17T14:55:31.740223,,0,0,0,0,0,0
2163,0001286681,DOMINOS PIZZA INC,2023,0000950170-23-003938,false,false,true,61,2,Akshitha Venkataraman; Naomi Ichiriu,Akshitha Venkataraman=done; Naomi Ichiriu=done,Akshitha Venkataraman=2026-08-17T14:10:26.083066; Naomi Ichiriu=2026-07-22T07:28:32.919123,2,true,2026-08-17T14:55:34.443710,,0,0,0,0,0,0
2164,0001286681,DOMINOS PIZZA INC,2024,0000950170-24-019725,false,false,false,148,61,Akshitha Venkataraman; Naomi Ichiriu,Akshitha Venkataraman=done; Naomi Ichiriu=done,Akshitha Venkataraman=2026-08-17T14:23:43.786833; Naomi Ichiriu=2026-07-22T07:32:24.417893,2,false,,,4,2,1,1,0,1
2166,0001286681,DOMINOS PIZZA INC,2025,0000950170-25-025223,false,false,false,160,65,Akshitha Venkataraman; Naomi Ichiriu,Akshitha Venkataraman=done; Naomi Ichiriu=done,Akshitha Venkataraman=2026-08-17T14:24:35.813994; Naomi Ichiriu=2026-07-22T07:31:22.777155,2,false,,,4,1,2,1,0,3
2165,0001286681,DOMINOS PIZZA INC,2026,0001193125-26-062321,false,false,false,255,104,Akshitha Venkataraman; Naomi Ichiriu,Akshitha Venkataraman=done; Naomi Ichiriu=in_progress,Akshitha Venkataraman=2026-08-17T14:30:23.635275; Naomi Ichiriu=,2,false,,,7,0,7,0,0,0
1649,0001792789,"DoorDash, Inc.",2021,0001628280-21-004032,false,false,true,983,8,Naomi Ichiriu; Yesenia Garcia,Naomi Ichiriu=done; Yesenia Garcia=done,Naomi Ichiriu=2026-07-14T01:52:20.860627; Yesenia Garcia=2026-08-09T23:47:24.802977,2,true,2026-08-10T07:27:43.895298,,0,0,0,0,0,0
1650,0001792789,"DoorDash, Inc.",2022,0001628280-22-004350,false,false,true,714,6,Naomi Ichiriu; Yesenia Garcia,Naomi Ichiriu=done; Yesenia Garcia=done,Naomi Ichiriu=2026-07-14T01:52:56.149070; Yesenia Garcia=2026-08-09T23:47:39.387276,2,true,2026-08-10T07:27:39.476096,,0,0,0,0,0,0
1651,0001792789,"DoorDash, Inc.",2023,0001628280-23-005131,false,false,true,708,12,Naomi Ichiriu; Yesenia Garcia,Naomi Ichiriu=done; Yesenia Garcia=done,Naomi Ichiriu=2026-07-14T01:55:48.339880; Yesenia Garcia=2026-08-09T23:47:48.293877,2,true,2026-08-10T07:27:34.868249,,0,0,0,0,0,0
1652,0001792789,"DoorDash, Inc.",2024,0001628280-24-005600,false,false,true,678,286,Naomi Ichiriu; Yesenia Garcia,Naomi Ichiriu=done; Yesenia Garcia=done,Naomi Ichiriu=2026-07-14T01:58:36.557777; Yesenia Garcia=2026-08-09T23:55:26.044861,2,true,2026-08-11T07:16:45.632270,,7,3,0,4,0,7
1653,0001792789,"DoorDash, Inc.",2025,0001628280-25-005715,false,false,true,871,298,Naomi Ichiriu; Yesenia Garcia,Naomi Ichiriu=done; Yesenia Garcia=done,Naomi Ichiriu=2026-07-14T02:01:32.708493; Yesenia Garcia=2026-08-10T00:10:47.960322,2,true,2026-08-11T07:16:15.437019,,8,3,0,5,0,7
1654,0001792789,"DoorDash, Inc.",2026,0001792789-26-000013,false,false,true,897,343,Naomi Ichiriu; Yesenia Garcia,Naomi Ichiriu=done; Yesenia Garcia=done,Naomi Ichiriu=2026-08-10T07:17:46.612149; Yesenia Garcia=2026-08-10T00:17:18.590965,2,true,2026-08-11T07:15:33.970277,,12,4,0,8,0,11
426,0000029905,DOVER Corp,2017,0000029905-17-000011,false,false,false,56,3,,,,0,false,,,0,0,0,0,0,0
427,0000029905,DOVER Corp,2018,0000029905-18-000013,false,false,false,110,5,,,,0,false,,,0,0,0,0,0,0
428,0000029905,DOVER Corp,2019,0000029905-19-000019,false,false,false,219,8,,,,0,false,,,0,0,0,0,0,0
429,0000029905,DOVER Corp,2020,0000029905-20-000011,false,false,false,113,7,,,,0,false,,,0,0,0,0,0,0
430,0000029905,DOVER Corp,2021,0000029905-21-000010,false,false,false,348,10,,,,0,false,,,0,0,0,0,0,0
431,0000029905,DOVER Corp,2022,0000029905-22-000009,false,false,false,346,10,,,,0,false,,,0,0,0,0,0,0
432,0000029905,DOVER Corp,2023,0000029905-23-000008,false,false,false,349,10,,,,0,false,,,0,0,0,0,0,0
433,0000029905,DOVER Corp,2024,0000029905-24-000008,false,false,false,413,30,,,,0,false,,,0,0,0,0,0,0
434,0000029905,DOVER Corp,2025,0000029905-25-000006,false,false,false,784,38,,,,0,false,,,0,0,0,0,0,0
435,0000029905,DOVER Corp,2026,0000029905-26-000009,false,false,false,759,43,,,,0,false,,,0,0,0,0,0,0
2173,0000936340,DTE ENERGY CO,2022,0000936340-22-000077,false,false,true,44,1,Naomi Ichiriu; Akshitha Venkataraman,Naomi Ichiriu=done; Akshitha Venkataraman=done,Naomi Ichiriu=2026-07-22T07:36:01.359498; Akshitha Venkataraman=2026-08-02T18:06:54.274101,2,true,2026-08-04T20:43:39.399392,,0,0,0,0,0,0
2174,0000936340,DTE ENERGY CO,2023,0000936340-23-000073,false,false,true,49,1,Naomi Ichiriu; Akshitha Venkataraman,Naomi Ichiriu=done; Akshitha Venkataraman=done,Naomi Ichiriu=2026-07-22T07:36:07.800063; Akshitha Venkataraman=2026-08-02T18:07:00.506399,2,true,2026-08-04T20:43:47.465143,,0,0,0,0,0,0
2175,0000936340,DTE ENERGY CO,2024,0000936340-24-000076,false,false,true,108,20,Naomi Ichiriu; Akshitha Venkataraman,Naomi Ichiriu=done; Akshitha Venkataraman=done,Naomi Ichiriu=2026-07-22T07:36:20.763070; Akshitha Venkataraman=2026-08-02T18:07:10.975697,2,true,2026-08-04T20:44:05.322689,,0,0,0,0,0,0
2176,0000936340,DTE ENERGY CO,2025,0000936340-25-000065,false,false,true,112,22,Naomi Ichiriu; Akshitha Venkataraman,Naomi Ichiriu=done; Akshitha Venkataraman=done,Naomi Ichiriu=2026-07-22T07:36:36.684368; Akshitha Venkataraman=2026-08-02T18:07:58.323462,2,true,2026-08-04T20:44:08.514615,,0,0,0,0,0,0
2435,0000936340,DTE ENERGY CO,2026,0000936340-26-000054,false,false,true,505,26,Naomi Ichiriu; Akshitha Venkataraman,Naomi Ichiriu=done; Akshitha Venkataraman=done,Naomi Ichiriu=2026-08-04T20:45:34.806427; Akshitha Venkataraman=2026-08-02T18:08:44.060359,2,true,2026-08-08T01:00:31.124735,,1,1,0,0,0,0
1663,0001326160,Duke Energy CORP,2019,0001326160-19-000057,false,false,true,63,5,Yesenia Garcia; Naomi Ichiriu,Yesenia Garcia=done; Naomi Ichiriu=done,Yesenia Garcia=2026-08-03T08:30:26.875468; Naomi Ichiriu=2026-07-14T02:26:04.704589,2,true,2026-08-04T21:14:09.022399,,0,0,0,0,0,0
1662,0001326160,Duke Energy CORP,2020,0001326160-20-000034,false,false,true,60,5,Naomi Ichiriu; Yesenia Garcia,Naomi Ichiriu=done; Yesenia Garcia=done,Naomi Ichiriu=2026-07-14T02:26:15.238185; Yesenia Garcia=2026-08-03T08:30:39.782881,2,true,2026-08-04T21:14:11.350039,,0,0,0,0,0,0
1665,0001326160,Duke Energy CORP,2021,0001326160-21-000063,false,false,true,135,5,Yesenia Garcia; Naomi Ichiriu,Yesenia Garcia=done; Naomi Ichiriu=done,Yesenia Garcia=2026-08-03T08:30:49.674742; Naomi Ichiriu=2026-07-14T02:26:29.351620,2,true,2026-08-04T21:14:14.274615,,0,0,0,0,0,0
1666,0001326160,Duke Energy CORP,2022,0001326160-22-000072,false,false,true,141,6,Naomi Ichiriu; Yesenia Garcia,Naomi Ichiriu=done; Yesenia Garcia=done,Naomi Ichiriu=2026-07-14T02:25:25.952901; Yesenia Garcia=2026-08-03T08:30:58.783862,2,true,2026-08-04T21:14:17.815353,,0,0,0,0,0,0
1668,0001326160,Duke Energy CORP,2023,0001326160-23-000073,false,false,true,244,8,Yesenia Garcia; Naomi Ichiriu,Yesenia Garcia=done; Naomi Ichiriu=done,Yesenia Garcia=2026-08-03T08:31:06.787864; Naomi Ichiriu=2026-07-14T02:31:27.368047,2,true,2026-08-04T21:14:21.168770,,0,0,0,0,0,0
1669,0001326160,Duke Energy CORP,2024,0001326160-24-000037,false,false,true,303,37,Yesenia Garcia; Naomi Ichiriu,Yesenia Garcia=done; Naomi Ichiriu=done,Yesenia Garcia=2026-08-03T08:31:14.691516; Naomi Ichiriu=2026-07-14T02:31:42.370624,2,true,2026-08-04T21:14:25.277323,,0,0,0,0,0,0
1670,0001326160,Duke Energy CORP,2025,0001326160-25-000072,false,false,true,334,38,Naomi Ichiriu; Yesenia Garcia,Naomi Ichiriu=done; Yesenia Garcia=done,Naomi Ichiriu=2026-07-14T02:32:54.649294; Yesenia Garcia=2026-08-03T08:31:39.722627,2,true,2026-09-30T15:40:55.105362,,1,0,0,1,0,2
1661,0001326160,Duke Energy CORP,2026,0001326160-26-000014,false,false,true,512,138,Yesenia Garcia; Naomi Ichiriu,Yesenia Garcia=done; Naomi Ichiriu=done,Yesenia Garcia=2026-08-03T08:38:51.505781; Naomi Ichiriu=2026-08-10T07:32:16.328548,2,true,2026-09-21T02:44:08.317364,,11,0,0,11,0,17
1671,0001666700,"DuPont de Nemours, Inc.",2018,0001666700-18-000009,false,false,true,43,1,Yesenia Garcia; Naomi Ichiriu,Yesenia Garcia=done; Naomi Ichiriu=done,Yesenia Garcia=2026-08-06T05:43:56.790489; Naomi Ichiriu=2026-07-14T02:45:32.396890,2,true,2026-08-08T01:21:54.297044,,0,0,0,0,0,0
1673,0001666700,"DuPont de Nemours, Inc.",2019,0001666700-19-000006,false,false,true,99,3,Yesenia Garcia; Naomi Ichiriu,Yesenia Garcia=done; Naomi Ichiriu=done,Yesenia Garcia=2026-08-06T05:44:04.618283; Naomi Ichiriu=2026-07-14T02:45:45.795514,2,true,2026-08-08T01:21:58.200502,,0,0,0,0,0,0
1674,0001666700,"DuPont de Nemours, Inc.",2020,0001666700-20-000006,false,false,true,52,3,Naomi Ichiriu; Yesenia Garcia,Naomi Ichiriu=done; Yesenia Garcia=done,Naomi Ichiriu=2026-07-14T02:46:06.487880; Yesenia Garcia=2026-08-06T05:44:12.256386,2,true,2026-08-08T01:22:01.081785,,0,0,0,0,0,0
1675,0001666700,"DuPont de Nemours, Inc.",2021,0001666700-21-000005,false,false,true,86,4,Yesenia Garcia; Naomi Ichiriu,Yesenia Garcia=done; Naomi Ichiriu=done,Yesenia Garcia=2026-08-06T05:44:20.634208; Naomi Ichiriu=2026-07-14T02:46:23.238234,2,true,2026-08-08T01:22:06.965310,,0,0,0,0,0,0
1678,0001666700,"DuPont de Nemours, Inc.",2022,0001666700-22-000009,false,false,true,94,5,Yesenia Garcia; Naomi Ichiriu,Yesenia Garcia=done; Naomi Ichiriu=done,Yesenia Garcia=2026-08-06T05:44:28.474389; Naomi Ichiriu=2026-07-14T02:48:20.466896,2,true,2026-08-08T01:22:10.296085,,0,0,0,0,0,0
1679,0001666700,"DuPont de Nemours, Inc.",2023,0001666700-23-000008,false,false,true,151,6,Naomi Ichiriu; Yesenia Garcia,Naomi Ichiriu=done; Yesenia Garcia=done,Naomi Ichiriu=2026-07-14T02:48:29.699826; Yesenia Garcia=2026-08-06T05:44:35.474781,2,true,2026-08-08T01:22:14.332655,,0,0,0,0,0,0
1680,0001666700,"DuPont de Nemours, Inc.",2024,0001666700-24-000008,false,false,true,168,29,Yesenia Garcia; Naomi Ichiriu,Yesenia Garcia=done; Naomi Ichiriu=done,Yesenia Garcia=2026-08-06T05:44:42.220077; Naomi Ichiriu=2026-07-14T02:48:37.223396,2,true,2026-08-08T01:22:19.882659,,0,0,0,0,0,0
1676,0001666700,"DuPont de Nemours, Inc.",2025,0001666700-25-000005,false,false,true,359,45,Naomi Ichiriu; Yesenia Garcia,Naomi Ichiriu=done; Yesenia Garcia=done,Naomi Ichiriu=2026-07-14T02:47:00.843122; Yesenia Garcia=2026-08-06T05:45:03.280516,2,true,2026-08-08T01:22:28.196326,,0,0,0,0,0,0
1677,0001666700,"DuPont de Nemours, Inc.",2026,0001666700-26-000013,false,false,true,153,70,Yesenia Garcia; Naomi Ichiriu,Yesenia Garcia=done; Naomi Ichiriu=done,Yesenia Garcia=2026-08-06T05:45:17.499000; Naomi Ichiriu=2026-07-14T02:47:27.497352,2,true,2026-08-08T01:22:31.468150,,0,0,0,0,0,0
1687,0001551182,Eaton Corp plc,2021,0001551182-21-000022,false,false,true,,,Naomi Ichiriu; Yesenia Garcia,Naomi Ichiriu=done; Yesenia Garcia=done,Naomi Ichiriu=2026-07-14T02:50:42.170030; Yesenia Garcia=2026-07-18T04:19:49.815223,2,true,2026-07-24T06:28:09.583773,,0,0,0,0,0,0
1688,0001551182,Eaton Corp plc,2022,0001551182-22-000004,false,false,true,,,Naomi Ichiriu; Yesenia Garcia,Naomi Ichiriu=done; Yesenia Garcia=done,Naomi Ichiriu=2026-07-14T02:50:57.935786; Yesenia Garcia=2026-07-18T04:19:58.431429,2,true,2026-07-24T06:28:13.239755,,0,0,0,0,0,0
1689,0001551182,Eaton Corp plc,2023,0001551182-23-000004,false,false,true,,,Naomi Ichiriu; Yesenia Garcia,Naomi Ichiriu=done; Yesenia Garcia=done,Naomi Ichiriu=2026-07-14T02:51:15.451022; Yesenia Garcia=2026-07-18T04:20:09.121079,2,true,2026-07-24T06:28:16.823782,,0,0,0,0,0,0
1657,0001551182,Eaton Corp plc,2024,0001551182-24-000006,false,false,true,,,Naomi Ichiriu; Yesenia Garcia,Naomi Ichiriu=done; Yesenia Garcia=done,Naomi Ichiriu=2026-07-14T02:33:54.230045; Yesenia Garcia=2026-07-18T04:20:49.047148,2,true,2026-07-24T06:28:23.439676,,0,0,0,0,0,0
1690,0001551182,Eaton Corp plc,2025,0001551182-25-000006,false,false,true,,,Naomi Ichiriu; Yesenia Garcia,Naomi Ichiriu=done; Yesenia Garcia=done,Naomi Ichiriu=2026-07-14T02:51:52.388518; Yesenia Garcia=2026-07-18T04:21:24.401105,2,true,2026-07-24T06:28:28.533946,,0,0,0,0,0,0
1691,0001551182,Eaton Corp plc,2026,0001551182-26-000007,false,false,true,4495,85,Naomi Ichiriu; Yesenia Garcia,Naomi Ichiriu=done; Yesenia Garcia=done,Naomi Ichiriu=2026-07-14T02:52:00.321227; Yesenia Garcia=2026-07-18T04:26:46.170881,2,true,2026-07-24T06:40:34.010034,,10,0,0,8,0,8
2177,0001415404,EchoStar CORP,2015,0001047469-15-000972,false,false,false,135,1,Yesenia Garcia; Naomi Ichiriu,Yesenia Garcia=done; Naomi Ichiriu=done,Yesenia Garcia=2026-08-03T09:43:31.762867; Naomi Ichiriu=2026-07-22T07:37:46.022131,2,true,2026-09-21T04:27:01.200928,,0,0,0,0,0,0
2180,0001415404,EchoStar CORP,2018,0001415404-18-000005,false,false,true,139,2,Yesenia Garcia; Naomi Ichiriu,Yesenia Garcia=done; Naomi Ichiriu=done,Yesenia Garcia=2026-08-03T09:43:37.881112; Naomi Ichiriu=2026-07-22T07:38:33.947686,2,true,2026-08-04T21:17:15.185526,,0,0,0,0,0,0
2182,0001415404,EchoStar CORP,2019,0001415404-19-000003,false,false,true,220,13,Yesenia Garcia; Naomi Ichiriu,Yesenia Garcia=done; Naomi Ichiriu=done,Yesenia Garcia=2026-08-03T09:44:20.199582; Naomi Ichiriu=2026-07-22T07:38:47.069630,2,true,2026-08-04T21:17:18.489559,,0,0,0,0,0,0
2183,0001415404,EchoStar CORP,2020,0001415404-20-000005,false,false,true,193,13,Yesenia Garcia; Naomi Ichiriu,Yesenia Garcia=done; Naomi Ichiriu=done,Yesenia Garcia=2026-08-03T09:44:28.476110; Naomi Ichiriu=2026-07-22T07:40:02.524217,2,true,2026-08-04T21:17:21.423754,,0,0,0,0,0,0
2184,0001415404,EchoStar CORP,2021,0001415404-21-000005,false,false,true,559,13,Yesenia Garcia; Naomi Ichiriu,Yesenia Garcia=done; Naomi Ichiriu=done,Yesenia Garcia=2026-08-03T09:44:39.978202; Naomi Ichiriu=2026-07-22T07:40:14.923425,2,true,2026-08-04T21:17:24.683665,,0,0,0,0,0,0
2185,0001415404,EchoStar CORP,2022,0001415404-22-000005,false,false,true,482,5,Yesenia Garcia; Naomi Ichiriu,Yesenia Garcia=done; Naomi Ichiriu=done,Yesenia Garcia=2026-08-03T09:44:53.834406; Naomi Ichiriu=2026-07-22T07:40:30.303783,2,true,2026-08-04T21:17:27.323777,,0,0,0,0,0,0
2188,0001415404,EchoStar CORP,2023,0001415404-23-000005,false,false,true,76,3,Yesenia Garcia; Naomi Ichiriu,Yesenia Garcia=done; Naomi Ichiriu=done,Yesenia Garcia=2026-08-03T09:45:02.088616; Naomi Ichiriu=2026-07-22T07:42:24.208076,2,true,2026-08-04T21:17:29.713318,,0,0,0,0,0,0
2187,0001415404,EchoStar CORP,2024,0001558370-24-002209,false,false,true,504,19,Yesenia Garcia; Naomi Ichiriu,Yesenia Garcia=done; Naomi Ichiriu=done,Yesenia Garcia=2026-08-03T09:45:35.926910; Naomi Ichiriu=2026-07-22T07:43:01.917636,2,true,2026-08-04T21:17:34.286990,,1,1,0,0,0,0
2189,0001415404,EchoStar CORP,2025,0001558370-25-001663,false,false,true,1572,25,Yesenia Garcia; Naomi Ichiriu,Yesenia Garcia=done; Naomi Ichiriu=done,Yesenia Garcia=2026-08-03T09:46:04.338353; Naomi Ichiriu=2026-07-22T07:42:13.592556,2,true,2026-09-21T04:26:54.462648,,2,1,0,1,0,1
2186,0001415404,EchoStar CORP,2026,0001104659-26-021817,false,false,true,1066,24,Yesenia Garcia; Naomi Ichiriu,Yesenia Garcia=done; Naomi Ichiriu=done,Yesenia Garcia=2026-09-21T04:27:53.293860; Naomi Ichiriu=2026-08-10T07:35:37.810236,2,true,2026-09-30T18:03:25.496314,,2,1,0,1,0,1
448,0000031462,ECOLAB INC.,2015,0001104659-15-014788,false,false,false,243,1,Akshitha Venkataraman; Yesenia Garcia,Akshitha Venkataraman=done; Yesenia Garcia=done,Akshitha Venkataraman=2026-08-17T14:31:04.668057; Yesenia Garcia=2026-08-10T00:23:32.331699,2,true,2026-09-27T01:46:52.158273,,0,0,0,0,0,0
450,0000031462,ECOLAB INC.,2016,0001558370-16-003581,false,false,false,360,2,Akshitha Venkataraman; Yesenia Garcia,Akshitha Venkataraman=done; Yesenia Garcia=done,Akshitha Venkataraman=2026-08-17T14:31:07.220041; Yesenia Garcia=2026-08-10T00:23:39.607724,2,true,2026-09-27T01:47:23.838817,,0,0,0,0,0,0
451,0000031462,ECOLAB INC.,2017,0001558370-17-000944,false,false,false,307,2,Akshitha Venkataraman; Yesenia Garcia,Akshitha Venkataraman=done; Yesenia Garcia=done,Akshitha Venkataraman=2026-08-17T14:31:09.383154; Yesenia Garcia=2026-08-10T00:23:50.235824,2,true,2026-09-27T01:47:23.915155,,0,0,0,0,0,0
452,0000031462,ECOLAB INC.,2018,0001558370-18-000999,false,false,false,364,2,Akshitha Venkataraman; Yesenia Garcia,Akshitha Venkataraman=done; Yesenia Garcia=done,Akshitha Venkataraman=2026-08-17T14:31:11.624491; Yesenia Garcia=2026-08-10T00:23:57.788443,2,true,2026-09-27T01:47:23.746881,,0,0,0,0,0,0
453,0000031462,ECOLAB INC.,2019,0001558370-19-001379,false,false,false,338,2,Akshitha Venkataraman; Yesenia Garcia,Akshitha Venkataraman=done; Yesenia Garcia=done,Akshitha Venkataraman=2026-08-17T14:31:14.066363; Yesenia Garcia=2026-08-10T00:24:05.791687,2,true,2026-09-27T01:47:23.917494,,0,0,0,0,0,0
454,0000031462,ECOLAB INC.,2020,0001558370-20-001788,false,false,false,485,3,Akshitha Venkataraman; Yesenia Garcia,Akshitha Venkataraman=done; Yesenia Garcia=done,Akshitha Venkataraman=2026-08-17T14:31:16.243720; Yesenia Garcia=2026-08-10T00:24:15.653004,2,true,2026-09-27T01:47:23.860372,,0,0,0,0,0,0
455,0000031462,ECOLAB INC.,2021,0001558370-21-001916,false,false,false,1161,5,Akshitha Venkataraman; Yesenia Garcia,Akshitha Venkataraman=done; Yesenia Garcia=done,Akshitha Venkataraman=2026-08-17T14:31:19.050839; Yesenia Garcia=2026-08-10T00:24:28.438775,2,true,2026-09-27T01:47:25.833760,,0,0,0,0,0,0
456,0000031462,ECOLAB INC.,2022,0001558370-22-002059,false,false,false,1156,5,Akshitha Venkataraman; Yesenia Garcia,Akshitha Venkataraman=done; Yesenia Garcia=done,Akshitha Venkataraman=2026-08-17T14:31:21.335440; Yesenia Garcia=2026-08-10T00:24:37.887064,2,true,2026-09-27T01:47:23.969391,,0,0,0,0,0,0
457,0000031462,ECOLAB INC.,2023,0001558370-23-001969,false,false,false,1030,5,Akshitha Venkataraman; Yesenia Garcia,Akshitha Venkataraman=done; Yesenia Garcia=done,Akshitha Venkataraman=2026-08-17T14:31:23.842771; Yesenia Garcia=2026-08-10T00:24:48.234288,2,true,2026-09-27T01:47:40.166240,,0,0,0,0,0,0
458,0000031462,ECOLAB INC.,2024,0001558370-24-001581,false,false,false,284,33,Akshitha Venkataraman; Yesenia Garcia,Akshitha Venkataraman=done; Yesenia Garcia=done,Akshitha Venkataraman=2026-08-17T14:36:28.906809; Yesenia Garcia=2026-08-10T00:25:23.242786,2,true,2026-09-27T01:47:49.094457,,1,1,0,0,0,0
459,0000031462,ECOLAB INC.,2025,0001558370-25-001263,false,false,false,333,52,Akshitha Venkataraman; Yesenia Garcia,Akshitha Venkataraman=done; Yesenia Garcia=done,Akshitha Venkataraman=2026-08-17T14:41:42.732821; Yesenia Garcia=2026-08-10T00:50:39.490360,2,false,,,19,10,8,1,0,9
449,0000031462,ECOLAB INC.,2026,0001104659-26-018357,false,false,false,621,56,Akshitha Venkataraman; Yesenia Garcia,Akshitha Venkataraman=done; Yesenia Garcia=done,Akshitha Venkataraman=2026-08-17T14:44:21.116978; Yesenia Garcia=2026-08-10T01:00:09.017930,2,false,,,20,10,8,2,0,10
4274,0000827052,EDISON INTERNATIONAL,2016,0000827052-16-000222,false,false,false,2020,2,Amali Oakley; Joseline Viveros,Amali Oakley=done; Joseline Viveros=done,Amali Oakley=2026-09-24T04:35:44.978640; Joseline Viveros=2026-09-26T06:00:12.849243,2,true,2026-09-26T06:00:19.508487,,0,0,0,0,0,0
4275,0000827052,EDISON INTERNATIONAL,2017,0000827052-17-000033,false,false,false,1992,3,Amali Oakley; Joseline Viveros,Amali Oakley=done; Joseline Viveros=done,Amali Oakley=2026-09-24T04:39:23.406256; Joseline Viveros=2026-09-26T06:01:53.433206,2,true,2026-09-26T06:01:59.312435,,0,0,0,0,0,0
4276,0000827052,EDISON INTERNATIONAL,2018,0000827052-18-000046,false,false,false,2213,4,Amali Oakley; Joseline Viveros,Amali Oakley=done; Joseline Viveros=done,Amali Oakley=2026-09-24T04:39:56.984861; Joseline Viveros=2026-09-26T06:03:21.729813,2,true,2026-09-26T06:03:26.862662,,0,0,0,0,0,0
4316,0000827052,EDISON INTERNATIONAL,2019,0000827052-19-000034,false,false,false,2314,4,Joseline Viveros; Amali Oakley,Joseline Viveros=done; Amali Oakley=done,Joseline Viveros=2026-09-26T06:05:34.919003; Amali Oakley=2026-09-28T03:17:36.987549,2,true,2026-09-28T03:18:40.835753,,0,0,0,0,0,0
4317,0000827052,EDISON INTERNATIONAL,2020,0000827052-20-000026,false,false,false,437,5,Joseline Viveros; Amali Oakley,Joseline Viveros=done; Amali Oakley=done,Joseline Viveros=2026-09-26T06:06:26.742570; Amali Oakley=2026-09-28T03:18:19.361950,2,true,2026-09-28T03:18:24.761125,,0,0,0,0,0,0
4329,0000827052,EDISON INTERNATIONAL,2021,0000827052-21-000019,false,false,false,6175,8,Joseline Viveros; Amali Oakley,Joseline Viveros=done; Amali Oakley=done,Joseline Viveros=2026-09-27T01:50:34.690579; Amali Oakley=2026-09-28T03:19:58.601603,2,true,2026-09-28T03:20:05.745844,,0,0,0,0,0,0
4330,0000827052,EDISON INTERNATIONAL,2022,0000827052-22-000006,false,false,false,11609,8,Joseline Viveros; Amali Oakley,Joseline Viveros=done; Amali Oakley=done,Joseline Viveros=2026-09-27T01:53:14.123030; Amali Oakley=2026-09-28T03:21:37.238382,2,true,2026-09-28T03:21:42.489471,,0,0,0,0,0,0
4331,0000827052,EDISON INTERNATIONAL,2023,0000827052-23-000010,false,false,false,11744,9,Joseline Viveros; Amali Oakley,Joseline Viveros=done; Amali Oakley=done,Joseline Viveros=2026-09-27T01:55:13.909161; Amali Oakley=2026-09-28T03:22:23.256473,2,true,2026-09-28T03:22:30.377979,,0,0,0,0,0,0
4332,0000827052,EDISON INTERNATIONAL,2024,0000827052-24-000013,false,false,false,12065,38,Joseline Viveros; Amali Oakley,Joseline Viveros=done; Amali Oakley=done,Joseline Viveros=2026-09-27T01:58:47.927104; Amali Oakley=2026-09-28T03:24:07.818353,2,false,,,1,0,1,0,0,1
4333,0000827052,EDISON INTERNATIONAL,2025,0000827052-25-000022,false,false,false,6450,37,Joseline Viveros; Amali Oakley,Joseline Viveros=done; Amali Oakley=done,Joseline Viveros=2026-09-27T02:02:06.997313; Amali Oakley=2026-09-28T03:27:00.840183,2,false,,,1,0,1,0,0,0
4277,0000827052,EDISON INTERNATIONAL,2026,0000827052-26-000012,false,false,false,6609,38,Amali Oakley; Joseline Viveros,Amali Oakley=done; Joseline Viveros=done,Amali Oakley=2026-09-28T03:29:07.135959; Joseline Viveros=2026-09-27T02:04:55.550530,2,false,,,1,0,1,0,0,0
1378,0001099800,Edwards Lifesciences Corp,2017,0001099800-17-000008,false,false,false,82,2,Yesenia Garcia; Akshitha Venkataraman,Yesenia Garcia=done; Akshitha Venkataraman=done,Yesenia Garcia=2026-07-10T21:02:07.183031; Akshitha Venkataraman=2026-07-14T17:18:46.264961,2,true,2026-09-13T02:19:41.331518,,0,0,0,0,0,0
1379,0001099800,Edwards Lifesciences Corp,2018,0001099800-18-000007,false,false,false,69,2,Yesenia Garcia; Akshitha Venkataraman,Yesenia Garcia=done; Akshitha Venkataraman=done,Yesenia Garcia=2026-07-10T21:02:22.727365; Akshitha Venkataraman=2026-07-14T17:19:04.207840,2,true,2026-09-13T02:19:44.012242,,0,0,0,0,0,0
1380,0001099800,Edwards Lifesciences Corp,2019,0001099800-19-000004,false,false,false,385,4,Yesenia Garcia; Akshitha Venkataraman,Yesenia Garcia=done; Akshitha Venkataraman=done,Yesenia Garcia=2026-07-10T21:02:41.988208; Akshitha Venkataraman=2026-07-14T17:19:29.297745,2,true,2026-09-13T02:19:47.358624,,0,0,0,0,0,0
1381,0001099800,Edwards Lifesciences Corp,2020,0001099800-20-000005,false,false,false,52,2,Yesenia Garcia; Akshitha Venkataraman,Yesenia Garcia=done; Akshitha Venkataraman=done,Yesenia Garcia=2026-07-10T21:02:55.887187; Akshitha Venkataraman=2026-07-14T17:19:49.196055,2,true,2026-09-13T02:19:50.050048,,0,0,0,0,0,0
1382,0001099800,Edwards Lifesciences Corp,2021,0001099800-21-000007,false,false,false,46,2,Yesenia Garcia; Akshitha Venkataraman,Yesenia Garcia=done; Akshitha Venkataraman=done,Yesenia Garcia=2026-07-10T21:03:10.632818; Akshitha Venkataraman=2026-07-14T17:20:05.625954,2,true,2026-09-13T02:19:52.486208,,0,0,0,0,0,0
1383,0001099800,Edwards Lifesciences Corp,2022,0001099800-22-000005,false,false,false,304,4,Yesenia Garcia; Akshitha Venkataraman,Yesenia Garcia=done; Akshitha Venkataraman=done,Yesenia Garcia=2026-07-10T21:03:28.970065; Akshitha Venkataraman=2026-07-14T17:20:39.157684,2,true,2026-09-13T02:19:55.630994,,0,0,0,0,0,0
1384,0001099800,Edwards Lifesciences Corp,2023,0001099800-23-000005,false,false,false,49,2,Yesenia Garcia; Akshitha Venkataraman,Yesenia Garcia=done; Akshitha Venkataraman=done,Yesenia Garcia=2026-07-10T21:03:43.381903; Akshitha Venkataraman=2026-07-14T17:20:56.821771,2,true,2026-09-13T02:19:58.325388,,0,0,0,0,0,0
1385,0001099800,Edwards Lifesciences Corp,2024,0001099800-24-000004,false,false,false,141,22,Yesenia Garcia; Akshitha Venkataraman,Yesenia Garcia=done; Akshitha Venkataraman=done,Yesenia Garcia=2026-07-10T21:04:17.815771; Akshitha Venkataraman=2026-07-14T17:21:28.588796,2,true,2026-09-13T02:20:01.481954,,0,0,0,0,0,0
1386,0001099800,Edwards Lifesciences Corp,2025,0001099800-25-000005,false,false,false,148,63,Yesenia Garcia; Akshitha Venkataraman,Yesenia Garcia=done; Akshitha Venkataraman=done,Yesenia Garcia=2026-07-10T21:55:45.490456; Akshitha Venkataraman=2026-07-14T17:22:09.780210,2,false,,,1,0,1,0,0,1
1387,0001099800,Edwards Lifesciences Corp,2026,0001099800-26-000009,false,false,false,188,81,Yesenia Garcia; Akshitha Venkataraman,Yesenia Garcia=done; Akshitha Venkataraman=done,Yesenia Garcia=2026-07-10T22:45:03.328910; Akshitha Venkataraman=2026-07-14T17:25:29.942143,2,false,,,9,3,6,0,0,6
2889,0000712515,ELECTRONIC ARTS INC.,2015,0000712515-15-000033,false,false,false,268,1,Naomi Ichiriu,Naomi Ichiriu=done,Naomi Ichiriu=2026-08-19T15:31:08.115569,2,false,,,0,0,0,0,0,0
2890,0000712515,ELECTRONIC ARTS INC.,2016,0000712515-16-000111,false,false,false,288,1,Naomi Ichiriu,Naomi Ichiriu=done,Naomi Ichiriu=2026-08-19T15:31:13.157872,2,false,,,0,0,0,0,0,0
2891,0000712515,ELECTRONIC ARTS INC.,2017,0000712515-17-000035,false,false,false,351,1,Naomi Ichiriu,Naomi Ichiriu=done,Naomi Ichiriu=2026-08-19T15:31:03.723642,2,false,,,0,0,0,0,0,0
2892,0000712515,ELECTRONIC ARTS INC.,2018,0000712515-18-000024,false,false,false,317,1,Naomi Ichiriu,Naomi Ichiriu=done,Naomi Ichiriu=2026-08-19T15:30:56.922215,2,false,,,0,0,0,0,0,0
2893,0000712515,ELECTRONIC ARTS INC.,2019,0000712515-19-000019,false,false,false,245,2,Naomi Ichiriu,Naomi Ichiriu=done,Naomi Ichiriu=2026-08-19T15:37:59.363893,2,false,,,0,0,0,0,0,0
2894,0000712515,ELECTRONIC ARTS INC.,2020,0000712515-20-000019,false,false,false,196,3,Naomi Ichiriu,Naomi Ichiriu=done,Naomi Ichiriu=2026-08-19T15:30:49.728993,2,false,,,0,0,0,0,0,0
2895,0000712515,ELECTRONIC ARTS INC.,2021,0000712515-21-000064,false,false,false,203,1,Naomi Ichiriu,Naomi Ichiriu=done,Naomi Ichiriu=2026-08-19T15:30:37.944796,2,false,,,0,0,0,0,0,0
2896,0000712515,ELECTRONIC ARTS INC.,2022,0000712515-22-000011,false,false,false,257,8,Naomi Ichiriu,Naomi Ichiriu=done,Naomi Ichiriu=2026-08-19T18:26:36.762248,2,false,,,0,0,0,0,0,0
2897,0000712515,ELECTRONIC ARTS INC.,2023,0000712515-23-000028,false,false,false,381,37,Naomi Ichiriu,Naomi Ichiriu=done,Naomi Ichiriu=2026-08-20T08:34:39.579356,2,false,,,1,1,0,0,0,0
2898,0000712515,ELECTRONIC ARTS INC.,2024,0000712515-24-000023,false,false,false,341,11,Naomi Ichiriu,Naomi Ichiriu=done,Naomi Ichiriu=2026-08-20T08:37:00.501128,2,false,,,2,2,0,0,0,0
2899,0000712515,ELECTRONIC ARTS INC.,2025,0000712515-25-000022,false,false,false,446,18,Naomi Ichiriu,Naomi Ichiriu=done,Naomi Ichiriu=2026-08-20T08:46:03.020230,2,false,,,5,5,0,0,0,0
2900,0000712515,ELECTRONIC ARTS INC.,2026,0001628280-26-033617,false,false,false,448,19,Naomi Ichiriu,Naomi Ichiriu=done,Naomi Ichiriu=2026-08-20T08:51:28.615749,2,false,,,6,6,0,0,0,0
2586,0001156039,"Elevance Health, Inc.",2015,0001156039-15-000003,false,false,false,178,6,Naomi Ichiriu,Naomi Ichiriu=done,Naomi Ichiriu=2026-08-13T07:37:23.534434,2,false,,,0,0,0,0,0,0
2587,0001156039,"Elevance Health, Inc.",2016,0001156039-16-000018,false,false,false,175,6,Naomi Ichiriu,Naomi Ichiriu=done,Naomi Ichiriu=2026-08-13T07:37:36.344069,2,false,,,0,0,0,0,0,0
2588,0001156039,"Elevance Health, Inc.",2017,0001156039-17-000002,false,false,false,172,6,Naomi Ichiriu,Naomi Ichiriu=done,Naomi Ichiriu=2026-08-13T07:37:48.431054,2,false,,,0,0,0,0,0,0
2589,0001156039,"Elevance Health, Inc.",2018,0001156039-18-000003,false,false,false,208,7,Naomi Ichiriu,Naomi Ichiriu=done,Naomi Ichiriu=2026-08-13T07:38:05.756238,2,false,,,0,0,0,0,0,0
2590,0001156039,"Elevance Health, Inc.",2019,0001156039-19-000004,false,false,false,335,8,Naomi Ichiriu,Naomi Ichiriu=done,Naomi Ichiriu=2026-08-13T07:39:09.673533,2,false,,,0,0,0,0,0,0
2591,0001156039,"Elevance Health, Inc.",2020,0001156039-20-000003,false,false,false,301,8,Naomi Ichiriu,Naomi Ichiriu=done,Naomi Ichiriu=2026-08-13T07:39:17.727598,2,false,,,0,0,0,0,0,0
2592,0001156039,"Elevance Health, Inc.",2021,0001156039-21-000012,false,false,false,335,10,Naomi Ichiriu,Naomi Ichiriu=done,Naomi Ichiriu=2026-08-13T07:39:35.835737,2,false,,,0,0,0,0,0,0
2688,0001156039,"Elevance Health, Inc.",2022,0001156039-22-000009,false,false,false,321,10,Naomi Ichiriu,Naomi Ichiriu=done,Naomi Ichiriu=2026-08-13T12:50:48.857103,2,false,,,0,0,0,0,0,0
2689,0001156039,"Elevance Health, Inc.",2023,0001156039-23-000007,false,false,false,320,6,Naomi Ichiriu,Naomi Ichiriu=done,Naomi Ichiriu=2026-08-13T12:50:58.681313,2,false,,,0,0,0,0,0,0
2691,0001156039,"Elevance Health, Inc.",2024,0001156039-24-000015,false,false,false,721,164,Naomi Ichiriu,Naomi Ichiriu=done,Naomi Ichiriu=2026-08-15T13:38:04.418836,2,false,,,1,1,0,0,0,0
2690,0001156039,"Elevance Health, Inc.",2025,0001156039-25-000010,false,false,false,446,111,Naomi Ichiriu,Naomi Ichiriu=done,Naomi Ichiriu=2026-08-15T13:37:58.716348,2,false,,,11,11,0,0,0,0
2702,0001156039,"Elevance Health, Inc.",2026,0001156039-26-000013,false,false,false,457,169,Naomi Ichiriu,Naomi Ichiriu=done,Naomi Ichiriu=2026-08-15T13:42:57.799403,2,false,,,11,11,0,0,0,0
2602,0000059478,ELI LILLY & Co,2024,0000059478-24-000065,false,false,false,139,63,Naomi Ichiriu; Yesenia Garcia,Naomi Ichiriu=done; Yesenia Garcia=in_progress,Naomi Ichiriu=2026-08-13T10:15:43.242323; Yesenia Garcia=,2,false,,,14,0,10,0,0,0
2703,0000059478,ELI LILLY & Co,2025,0000059478-25-000067,false,false,false,179,83,Naomi Ichiriu; Yesenia Garcia,Naomi Ichiriu=done; Yesenia Garcia=in_progress,Naomi Ichiriu=2026-08-15T10:28:44.488297; Yesenia Garcia=,2,false,,,14,0,13,0,0,0
2704,0000059478,ELI LILLY & Co,2026,0000059478-26-000013,false,false,false,199,92,Naomi Ichiriu; Yesenia Garcia,Naomi Ichiriu=done; Yesenia Garcia=in_progress,Naomi Ichiriu=2026-08-15T10:34:33.513392; Yesenia Garcia=,2,false,,,19,0,15,0,0,0
4308,0000105634,"EMCOR Group, Inc.",2019,0000105634-19-000044,false,false,false,97,1,Amali Oakley; Alexa Bishop,Amali Oakley=done; Alexa Bishop=done,Amali Oakley=2026-09-24T04:57:00.463242; Alexa Bishop=2026-09-27T19:52:50.267296,2,true,2026-09-28T20:38:19.594598,,0,0,0,0,0,0
4309,0000105634,"EMCOR Group, Inc.",2020,0000105634-20-000043,false,false,false,99,2,Amali Oakley; Alexa Bishop,Amali Oakley=done; Alexa Bishop=done,Amali Oakley=2026-09-24T04:57:28.820275; Alexa Bishop=2026-09-27T19:53:39.314401,2,true,2026-09-28T20:38:39.802035,,0,0,0,0,0,0
4310,0000105634,"EMCOR Group, Inc.",2021,0000105634-21-000044,false,false,false,26,1,Amali Oakley; Alexa Bishop,Amali Oakley=done; Alexa Bishop=done,Amali Oakley=2026-09-24T04:57:54.653474; Alexa Bishop=2026-09-27T19:54:05.834757,2,true,2026-09-28T20:38:59.620762,,0,0,0,0,0,0
4311,0000105634,"EMCOR Group, Inc.",2022,0000105634-22-000006,false,false,false,324,3,Amali Oakley; Alexa Bishop,Amali Oakley=done; Alexa Bishop=done,Amali Oakley=2026-09-24T04:58:32.690088; Alexa Bishop=2026-09-27T19:54:36.332961,2,true,2026-09-28T20:39:20.654769,,0,0,0,0,0,0
4312,0000105634,"EMCOR Group, Inc.",2023,0000105634-23-000005,false,false,false,359,5,Amali Oakley; Alexa Bishop,Amali Oakley=done; Alexa Bishop=done,Amali Oakley=2026-09-24T04:59:33.331421; Alexa Bishop=2026-09-27T19:55:17.262362,2,true,2026-09-28T20:39:41.226109,,0,0,0,0,0,0
4313,0000105634,"EMCOR Group, Inc.",2024,0000105634-24-000006,false,false,false,524,55,Amali Oakley; Alexa Bishop,Amali Oakley=done; Alexa Bishop=done,Amali Oakley=2026-09-24T05:01:31.461781; Alexa Bishop=2026-09-27T20:01:14.312421,2,true,2026-10-01T04:44:43.512135,,4,2,0,2,1,3
4314,0000105634,"EMCOR Group, Inc.",2025,0000105634-25-000015,false,false,false,455,53,Amali Oakley; Alexa Bishop,Amali Oakley=done; Alexa Bishop=done,Amali Oakley=2026-09-24T05:03:45.224108; Alexa Bishop=2026-09-27T20:05:02.158212,2,true,2026-10-01T19:32:49.325014,,4,2,0,2,1,4
4303,0000105634,"EMCOR Group, Inc.",2026,0000105634-26-000025,false,false,false,494,88,Amali Oakley; Alexa Bishop,Amali Oakley=done; Alexa Bishop=done,Amali Oakley=2026-09-24T05:06:00.010757; Alexa Bishop=2026-09-27T20:11:42.521335,2,false,,,7,2,0,4,1,8
472,0000032604,EMERSON ELECTRIC CO,2015,0000032604-15-000051,false,false,false,109,6,Amali Oakley; Alexa Bishop,Amali Oakley=done; Alexa Bishop=done,Amali Oakley=2026-09-22T03:32:05.089343; Alexa Bishop=2026-09-23T04:58:04.730162,2,true,2026-09-24T05:09:11.720460,,0,0,0,0,0,0
473,0000032604,EMERSON ELECTRIC CO,2016,0000032604-16-000105,false,false,false,109,4,Amali Oakley; Alexa Bishop,Amali Oakley=done; Alexa Bishop=done,Amali Oakley=2026-09-22T03:32:24.356887; Alexa Bishop=2026-09-23T04:59:21.630266,2,true,2026-09-26T21:43:12.820500,,0,0,0,0,0,0
474,0000032604,EMERSON ELECTRIC CO,2017,0000032604-17-000046,false,false,false,196,4,Amali Oakley; Alexa Bishop,Amali Oakley=done; Alexa Bishop=done,Amali Oakley=2026-09-22T03:32:55.151320; Alexa Bishop=2026-09-23T05:01:00.587354,2,true,2026-09-26T21:43:43.490906,,0,0,0,0,0,0
475,0000032604,EMERSON ELECTRIC CO,2018,0000032604-18-000044,false,false,false,88,8,Amali Oakley; Alexa Bishop,Amali Oakley=done; Alexa Bishop=done,Amali Oakley=2026-09-22T03:33:17.057937; Alexa Bishop=2026-09-23T05:02:11.449655,2,true,2026-09-26T21:44:05.829996,,0,0,0,0,0,0
476,0000032604,EMERSON ELECTRIC CO,2019,0000032604-19-000048,false,false,false,92,8,Amali Oakley; Alexa Bishop,Amali Oakley=done; Alexa Bishop=done,Amali Oakley=2026-09-22T03:34:18.755770; Alexa Bishop=2026-09-23T05:02:44.494065,2,true,2026-09-26T21:44:27.908803,,0,0,0,0,0,0
477,0000032604,EMERSON ELECTRIC CO,2020,0000032604-20-000041,false,false,false,160,9,Amali Oakley; Alexa Bishop,Amali Oakley=done; Alexa Bishop=done,Amali Oakley=2026-09-22T03:35:01.974496; Alexa Bishop=2026-09-23T05:03:37.644677,2,true,2026-09-26T21:44:54.172775,,0,0,0,0,0,0
478,0000032604,EMERSON ELECTRIC CO,2021,0000032604-21-000038,false,false,false,160,9,Amali Oakley; Alexa Bishop,Amali Oakley=done; Alexa Bishop=done,Amali Oakley=2026-09-22T03:35:29.870879; Alexa Bishop=2026-09-23T05:05:54.083809,2,true,2026-09-26T21:45:15.189502,,0,0,0,0,0,0
479,0000032604,EMERSON ELECTRIC CO,2022,0000032604-22-000041,false,false,false,204,10,Amali Oakley; Alexa Bishop,Amali Oakley=done; Alexa Bishop=done,Amali Oakley=2026-09-22T03:36:08.072441; Alexa Bishop=2026-09-23T05:10:57.229251,2,true,2026-09-26T21:45:37.367857,,0,0,0,0,0,0
480,0000032604,EMERSON ELECTRIC CO,2023,0000032604-23-000044,false,false,false,856,11,Amali Oakley; Alexa Bishop,Amali Oakley=done; Alexa Bishop=done,Amali Oakley=2026-09-22T03:36:56.062075; Alexa Bishop=2026-09-23T05:12:57.730688,2,true,2026-09-26T21:46:02.294292,,0,0,0,0,0,0
481,0000032604,EMERSON ELECTRIC CO,2024,0000032604-24-000041,false,false,false,954,32,Amali Oakley; Alexa Bishop,Amali Oakley=done; Alexa Bishop=done,Amali Oakley=2026-09-22T03:49:23.348115; Alexa Bishop=2026-09-23T05:24:53.053653,2,false,,,4,1,1,1,0,2
482,0000032604,EMERSON ELECTRIC CO,2025,0000032604-25-000087,false,false,false,2705,40,Amali Oakley; Alexa Bishop,Amali Oakley=done; Alexa Bishop=done,Amali Oakley=2026-09-22T03:48:47.735229; Alexa Bishop=2026-09-23T05:32:57.882755,2,false,,,11,3,5,0,0,0
1392,0000065984,ENTERGY CORP /DE/,2019,0000065984-19-000082,false,false,false,1905,2,Yesenia Garcia; Akshitha Venkataraman,Yesenia Garcia=done; Akshitha Venkataraman=done,Yesenia Garcia=2026-07-10T22:47:16.614053; Akshitha Venkataraman=2026-07-15T17:15:55.828387,2,true,2026-09-13T02:01:01.858131,,0,0,0,0,0,0
1393,0000065984,ENTERGY CORP /DE/,2020,0000065984-20-000069,false,false,false,2070,3,Yesenia Garcia; Akshitha Venkataraman,Yesenia Garcia=done; Akshitha Venkataraman=done,Yesenia Garcia=2026-07-10T22:48:05.300072; Akshitha Venkataraman=2026-07-15T17:16:22.917551,2,true,2026-09-13T02:01:05.900067,,0,0,0,0,0,0
1394,0000065984,ENTERGY CORP /DE/,2021,0000065984-21-000096,false,false,false,18676,10,Yesenia Garcia; Akshitha Venkataraman,Yesenia Garcia=done; Akshitha Venkataraman=done,Yesenia Garcia=2026-07-10T22:51:21.051244; Akshitha Venkataraman=2026-07-15T17:16:52.498621,2,true,2026-09-13T02:01:11.015309,,0,0,0,0,0,0
1395,0000065984,ENTERGY CORP /DE/,2022,0000065984-22-000017,false,false,false,428,4,Yesenia Garcia; Akshitha Venkataraman,Yesenia Garcia=done; Akshitha Venkataraman=done,Yesenia Garcia=2026-07-10T22:53:45.509326; Akshitha Venkataraman=2026-07-15T17:17:11.407772,2,true,2026-09-13T02:01:15.140396,,0,0,0,0,0,0
1396,0000065984,ENTERGY CORP /DE/,2023,0000065984-23-000014,false,false,false,442,5,Yesenia Garcia; Akshitha Venkataraman,Yesenia Garcia=done; Akshitha Venkataraman=done,Yesenia Garcia=2026-07-10T22:54:51.287460; Akshitha Venkataraman=2026-07-15T17:17:39.611045,2,true,2026-09-13T02:01:19.273453,,0,0,0,0,0,0
1397,0000065984,ENTERGY CORP /DE/,2024,0000065984-24-000012,false,false,false,869,35,Yesenia Garcia; Akshitha Venkataraman,Yesenia Garcia=done; Akshitha Venkataraman=done,Yesenia Garcia=2026-07-10T23:16:48.638800; Akshitha Venkataraman=2026-07-15T17:18:44.411251,2,false,,,2,1,1,0,0,1
1398,0000065984,ENTERGY CORP /DE/,2025,0000065984-25-000012,false,false,false,7687,73,Yesenia Garcia; Akshitha Venkataraman,Yesenia Garcia=done; Akshitha Venkataraman=done,Yesenia Garcia=2026-07-13T05:18:45.908728; Akshitha Venkataraman=2026-07-15T17:41:52.275189,2,false,,,5,0,3,2,0,5
1524,0000065984,ENTERGY CORP /DE/,2026,0000065984-26-000174,false,false,false,8806,113,Yesenia Garcia; Akshitha Venkataraman,Yesenia Garcia=done; Akshitha Venkataraman=done,Yesenia Garcia=2026-07-13T05:30:54.711238; Akshitha Venkataraman=2026-07-15T17:42:53.409494,2,false,,,5,0,4,1,0,4
3354,0000821189,EOG RESOURCES INC,2015,0000821189-15-000010,false,false,true,24,2,Naomi Ichiriu; Yesenia Garcia,Naomi Ichiriu=done; Yesenia Garcia=done,Naomi Ichiriu=2026-08-28T17:54:47.323583; Yesenia Garcia=2026-09-12T23:31:26.305866,2,true,2026-09-13T18:20:51.569053,,0,0,0,0,0,0
3355,0000821189,EOG RESOURCES INC,2016,0000821189-16-000054,false,false,true,24,2,Naomi Ichiriu; Yesenia Garcia,Naomi Ichiriu=done; Yesenia Garcia=done,Naomi Ichiriu=2026-08-29T21:10:31.799012; Yesenia Garcia=2026-09-12T23:31:28.107022,2,true,2026-09-13T18:20:54.009568,,0,0,0,0,0,0
3356,0000821189,EOG RESOURCES INC,2017,0000821189-17-000017,false,false,true,24,2,Naomi Ichiriu; Yesenia Garcia,Naomi Ichiriu=done; Yesenia Garcia=done,Naomi Ichiriu=2026-08-29T21:10:36.119148; Yesenia Garcia=2026-09-12T23:31:29.839947,2,true,2026-09-13T18:20:56.104473,,0,0,0,0,0,0
3357,0000821189,EOG RESOURCES INC,2018,0000821189-18-000012,false,false,true,24,2,Naomi Ichiriu; Yesenia Garcia,Naomi Ichiriu=done; Yesenia Garcia=done,Naomi Ichiriu=2026-08-29T21:10:38.756647; Yesenia Garcia=2026-09-12T23:31:31.310560,2,true,2026-09-13T18:20:58.220653,,0,0,0,0,0,0
3358,0000821189,EOG RESOURCES INC,2019,0000821189-19-000009,false,false,true,206,4,Naomi Ichiriu; Yesenia Garcia,Naomi Ichiriu=done; Yesenia Garcia=done,Naomi Ichiriu=2026-08-29T21:10:42.234307; Yesenia Garcia=2026-09-12T23:31:34.863149,2,true,2026-09-13T18:21:00.418830,,0,0,0,0,0,0
3359,0000821189,EOG RESOURCES INC,2020,0000821189-20-000010,false,false,true,108,13,Naomi Ichiriu; Yesenia Garcia,Naomi Ichiriu=done; Yesenia Garcia=done,Naomi Ichiriu=2026-08-29T21:10:44.924138; Yesenia Garcia=2026-09-12T23:31:35.135417,2,true,2026-09-13T18:21:03.053789,,0,0,0,0,0,0
3360,0000821189,EOG RESOURCES INC,2021,0000821189-21-000017,false,false,true,229,14,Naomi Ichiriu; Yesenia Garcia,Naomi Ichiriu=done; Yesenia Garcia=done,Naomi Ichiriu=2026-08-29T21:10:48.127474; Yesenia Garcia=2026-09-12T23:31:36.093105,2,true,2026-09-13T18:21:06.070617,,0,0,0,0,0,0
3361,0000821189,EOG RESOURCES INC,2022,0000821189-22-000017,false,false,true,236,14,Naomi Ichiriu; Yesenia Garcia,Naomi Ichiriu=done; Yesenia Garcia=done,Naomi Ichiriu=2026-08-29T21:10:56.380653; Yesenia Garcia=2026-09-12T23:31:37.904608,2,true,2026-09-13T18:21:08.391813,,0,0,0,0,0,0
3362,0000821189,EOG RESOURCES INC,2023,0000821189-23-000015,false,false,true,249,14,Naomi Ichiriu; Yesenia Garcia,Naomi Ichiriu=done; Yesenia Garcia=done,Naomi Ichiriu=2026-08-29T21:10:59.424656; Yesenia Garcia=2026-09-12T23:31:41.868548,2,true,2026-09-13T18:21:10.974301,,0,0,0,0,0,0
3363,0000821189,EOG RESOURCES INC,2024,0000821189-24-000011,false,false,true,293,32,Naomi Ichiriu; Yesenia Garcia,Naomi Ichiriu=done; Yesenia Garcia=done,Naomi Ichiriu=2026-08-29T21:11:17.808388; Yesenia Garcia=2026-09-12T23:31:41.868919,2,true,2026-09-13T18:21:13.593424,,0,0,0,0,0,0
3364,0000821189,EOG RESOURCES INC,2025,0000821189-25-000011,false,false,false,118,33,Naomi Ichiriu; Yesenia Garcia,Naomi Ichiriu=done; Yesenia Garcia=done,Naomi Ichiriu=2026-08-29T22:11:52.345587; Yesenia Garcia=2026-09-12T23:32:47.462518,2,true,2026-10-01T15:53:42.020306,,3,0,0,3,0,5
3365,0000821189,EOG RESOURCES INC,2026,0000821189-26-000054,false,false,true,118,33,Naomi Ichiriu; Yesenia Garcia,Naomi Ichiriu=done; Yesenia Garcia=done,Naomi Ichiriu=2026-08-29T22:11:16.609571; Yesenia Garcia=2026-09-12T23:33:57.503245,2,true,2026-09-30T18:51:43.697456,,3,0,0,3,0,6
2190,0001352010,"EPAM Systems, Inc.",2015,0001352010-15-000006,false,false,false,419,2,Naomi Ichiriu; Akshitha Venkataraman,Naomi Ichiriu=done; Akshitha Venkataraman=done,Naomi Ichiriu=2026-07-22T07:44:03.168319; Akshitha Venkataraman=2026-08-17T13:16:45.902478,2,true,2026-08-17T14:55:41.713352,,0,0,0,0,0,0
2191,0001352010,"EPAM Systems, Inc.",2016,0001352010-16-000030,false,false,true,52,1,Akshitha Venkataraman; Naomi Ichiriu,Akshitha Venkataraman=done; Naomi Ichiriu=done,Akshitha Venkataraman=2026-08-17T13:16:48.025866; Naomi Ichiriu=2026-07-22T07:45:53.383030,2,true,2026-08-17T14:55:44.127303,,0,0,0,0,0,0
2192,0001352010,"EPAM Systems, Inc.",2017,0001352010-17-000006,false,false,true,54,1,Naomi Ichiriu; Akshitha Venkataraman,Naomi Ichiriu=done; Akshitha Venkataraman=done,Naomi Ichiriu=2026-07-22T07:45:58.704485; Akshitha Venkataraman=2026-08-17T13:16:49.953466,2,true,2026-08-17T14:55:47.647086,,0,0,0,0,0,0
2193,0001352010,"EPAM Systems, Inc.",2018,0001352010-18-000011,false,false,true,55,1,Akshitha Venkataraman; Naomi Ichiriu,Akshitha Venkataraman=done; Naomi Ichiriu=done,Akshitha Venkataraman=2026-08-17T13:16:52.464858; Naomi Ichiriu=2026-07-22T07:46:05.498427,2,true,2026-08-17T14:55:50.759511,,0,0,0,0,0,0
2194,0001352010,"EPAM Systems, Inc.",2019,0001352010-19-000008,false,false,true,137,4,Akshitha Venkataraman; Naomi Ichiriu,Akshitha Venkataraman=done; Naomi Ichiriu=done,Akshitha Venkataraman=2026-08-17T13:16:54.868633; Naomi Ichiriu=2026-07-22T07:46:42.073687,2,true,2026-08-17T14:55:53.957039,,0,0,0,0,0,0
2195,0001352010,"EPAM Systems, Inc.",2020,0001352010-20-000012,false,false,true,118,4,Akshitha Venkataraman; Naomi Ichiriu,Akshitha Venkataraman=done; Naomi Ichiriu=done,Akshitha Venkataraman=2026-08-17T13:17:09.211982; Naomi Ichiriu=2026-07-22T07:46:57.227607,2,true,2026-08-17T14:55:57.096893,,0,0,0,0,0,0
2196,0001352010,"EPAM Systems, Inc.",2021,0001352010-21-000010,false,false,true,192,6,Akshitha Venkataraman; Naomi Ichiriu,Akshitha Venkataraman=done; Naomi Ichiriu=done,Akshitha Venkataraman=2026-08-17T13:17:27.219923; Naomi Ichiriu=2026-07-22T07:47:11.481977,2,true,2026-08-17T14:55:59.834166,,0,0,0,0,0,0
2197,0001352010,"EPAM Systems, Inc.",2022,0001352010-22-000020,false,false,true,174,7,Akshitha Venkataraman; Naomi Ichiriu,Akshitha Venkataraman=done; Naomi Ichiriu=done,Akshitha Venkataraman=2026-08-17T13:17:29.317457; Naomi Ichiriu=2026-07-22T07:47:28.278873,2,true,2026-08-17T14:56:02.448975,,0,0,0,0,0,0
2198,0001352010,"EPAM Systems, Inc.",2023,0001352010-23-000013,false,false,true,225,8,Akshitha Venkataraman; Naomi Ichiriu,Akshitha Venkataraman=done; Naomi Ichiriu=done,Akshitha Venkataraman=2026-08-17T13:17:49.166656; Naomi Ichiriu=2026-07-22T07:48:03.985179,2,true,2026-08-17T14:56:05.796971,,0,0,0,0,0,0
2199,0001352010,"EPAM Systems, Inc.",2024,0001352010-24-000008,false,false,false,588,179,Naomi Ichiriu; Akshitha Venkataraman,Naomi Ichiriu=done; Akshitha Venkataraman=done,Naomi Ichiriu=2026-07-22T21:07:07.241030; Akshitha Venkataraman=2026-08-17T13:22:07.118913,2,false,,,16,7,9,0,0,1
2200,0001352010,"EPAM Systems, Inc.",2025,0001352010-25-000007,false,false,false,839,194,Naomi Ichiriu; Akshitha Venkataraman,Naomi Ichiriu=done; Akshitha Venkataraman=done,Naomi Ichiriu=2026-07-22T21:06:59.973313; Akshitha Venkataraman=2026-08-17T13:52:05.624227,2,false,,,17,5,6,6,0,12
2201,0001352010,"EPAM Systems, Inc.",2026,0001352010-26-000015,false,false,false,2124,384,Akshitha Venkataraman; Naomi Ichiriu,Akshitha Venkataraman=done; Naomi Ichiriu=done,Akshitha Venkataraman=2026-08-17T14:09:27.116859; Naomi Ichiriu=2026-08-10T07:41:55.334873,2,false,,,25,9,2,13,0,14
500,0000033213,EQT Corp,2020,0000033213-20-000008,false,false,true,58,1,Naomi Ichiriu; Akshitha Venkataraman,Naomi Ichiriu=done; Akshitha Venkataraman=done,Naomi Ichiriu=2026-07-10T23:49:22.646817; Akshitha Venkataraman=2026-07-15T18:03:37.013118,2,true,2026-07-17T02:32:20.684112,,0,0,0,0,0,0
501,0000033213,EQT Corp,2021,0000033213-21-000006,false,false,true,59,1,Naomi Ichiriu; Akshitha Venkataraman,Naomi Ichiriu=done; Akshitha Venkataraman=done,Naomi Ichiriu=2026-07-10T23:48:45.718906; Akshitha Venkataraman=2026-07-15T18:04:08.252919,2,true,2026-07-17T02:32:25.053051,,0,0,0,0,0,0
504,0000033213,EQT Corp,2024,0000033213-24-000008,false,false,true,150,21,Naomi Ichiriu; Akshitha Venkataraman,Naomi Ichiriu=done; Akshitha Venkataraman=done,Naomi Ichiriu=2026-07-10T23:49:02.012502; Akshitha Venkataraman=2026-07-15T18:04:46.527279,2,true,2026-07-17T02:32:29.661104,,0,0,0,0,0,0
505,0000033213,EQT Corp,2025,0000033213-25-000011,false,false,true,224,22,Naomi Ichiriu; Akshitha Venkataraman,Naomi Ichiriu=done; Akshitha Venkataraman=done,Naomi Ichiriu=2026-07-10T23:54:26.025184; Akshitha Venkataraman=2026-07-15T18:05:56.628066,2,true,2026-07-17T02:32:41.216671,,0,0,0,0,0,0
506,0000033213,EQT Corp,2026,0000033213-26-000018,false,false,true,671,25,Naomi Ichiriu; Akshitha Venkataraman,Naomi Ichiriu=done; Akshitha Venkataraman=done,Naomi Ichiriu=2026-07-10T23:55:22.942801; Akshitha Venkataraman=2026-07-15T18:06:58.449847,2,true,2026-07-17T02:34:40.562211,,1,0,0,1,1,1
494,0000033185,EQUIFAX INC,2015,0001628280-15-001024,false,false,false,55,3,,,,0,false,,,0,0,0,0,0,0
483,0000033185,EQUIFAX INC,2016,0000033185-16-000037,false,false,false,16,2,,,,0,false,,,0,0,0,0,0,0
484,0000033185,EQUIFAX INC,2017,0000033185-17-000008,false,false,false,13,2,,,,0,false,,,0,0,0,0,0,0
485,0000033185,EQUIFAX INC,2018,0000033185-18-000011,false,false,false,7758,135,,,,0,false,,,0,0,0,0,0,0
486,0000033185,EQUIFAX INC,2019,0000033185-19-000007,false,false,false,8151,144,,,,0,false,,,0,0,0,0,0,0
487,0000033185,EQUIFAX INC,2020,0000033185-20-000011,false,false,false,7377,113,,,,0,false,,,0,0,0,0,0,0
488,0000033185,EQUIFAX INC,2021,0000033185-21-000025,false,false,false,6884,92,,,,0,false,,,0,0,0,0,0,0
489,0000033185,EQUIFAX INC,2022,0000033185-22-000014,false,false,false,3041,53,,,,0,false,,,0,0,0,0,0,0
490,0000033185,EQUIFAX INC,2023,0000033185-23-000012,false,false,false,3154,33,,,,0,false,,,0,0,0,0,0,0
491,0000033185,EQUIFAX INC,2024,0000033185-24-000017,false,false,false,2460,75,,,,0,false,,,0,0,0,0,0,0
492,0000033185,EQUIFAX INC,2025,0000033185-25-000025,false,false,false,2333,79,,,,0,false,,,0,0,0,0,0,0
493,0000033185,EQUIFAX INC,2026,0000033185-26-000010,false,false,false,1086,84,,,,0,false,,,0,0,0,0,0,0
3366,0000906107,EQUITY RESIDENTIAL,2015,0000906107-15-000007,false,false,false,45,1,Naomi Ichiriu; Akshitha Venkataraman,Naomi Ichiriu=done; Akshitha Venkataraman=done,Naomi Ichiriu=2026-08-28T17:56:00.033724; Akshitha Venkataraman=2026-09-30T05:17:34.986799,2,true,2026-09-30T18:06:06.545984,,0,0,0,0,0,0
3367,0000906107,EQUITY RESIDENTIAL,2016,0000906107-16-000029,false,false,false,44,1,Naomi Ichiriu; Akshitha Venkataraman,Naomi Ichiriu=done; Akshitha Venkataraman=done,Naomi Ichiriu=2026-08-29T21:12:37.014641; Akshitha Venkataraman=2026-10-01T19:58:45.055521,2,true,2026-10-02T21:23:25.611286,,0,0,0,0,0,0
3368,0000906107,EQUITY RESIDENTIAL,2017,0000906107-17-000007,false,false,false,46,1,Naomi Ichiriu; Akshitha Venkataraman,Naomi Ichiriu=done; Akshitha Venkataraman=done,Naomi Ichiriu=2026-08-29T21:11:33.165760; Akshitha Venkataraman=2026-10-01T19:59:25.117801,2,true,2026-10-02T21:23:26.967559,,0,0,0,0,0,0
3369,0000906107,EQUITY RESIDENTIAL,2018,0001564590-18-002873,false,false,false,48,1,Naomi Ichiriu; Akshitha Venkataraman,Naomi Ichiriu=done; Akshitha Venkataraman=done,Naomi Ichiriu=2026-08-29T21:12:32.347550; Akshitha Venkataraman=2026-10-01T19:59:56.354160,2,true,2026-10-02T21:23:27.893399,,0,0,0,0,0,0
3370,0000906107,EQUITY RESIDENTIAL,2019,0001564590-19-003683,false,false,false,63,2,Naomi Ichiriu; Akshitha Venkataraman,Naomi Ichiriu=done; Akshitha Venkataraman=done,Naomi Ichiriu=2026-08-29T21:11:37.300685; Akshitha Venkataraman=2026-10-01T20:00:49.087244,2,true,2026-10-02T21:23:29.006414,,0,0,0,0,0,0
3371,0000906107,EQUITY RESIDENTIAL,2020,0001564590-20-005562,false,false,false,94,2,Naomi Ichiriu; Akshitha Venkataraman,Naomi Ichiriu=done; Akshitha Venkataraman=done,Naomi Ichiriu=2026-08-29T21:12:40.030159; Akshitha Venkataraman=2026-10-01T20:01:37.593269,2,true,2026-10-02T21:23:30.488861,,0,0,0,0,0,0
3372,0000906107,EQUITY RESIDENTIAL,2021,0001564590-21-006679,false,false,false,140,3,Naomi Ichiriu; Akshitha Venkataraman,Naomi Ichiriu=done; Akshitha Venkataraman=done,Naomi Ichiriu=2026-08-29T21:12:42.752255; Akshitha Venkataraman=2026-10-01T20:02:48.417302,2,true,2026-10-02T21:23:31.780413,,0,0,0,0,0,0
3373,0000906107,EQUITY RESIDENTIAL,2022,0001564590-22-005566,false,false,false,137,3,Naomi Ichiriu; Akshitha Venkataraman,Naomi Ichiriu=done; Akshitha Venkataraman=done,Naomi Ichiriu=2026-08-29T21:12:45.580569; Akshitha Venkataraman=2026-10-01T20:03:28.862529,2,true,2026-10-02T21:23:33.276673,,0,0,0,0,0,0
3374,0000906107,EQUITY RESIDENTIAL,2023,0000950170-23-003060,false,false,false,419,3,Naomi Ichiriu; Akshitha Venkataraman,Naomi Ichiriu=done; Akshitha Venkataraman=done,Naomi Ichiriu=2026-08-29T21:12:49.193823; Akshitha Venkataraman=2026-10-01T20:04:30.702212,2,true,2026-10-02T21:23:35.348128,,0,0,0,0,0,0
3377,0000906107,EQUITY RESIDENTIAL,2024,0000950170-24-015907,false,false,false,650,163,Naomi Ichiriu; Akshitha Venkataraman,Naomi Ichiriu=done; Akshitha Venkataraman=done,Naomi Ichiriu=2026-09-09T18:20:09.651057; Akshitha Venkataraman=2026-10-01T20:08:35.322815,2,false,,,5,3,2,0,0,0
3375,0000906107,EQUITY RESIDENTIAL,2025,0000950170-25-019894,false,false,false,653,158,Naomi Ichiriu; Akshitha Venkataraman,Naomi Ichiriu=done; Akshitha Venkataraman=done,Naomi Ichiriu=2026-09-09T18:07:30.813220; Akshitha Venkataraman=2026-10-01T20:10:46.779704,2,false,,,4,3,1,0,0,0
3376,0000906107,EQUITY RESIDENTIAL,2026,0001193125-26-051433,false,false,false,650,160,Naomi Ichiriu; Akshitha Venkataraman,Naomi Ichiriu=done; Akshitha Venkataraman=done,Naomi Ichiriu=2026-09-09T18:14:03.047217; Akshitha Venkataraman=2026-10-01T20:13:38.541414,2,false,,,9,5,4,0,0,0
1500,0000922621,ERIE INDEMNITY CO,2015,0000922621-15-000008,false,false,false,680,3,Yesenia Garcia; Akshitha Venkataraman,Yesenia Garcia=done; Akshitha Venkataraman=done,Yesenia Garcia=2026-07-13T04:18:39.629621; Akshitha Venkataraman=2026-07-15T14:07:52.034725,2,true,2026-09-13T01:34:54.022343,,0,0,0,0,0,0
1501,0000922621,ERIE INDEMNITY CO,2016,0000922621-16-000067,false,false,false,118,3,Yesenia Garcia; Akshitha Venkataraman,Yesenia Garcia=done; Akshitha Venkataraman=done,Yesenia Garcia=2026-07-13T04:18:54.523745; Akshitha Venkataraman=2026-07-15T14:08:12.098360,2,true,2026-09-13T01:34:56.459429,,0,0,0,0,0,0
1502,0000922621,ERIE INDEMNITY CO,2017,0000922621-17-000008,false,false,false,186,5,Yesenia Garcia; Akshitha Venkataraman,Yesenia Garcia=done; Akshitha Venkataraman=done,Yesenia Garcia=2026-07-13T04:19:19.183244; Akshitha Venkataraman=2026-07-15T14:12:30.055501,2,false,,,1,0,1,0,0,1
1503,0000922621,ERIE INDEMNITY CO,2018,0000922621-18-000016,false,false,false,332,12,Yesenia Garcia; Akshitha Venkataraman,Yesenia Garcia=done; Akshitha Venkataraman=done,Yesenia Garcia=2026-07-13T04:19:52.615527; Akshitha Venkataraman=2026-07-15T14:13:10.301454,2,false,,,1,0,1,0,0,1
1504,0000922621,ERIE INDEMNITY CO,2019,0000922621-19-000008,false,false,false,320,14,Yesenia Garcia; Akshitha Venkataraman,Yesenia Garcia=done; Akshitha Venkataraman=done,Yesenia Garcia=2026-07-13T04:24:23.683593; Akshitha Venkataraman=2026-07-15T14:13:43.415204,2,false,,,1,0,1,0,0,1
1505,0000922621,ERIE INDEMNITY CO,2020,0000922621-20-000009,false,false,false,235,10,Yesenia Garcia; Akshitha Venkataraman,Yesenia Garcia=done; Akshitha Venkataraman=done,Yesenia Garcia=2026-07-13T04:27:16.964333; Akshitha Venkataraman=2026-07-15T14:14:25.920484,2,false,,,1,0,1,0,0,1
1506,0000922621,ERIE INDEMNITY CO,2021,0000922621-21-000010,false,false,false,305,12,Yesenia Garcia; Akshitha Venkataraman,Yesenia Garcia=done; Akshitha Venkataraman=done,Yesenia Garcia=2026-07-13T04:28:25.750348; Akshitha Venkataraman=2026-07-15T14:15:03.595158,2,false,,,1,0,1,0,0,1
1507,0000922621,ERIE INDEMNITY CO,2022,0000922621-22-000013,false,false,false,168,8,Yesenia Garcia; Akshitha Venkataraman,Yesenia Garcia=done; Akshitha Venkataraman=done,Yesenia Garcia=2026-07-13T04:29:38.494734; Akshitha Venkataraman=2026-07-15T14:15:46.847437,2,false,,,1,0,1,0,0,1
1508,0000922621,ERIE INDEMNITY CO,2023,0000922621-23-000007,false,false,false,236,10,Yesenia Garcia; Akshitha Venkataraman,Yesenia Garcia=done; Akshitha Venkataraman=done,Yesenia Garcia=2026-07-13T04:33:36.467427; Akshitha Venkataraman=2026-07-15T14:20:36.199209,2,false,,,1,0,1,0,0,1
1509,0000922621,ERIE INDEMNITY CO,2024,0000922621-24-000006,false,false,false,227,28,Yesenia Garcia; Akshitha Venkataraman,Yesenia Garcia=done; Akshitha Venkataraman=done,Yesenia Garcia=2026-07-13T04:40:16.389750; Akshitha Venkataraman=2026-07-15T14:24:35.700111,2,false,,,5,1,4,0,0,4
1510,0000922621,ERIE INDEMNITY CO,2025,0000922621-25-000004,false,false,false,235,31,Yesenia Garcia; Akshitha Venkataraman,Yesenia Garcia=done; Akshitha Venkataraman=done,Yesenia Garcia=2026-07-13T04:42:49.395207; Akshitha Venkataraman=2026-07-15T14:27:34.847648,2,false,,,7,2,5,0,0,5
1511,0000922621,ERIE INDEMNITY CO,2026,0001628280-26-010666,false,false,false,334,32,Yesenia Garcia; Akshitha Venkataraman,Yesenia Garcia=done; Akshitha Venkataraman=done,Yesenia Garcia=2026-07-13T04:44:45.617516; Akshitha Venkataraman=2026-07-15T14:29:02.414859,2,false,,,7,2,5,0,0,6
4278,0000920522,"ESSEX PROPERTY TRUST, INC.",2015,0000920522-15-000006,false,false,false,65,2,Amali Oakley,Amali Oakley=done,Amali Oakley=2026-09-24T04:42:31.419588,2,false,,,0,0,0,0,0,0
4279,0000920522,"ESSEX PROPERTY TRUST, INC.",2016,0000920522-16-000097,false,false,false,62,2,Amali Oakley,Amali Oakley=done,Amali Oakley=2026-09-24T04:42:47.819687,2,false,,,0,0,0,0,0,0
4287,0000920522,"ESSEX PROPERTY TRUST, INC.",2024,0000920522-24-000033,false,false,false,96,29,Amali Oakley; Joseline Viveros,Amali Oakley=done; Joseline Viveros=done,Amali Oakley=2026-09-24T04:44:22.660510; Joseline Viveros=2026-09-27T02:22:58.606920,2,false,,,2,1,1,0,0,2
4288,0000920522,"ESSEX PROPERTY TRUST, INC.",2025,0000920522-25-000024,false,false,false,260,34,Amali Oakley; Joseline Viveros,Amali Oakley=done; Joseline Viveros=done,Amali Oakley=2026-09-24T04:46:59.354319; Joseline Viveros=2026-09-27T02:29:34.401669,2,false,,,4,2,2,0,0,2
4289,0000920522,"ESSEX PROPERTY TRUST, INC.",2026,0000920522-26-000003,false,false,false,266,41,Amali Oakley; Joseline Viveros,Amali Oakley=done; Joseline Viveros=done,Amali Oakley=2026-09-24T04:51:05.646428; Joseline Viveros=2026-09-27T02:48:27.330627,2,false,,,8,4,3,1,0,4
1435,0001001250,ESTEE LAUDER COMPANIES INC,2015,0001104659-15-061122,false,false,false,50,2,Naomi Ichiriu; Yesenia Garcia,Naomi Ichiriu=done; Yesenia Garcia=done,Naomi Ichiriu=2026-07-10T23:56:33.647843; Yesenia Garcia=2026-07-13T06:59:09.181310,2,true,2026-07-14T19:13:11.848064,,0,0,0,0,0,0
1436,0001001250,ESTEE LAUDER COMPANIES INC,2016,0001104659-16-141179,false,false,false,50,2,Naomi Ichiriu; Yesenia Garcia,Naomi Ichiriu=done; Yesenia Garcia=done,Naomi Ichiriu=2026-07-10T23:56:59.209018; Yesenia Garcia=2026-07-13T06:59:23.515329,2,true,2026-07-14T19:13:39.407488,,0,0,0,0,0,0
1437,0001001250,ESTEE LAUDER COMPANIES INC,2017,0001104659-17-053604,false,false,false,46,2,Naomi Ichiriu; Yesenia Garcia,Naomi Ichiriu=done; Yesenia Garcia=done,Naomi Ichiriu=2026-07-11T00:02:07.046143; Yesenia Garcia=2026-07-13T06:59:43.644534,2,true,2026-07-14T19:13:59.669350,,0,0,0,0,0,0
1438,0001001250,ESTEE LAUDER COMPANIES INC,2018,0001104659-18-053494,false,false,false,56,3,Naomi Ichiriu; Yesenia Garcia,Naomi Ichiriu=done; Yesenia Garcia=done,Naomi Ichiriu=2026-07-11T00:02:20.720723; Yesenia Garcia=2026-07-13T06:59:56.522603,2,true,2026-07-14T19:14:21.420044,,0,0,0,0,0,0
1439,0001001250,ESTEE LAUDER COMPANIES INC,2019,0001104659-19-047085,false,false,false,89,4,Naomi Ichiriu; Yesenia Garcia,Naomi Ichiriu=done; Yesenia Garcia=done,Naomi Ichiriu=2026-07-11T00:02:50.475950; Yesenia Garcia=2026-07-13T07:00:13.995710,2,true,2026-07-14T19:14:52.369963,,0,0,0,0,0,0
1440,0001001250,ESTEE LAUDER COMPANIES INC,2020,0001001250-20-000065,false,false,false,90,4,Naomi Ichiriu; Yesenia Garcia,Naomi Ichiriu=done; Yesenia Garcia=done,Naomi Ichiriu=2026-07-11T00:04:16.447506; Yesenia Garcia=2026-07-13T07:00:34.968042,2,true,2026-07-14T19:15:12.182561,,0,0,0,0,0,0
1441,0001001250,ESTEE LAUDER COMPANIES INC,2021,0001001250-21-000127,false,false,false,96,5,Naomi Ichiriu; Yesenia Garcia,Naomi Ichiriu=done; Yesenia Garcia=done,Naomi Ichiriu=2026-07-11T00:04:23.774847; Yesenia Garcia=2026-07-13T07:00:50.404493,2,true,2026-07-14T19:15:36.356718,,0,0,0,0,0,0
1442,0001001250,ESTEE LAUDER COMPANIES INC,2022,0001001250-22-000122,false,false,false,111,6,Naomi Ichiriu; Yesenia Garcia,Naomi Ichiriu=done; Yesenia Garcia=done,Naomi Ichiriu=2026-07-11T00:04:39.661998; Yesenia Garcia=2026-07-13T07:01:08.962136,2,true,2026-07-14T19:15:59.347161,,0,0,0,0,0,0
1443,0001001250,ESTEE LAUDER COMPANIES INC,2023,0001001250-23-000112,false,false,false,153,10,Naomi Ichiriu; Yesenia Garcia,Naomi Ichiriu=done; Yesenia Garcia=done,Naomi Ichiriu=2026-07-11T00:04:52.522874; Yesenia Garcia=2026-07-13T07:01:27.964230,2,true,2026-07-14T19:16:19.617077,,0,0,0,0,0,0
1444,0001001250,ESTEE LAUDER COMPANIES INC,2024,0001001250-24-000116,false,false,false,299,101,Naomi Ichiriu; Yesenia Garcia,Naomi Ichiriu=done; Yesenia Garcia=done,Naomi Ichiriu=2026-07-11T00:16:06.117973; Yesenia Garcia=2026-07-13T07:08:43.736442,2,true,2026-07-25T17:34:12.590022,,4,0,0,4,0,4
1445,0001001250,ESTEE LAUDER COMPANIES INC,2025,0001001250-25-000099,false,false,false,286,113,Naomi Ichiriu; Yesenia Garcia,Naomi Ichiriu=done; Yesenia Garcia=done,Naomi Ichiriu=2026-07-11T00:22:16.290139; Yesenia Garcia=2026-07-13T07:13:11.849254,2,true,2026-09-30T18:04:19.737022,,13,1,0,12,0,17
1693,0001095073,"EVEREST GROUP, LTD.",2015,0001095073-15-000007,false,false,true,174,4,Naomi Ichiriu; Akshitha Venkataraman,Naomi Ichiriu=done; Akshitha Venkataraman=done,Naomi Ichiriu=2026-07-14T03:09:25.664731; Akshitha Venkataraman=2026-08-10T07:29:31.105649,2,true,2026-08-10T16:12:29.716518,,0,0,0,0,0,0
1694,0001095073,"EVEREST GROUP, LTD.",2016,0001095073-16-000071,false,false,true,178,4,Naomi Ichiriu; Akshitha Venkataraman,Naomi Ichiriu=done; Akshitha Venkataraman=done,Naomi Ichiriu=2026-07-14T03:07:49.077747; Akshitha Venkataraman=2026-08-10T07:29:33.315291,2,true,2026-08-10T16:12:32.477420,,0,0,0,0,0,0
1695,0001095073,"EVEREST GROUP, LTD.",2017,0001095073-17-000011,false,false,true,176,4,Naomi Ichiriu; Akshitha Venkataraman,Naomi Ichiriu=done; Akshitha Venkataraman=done,Naomi Ichiriu=2026-07-14T03:09:32.324572; Akshitha Venkataraman=2026-08-10T07:29:35.585322,2,true,2026-08-10T16:12:36.404733,,0,0,0,0,0,0
1696,0001095073,"EVEREST GROUP, LTD.",2018,0001095073-18-000008,false,false,true,171,4,Naomi Ichiriu; Akshitha Venkataraman,Naomi Ichiriu=done; Akshitha Venkataraman=done,Naomi Ichiriu=2026-07-14T03:09:39.565887; Akshitha Venkataraman=2026-08-10T07:29:37.906926,2,true,2026-08-10T16:12:39.272778,,0,0,0,0,0,0
1697,0001095073,"EVEREST GROUP, LTD.",2019,0001095073-19-000011,false,false,true,173,6,Naomi Ichiriu; Akshitha Venkataraman,Naomi Ichiriu=done; Akshitha Venkataraman=done,Naomi Ichiriu=2026-07-14T03:09:49.296538; Akshitha Venkataraman=2026-08-10T07:29:40.118185,2,true,2026-08-10T16:12:42.278714,,0,0,0,0,0,0
1698,0001095073,"EVEREST GROUP, LTD.",2020,0001095073-20-000006,false,false,true,183,6,Naomi Ichiriu; Akshitha Venkataraman,Naomi Ichiriu=done; Akshitha Venkataraman=done,Naomi Ichiriu=2026-07-14T03:10:49.913592; Akshitha Venkataraman=2026-08-10T07:29:42.283848,2,true,2026-08-10T16:12:46.349851,,0,0,0,0,0,0
1699,0001095073,"EVEREST GROUP, LTD.",2021,0001095073-21-000006,false,false,true,207,6,Naomi Ichiriu; Akshitha Venkataraman,Naomi Ichiriu=done; Akshitha Venkataraman=done,Naomi Ichiriu=2026-07-14T03:10:39.515669; Akshitha Venkataraman=2026-08-10T07:29:44.800042,2,true,2026-08-10T16:12:50.827157,,0,0,0,0,0,0
1700,0001095073,"EVEREST GROUP, LTD.",2022,0001095073-22-000005,false,false,true,166,6,Naomi Ichiriu; Akshitha Venkataraman,Naomi Ichiriu=done; Akshitha Venkataraman=done,Naomi Ichiriu=2026-07-14T03:10:34.080003; Akshitha Venkataraman=2026-08-10T07:29:47.050522,2,true,2026-08-10T16:12:55.226860,,0,0,0,0,0,0
1702,0001095073,"EVEREST GROUP, LTD.",2023,0001095073-23-000007,false,false,true,1382,5,Naomi Ichiriu; Akshitha Venkataraman,Naomi Ichiriu=done; Akshitha Venkataraman=done,Naomi Ichiriu=2026-07-14T03:11:47.286783; Akshitha Venkataraman=2026-08-10T07:29:49.461721,2,true,2026-08-10T16:12:59.432641,,0,0,0,0,0,0
1701,0001095073,"EVEREST GROUP, LTD.",2024,0001095073-24-000009,false,false,true,408,34,Naomi Ichiriu; Akshitha Venkataraman,Naomi Ichiriu=done; Akshitha Venkataraman=done,Naomi Ichiriu=2026-07-14T03:11:40.550730; Akshitha Venkataraman=2026-08-10T07:29:57.118170,2,true,2026-08-10T16:13:05.354054,,0,0,0,0,0,0
1703,0001095073,"EVEREST GROUP, LTD.",2025,0001095073-25-000015,false,false,true,1892,40,Naomi Ichiriu; Akshitha Venkataraman,Naomi Ichiriu=done; Akshitha Venkataraman=done,Naomi Ichiriu=2026-07-14T03:12:44.728169; Akshitha Venkataraman=2026-08-10T07:33:45.031172,2,true,2026-08-10T16:13:24.317617,,3,2,0,1,0,1
1704,0001095073,"EVEREST GROUP, LTD.",2026,0001095073-26-000006,false,false,true,491,123,Naomi Ichiriu; Akshitha Venkataraman,Naomi Ichiriu=done; Akshitha Venkataraman=done,Naomi Ichiriu=2026-08-10T07:44:01.087753; Akshitha Venkataraman=2026-08-10T07:34:51.134434,2,true,2026-08-17T16:58:42.123944,,6,3,0,3,0,3
1227,0001711269,"Evergy, Inc.",2019,0001711269-19-000013,false,false,false,151,4,Yesenia Garcia; Akshitha Venkataraman,Yesenia Garcia=done; Akshitha Venkataraman=done,Yesenia Garcia=2026-07-07T21:59:17.091658; Akshitha Venkataraman=2026-07-10T15:40:57.370106,2,true,2026-09-13T06:34:06.572172,,0,0,0,0,0,0
1226,0001711269,"Evergy, Inc.",2020,0001711269-20-000012,false,false,false,191,4,Yesenia Garcia; Akshitha Venkataraman,Yesenia Garcia=done; Akshitha Venkataraman=done,Yesenia Garcia=2026-07-07T21:58:39.304127; Akshitha Venkataraman=2026-07-10T15:42:09.874527,2,true,2026-09-13T06:34:10.025205,,0,0,0,0,0,0
1225,0001711269,"Evergy, Inc.",2021,0001711269-21-000023,false,false,false,258,5,Akshitha Venkataraman; Yesenia Garcia,Akshitha Venkataraman=done; Yesenia Garcia=done,Akshitha Venkataraman=2026-07-10T15:42:54.739594; Yesenia Garcia=2026-07-07T21:58:12.397248,2,true,2026-09-13T06:34:13.251168,,0,0,0,0,0,0
1224,0001711269,"Evergy, Inc.",2022,0001711269-22-000008,false,false,false,111,7,Yesenia Garcia; Akshitha Venkataraman,Yesenia Garcia=done; Akshitha Venkataraman=done,Yesenia Garcia=2026-07-07T21:57:31.798148; Akshitha Venkataraman=2026-07-10T15:43:29.760462,2,true,2026-09-13T06:34:16.930325,,0,0,0,0,0,0
1223,0001711269,"Evergy, Inc.",2023,0001711269-23-000011,false,false,false,254,7,Yesenia Garcia; Akshitha Venkataraman,Yesenia Garcia=done; Akshitha Venkataraman=done,Yesenia Garcia=2026-07-07T21:56:59.762496; Akshitha Venkataraman=2026-07-10T15:44:15.594786,2,true,2026-09-13T06:34:43.386353,,0,0,0,0,0,0
1222,0001711269,"Evergy, Inc.",2024,0001711269-24-000007,false,false,false,337,35,Akshitha Venkataraman; Yesenia Garcia,Akshitha Venkataraman=done; Yesenia Garcia=done,Akshitha Venkataraman=2026-07-10T15:45:45.135672; Yesenia Garcia=2026-07-07T21:55:16.400234,2,true,2026-09-13T06:34:47.241882,,0,0,0,0,0,0
1221,0001711269,"Evergy, Inc.",2025,0001711269-25-000004,false,false,false,396,71,Akshitha Venkataraman; Yesenia Garcia,Akshitha Venkataraman=done; Yesenia Garcia=done,Akshitha Venkataraman=2026-07-10T15:56:44.507389; Yesenia Garcia=2026-07-07T21:50:41.904360,2,false,,,12,3,8,1,0,10
1214,0001711269,"Evergy, Inc.",2026,0001711269-26-000017,false,false,false,619,127,Yesenia Garcia; Akshitha Venkataraman,Yesenia Garcia=done; Akshitha Venkataraman=done,Yesenia Garcia=2026-07-07T21:44:44.804619; Akshitha Venkataraman=2026-07-10T16:05:25.521760,2,false,,,14,4,9,1,0,10
3911,0000072741,EVERSOURCE ENERGY,2016,0000072741-16-000063,false,false,false,30,1,Yesenia Garcia; Akshitha Venkataraman,Yesenia Garcia=done; Akshitha Venkataraman=done,Yesenia Garcia=2026-09-12T23:23:01.485191; Akshitha Venkataraman=2026-10-01T20:16:36.700685,2,false,,,0,0,0,0,0,0
3912,0000072741,EVERSOURCE ENERGY,2017,0000072741-17-000007,false,false,false,33,1,Yesenia Garcia; Akshitha Venkataraman,Yesenia Garcia=done; Akshitha Venkataraman=done,Yesenia Garcia=2026-09-12T23:23:20.292461; Akshitha Venkataraman=2026-10-01T20:17:06.373889,2,false,,,0,0,0,0,0,0
3913,0000072741,EVERSOURCE ENERGY,2018,0000072741-18-000028,false,false,false,34,1,Yesenia Garcia; Akshitha Venkataraman,Yesenia Garcia=done; Akshitha Venkataraman=in_progress,Yesenia Garcia=2026-09-12T23:23:45.541534; Akshitha Venkataraman=,2,false,,,0,0,0,0,0,0
3914,0000072741,EVERSOURCE ENERGY,2019,0000072741-19-000017,false,false,false,33,1,Yesenia Garcia,Yesenia Garcia=done,Yesenia Garcia=2026-09-12T23:25:13.787740,2,false,,,0,0,0,0,0,0
3915,0000072741,EVERSOURCE ENERGY,2020,0000072741-20-000008,false,false,false,33,1,Yesenia Garcia,Yesenia Garcia=done,Yesenia Garcia=2026-09-12T23:25:36.020672,2,false,,,0,0,0,0,0,0
3916,0000072741,EVERSOURCE ENERGY,2021,0000072741-21-000005,false,false,false,67,4,Yesenia Garcia,Yesenia Garcia=done,Yesenia Garcia=2026-09-12T23:26:35.868776,2,false,,,0,0,0,0,0,0
3917,0000072741,EVERSOURCE ENERGY,2022,0000072741-22-000015,false,false,false,348,4,Yesenia Garcia,Yesenia Garcia=done,Yesenia Garcia=2026-09-12T23:26:55.042939,2,false,,,0,0,0,0,0,0
3918,0000072741,EVERSOURCE ENERGY,2023,0000072741-23-000004,false,false,false,63,3,Yesenia Garcia,Yesenia Garcia=done,Yesenia Garcia=2026-09-12T23:27:13.760872,2,false,,,0,0,0,0,0,0
3919,0000072741,EVERSOURCE ENERGY,2024,0000072741-24-000005,false,false,false,98,7,Yesenia Garcia,Yesenia Garcia=done,Yesenia Garcia=2026-09-12T23:27:37.374840,2,false,,,0,0,0,0,0,0
3920,0000072741,EVERSOURCE ENERGY,2025,0000072741-25-000007,false,false,false,99,7,Yesenia Garcia,Yesenia Garcia=done,Yesenia Garcia=2026-09-12T23:28:36.746971,2,false,,,1,1,0,0,0,0
3921,0000072741,EVERSOURCE ENERGY,2026,0001628280-26-008461,false,false,false,319,50,Yesenia Garcia,Yesenia Garcia=done,Yesenia Garcia=2026-09-12T23:30:46.069030,2,false,,,7,7,0,0,0,0
1891,0001109357,EXELON CORP,2015,0001193125-15-049964,false,false,true,329,1,Yesenia Garcia; Akshitha Venkataraman,Yesenia Garcia=done; Akshitha Venkataraman=done,Yesenia Garcia=2026-07-18T03:37:19.919943; Akshitha Venkataraman=2026-07-25T05:56:01.882169,2,true,2026-07-27T15:47:59.925727,,0,0,0,0,0,0
1892,0001109357,EXELON CORP,2016,0001193125-16-457652,false,false,true,415,4,Akshitha Venkataraman; Yesenia Garcia,Akshitha Venkataraman=done; Yesenia Garcia=done,Akshitha Venkataraman=2026-07-26T17:02:43.431601; Yesenia Garcia=2026-07-18T03:37:50.984209,2,true,2026-07-27T15:48:04.204378,,0,0,0,0,0,0
1893,0001109357,EXELON CORP,2017,0001193125-17-039639,false,false,true,395,4,Akshitha Venkataraman; Yesenia Garcia,Akshitha Venkataraman=done; Yesenia Garcia=done,Akshitha Venkataraman=2026-07-26T17:03:19.935380; Yesenia Garcia=2026-07-18T03:38:19.185940,2,true,2026-07-27T15:48:08.623178,,0,0,0,0,0,0
1894,0001109357,EXELON CORP,2018,0001628280-18-001324,false,false,true,115,4,Akshitha Venkataraman; Yesenia Garcia,Akshitha Venkataraman=done; Yesenia Garcia=done,Akshitha Venkataraman=2026-07-26T17:03:58.848837; Yesenia Garcia=2026-07-18T03:38:49.938710,2,true,2026-07-27T15:48:12.964477,,0,0,0,0,0,0
1895,0001109357,EXELON CORP,2019,0001628280-19-001107,false,false,true,97,4,Akshitha Venkataraman; Yesenia Garcia,Akshitha Venkataraman=done; Yesenia Garcia=done,Akshitha Venkataraman=2026-07-26T17:04:27.769764; Yesenia Garcia=2026-07-18T03:39:27.456973,2,true,2026-07-27T15:48:17.374205,,0,0,0,0,0,0
1896,0001109357,EXELON CORP,2020,0001109357-20-000053,false,false,true,88,5,Akshitha Venkataraman; Yesenia Garcia,Akshitha Venkataraman=done; Yesenia Garcia=done,Akshitha Venkataraman=2026-07-26T17:04:53.989760; Yesenia Garcia=2026-07-18T03:39:53.639155,2,true,2026-07-27T15:48:21.851090,,0,0,0,0,0,0
1897,0001109357,EXELON CORP,2021,0001109357-21-000022,false,false,true,107,5,Akshitha Venkataraman; Yesenia Garcia,Akshitha Venkataraman=done; Yesenia Garcia=done,Akshitha Venkataraman=2026-07-26T17:06:33.453073; Yesenia Garcia=2026-07-18T03:40:25.055030,2,true,2026-07-27T15:48:26.621917,,0,0,0,0,0,0
1898,0001109357,EXELON CORP,2022,0001109357-22-000039,false,false,true,81,5,Akshitha Venkataraman; Yesenia Garcia,Akshitha Venkataraman=done; Yesenia Garcia=done,Akshitha Venkataraman=2026-07-26T17:10:24.258455; Yesenia Garcia=2026-07-18T03:40:56.666239,2,true,2026-07-27T15:48:30.608308,,0,0,0,0,0,0
1899,0001109357,EXELON CORP,2023,0001109357-23-000018,false,false,true,134,6,Akshitha Venkataraman; Yesenia Garcia,Akshitha Venkataraman=done; Yesenia Garcia=done,Akshitha Venkataraman=2026-07-26T17:10:36.614824; Yesenia Garcia=2026-07-18T03:41:26.923101,2,true,2026-07-27T15:48:39.425601,,0,0,0,0,0,0
1900,0001109357,EXELON CORP,2024,0001109357-24-000053,false,false,true,229,38,Akshitha Venkataraman; Yesenia Garcia,Akshitha Venkataraman=done; Yesenia Garcia=done,Akshitha Venkataraman=2026-07-26T17:11:05.816714; Yesenia Garcia=2026-07-18T03:43:50.017001,2,true,2026-07-27T15:49:29.277374,,1,0,0,1,0,1
1901,0001109357,EXELON CORP,2025,0001109357-25-000043,false,false,true,519,40,Akshitha Venkataraman; Yesenia Garcia,Akshitha Venkataraman=done; Yesenia Garcia=done,Akshitha Venkataraman=2026-07-26T17:13:49.767211; Yesenia Garcia=2026-07-18T03:44:58.920451,2,true,2026-07-27T15:51:48.487379,,2,0,0,2,1,2
1902,0001109357,EXELON CORP,2026,0001109357-26-000018,false,false,true,569,40,Akshitha Venkataraman; Yesenia Garcia,Akshitha Venkataraman=done; Yesenia Garcia=done,Akshitha Venkataraman=2026-07-26T17:14:42.999904; Yesenia Garcia=2026-07-18T03:46:00.388392,2,true,2026-07-27T15:52:41.903975,,2,0,0,2,1,2
1153,0000895126,EXPAND ENERGY Corp,2015,0000895126-15-000076,false,false,true,,,Yesenia Garcia; Naomi Ichiriu,Yesenia Garcia=done; Naomi Ichiriu=done,Yesenia Garcia=2026-07-09T19:58:42.088369; Naomi Ichiriu=2026-07-07T07:09:33.079073,2,true,2026-07-09T20:58:20.878645,,0,0,0,0,0,0
1157,0000895126,EXPAND ENERGY Corp,2019,0000895126-19-000070,false,false,true,,,Naomi Ichiriu; Yesenia Garcia,Naomi Ichiriu=done; Yesenia Garcia=done,Naomi Ichiriu=2026-07-07T07:08:39.818467; Yesenia Garcia=2026-07-09T19:59:32.012427,2,true,2026-07-09T20:58:39.210517,,0,0,0,0,0,0
1158,0000895126,EXPAND ENERGY Corp,2020,0000895126-20-000061,false,false,true,,,Yesenia Garcia; Naomi Ichiriu,Yesenia Garcia=done; Naomi Ichiriu=done,Yesenia Garcia=2026-07-09T19:59:47.158673; Naomi Ichiriu=2026-07-07T07:09:28.086060,2,true,2026-07-09T20:58:47.126082,,0,0,0,0,0,0
1159,0000895126,EXPAND ENERGY Corp,2021,0000895126-21-000078,false,false,true,,,Naomi Ichiriu; Yesenia Garcia,Naomi Ichiriu=done; Yesenia Garcia=done,Naomi Ichiriu=2026-07-07T07:10:18.840603; Yesenia Garcia=2026-07-09T20:00:19.124033,2,true,2026-07-09T20:58:53.862670,,0,0,0,0,0,0
1160,0000895126,EXPAND ENERGY Corp,2022,0000895126-22-000029,false,false,true,,,Naomi Ichiriu; Yesenia Garcia,Naomi Ichiriu=done; Yesenia Garcia=done,Naomi Ichiriu=2026-07-07T07:11:53.890142; Yesenia Garcia=2026-07-09T20:00:35.762277,2,true,2026-07-09T20:59:05.928346,,0,0,0,0,0,0
1161,0000895126,EXPAND ENERGY Corp,2023,0000895126-23-000022,false,false,true,,,Naomi Ichiriu; Yesenia Garcia,Naomi Ichiriu=done; Yesenia Garcia=done,Naomi Ichiriu=2026-07-07T15:11:39.265613; Yesenia Garcia=2026-07-09T20:00:52.787129,2,true,2026-07-09T20:59:36.222512,,0,0,0,0,0,0
1162,0000895126,EXPAND ENERGY Corp,2024,0000895126-24-000013,false,false,true,,,Naomi Ichiriu; Yesenia Garcia,Naomi Ichiriu=done; Yesenia Garcia=done,Naomi Ichiriu=2026-07-07T15:09:10.716910; Yesenia Garcia=2026-07-09T20:01:19.501802,2,true,2026-07-09T20:59:48.809948,,0,0,0,0,0,0
1163,0000895126,EXPAND ENERGY Corp,2025,0000895126-25-000021,false,false,true,,,Naomi Ichiriu; Yesenia Garcia,Naomi Ichiriu=done; Yesenia Garcia=done,Naomi Ichiriu=2026-07-07T07:11:38.555517; Yesenia Garcia=2026-07-09T20:01:55.714418,2,true,2026-07-09T21:00:24.131792,,0,0,0,0,0,0
1164,0000895126,EXPAND ENERGY Corp,2026,0000895126-26-000011,false,false,true,,,Naomi Ichiriu; Yesenia Garcia,Naomi Ichiriu=done; Yesenia Garcia=done,Naomi Ichiriu=2026-07-07T15:10:57.410095; Yesenia Garcia=2026-07-09T20:05:12.127338,2,true,2026-07-10T03:00:16.482202,,2,0,0,2,0,3
3480,0001289490,Extra Space Storage Inc.,2022,0001628280-22-004274,false,false,false,42,1,Yesenia Garcia,Yesenia Garcia=done,Yesenia Garcia=2026-08-31T05:24:57.416616,2,false,,,0,0,0,0,0,0
3483,0001289490,Extra Space Storage Inc.,2024,0001628280-24-008044,false,false,false,100,27,Yesenia Garcia,Yesenia Garcia=done,Yesenia Garcia=2026-08-31T05:25:22.440271,2,false,,,0,0,0,0,0,0
3484,0001289490,Extra Space Storage Inc.,2025,0001628280-25-009060,false,false,false,81,26,Yesenia Garcia,Yesenia Garcia=done,Yesenia Garcia=2026-08-31T05:25:40.091944,2,false,,,0,0,0,0,0,0
3485,0001289490,Extra Space Storage Inc.,2026,0001289490-26-000011,false,false,false,103,65,Yesenia Garcia,Yesenia Garcia=in_progress,Yesenia Garcia=,2,false,,,0,0,0,0,0,0
507,0000034088,EXXON MOBIL CORP,2015,0000034088-15-000013,false,false,false,29,2,,,,0,false,,,0,0,0,0,0,0
508,0000034088,EXXON MOBIL CORP,2016,0000034088-16-000065,false,false,false,31,2,,,,0,false,,,0,0,0,0,0,0
509,0000034088,EXXON MOBIL CORP,2017,0000034088-17-000017,false,false,false,31,2,,,,0,false,,,0,0,0,0,0,0
510,0000034088,EXXON MOBIL CORP,2018,0000034088-18-000015,false,false,false,100,7,,,,0,false,,,0,0,0,0,0,0
511,0000034088,EXXON MOBIL CORP,2019,0000034088-19-000010,false,false,false,102,8,,,,0,false,,,0,0,0,0,0,0
512,0000034088,EXXON MOBIL CORP,2020,0000034088-20-000016,false,false,false,104,8,,,,0,false,,,0,0,0,0,0,0
513,0000034088,EXXON MOBIL CORP,2021,0000034088-21-000012,false,false,false,106,8,,,,0,false,,,0,0,0,0,0,0
514,0000034088,EXXON MOBIL CORP,2022,0000034088-22-000011,false,false,false,123,9,,,,0,false,,,0,0,0,0,0,0
515,0000034088,EXXON MOBIL CORP,2023,0000034088-23-000020,false,false,false,124,9,,,,0,false,,,0,0,0,0,0,0
516,0000034088,EXXON MOBIL CORP,2024,0000034088-24-000018,false,false,false,155,26,,,,0,false,,,0,0,0,0,0,0
517,0000034088,EXXON MOBIL CORP,2025,0000034088-25-000010,false,false,false,171,27,,,,0,false,,,0,0,0,0,0,0
518,0000034088,EXXON MOBIL CORP,2026,0000034088-26-000045,false,false,false,230,30,,,,0,false,,,0,0,0,0,0,0
3657,0001013237,FACTSET RESEARCH SYSTEMS INC,2016,0001437749-16-040606,false,false,false,55,2,Yesenia Garcia; Akshitha Venkataraman,Yesenia Garcia=done; Akshitha Venkataraman=done,Yesenia Garcia=2026-09-04T04:45:23.169183; Akshitha Venkataraman=2026-09-30T05:28:37.510318,2,true,2026-09-30T05:28:43.434330,,0,0,0,0,0,0
3662,0001013237,FACTSET RESEARCH SYSTEMS INC,2020,0001013237-20-000153,false,false,false,98,2,Yesenia Garcia,Yesenia Garcia=done,Yesenia Garcia=2026-09-04T04:46:39.875923,2,false,,,0,0,0,0,0,0
3663,0001013237,FACTSET RESEARCH SYSTEMS INC,2021,0001013237-21-000142,false,false,false,604,5,Yesenia Garcia,Yesenia Garcia=done,Yesenia Garcia=2026-09-04T04:47:04.418466,2,false,,,0,0,0,0,0,0
3664,0001013237,FACTSET RESEARCH SYSTEMS INC,2022,0001013237-22-000159,false,false,false,557,6,Yesenia Garcia,Yesenia Garcia=done,Yesenia Garcia=2026-09-04T04:47:25.980767,2,false,,,0,0,0,0,0,0
3665,0001013237,FACTSET RESEARCH SYSTEMS INC,2023,0001013237-23-000128,false,false,false,782,86,Yesenia Garcia,Yesenia Garcia=in_progress,Yesenia Garcia=,2,false,,,0,0,0,0,0,0
1165,0000814547,FAIR ISAAC CORP,2015,0000814547-15-000019,false,false,true,340,14,Naomi Ichiriu; Akshitha Venkataraman,Naomi Ichiriu=done; Akshitha Venkataraman=done,Naomi Ichiriu=2026-07-07T19:13:32.448207; Akshitha Venkataraman=2026-07-10T16:07:05.076606,2,true,2026-08-17T15:00:15.702661,,2,0,0,2,0,6
1166,0000814547,FAIR ISAAC CORP,2016,0000814547-16-000035,false,false,true,391,21,Naomi Ichiriu; Akshitha Venkataraman,Naomi Ichiriu=done; Akshitha Venkataraman=done,Naomi Ichiriu=2026-07-07T19:13:48.225406; Akshitha Venkataraman=2026-07-10T16:10:36.592320,2,true,2026-08-17T15:01:37.920895,,2,0,0,2,0,6
1167,0000814547,FAIR ISAAC CORP,2017,0000814547-17-000014,false,false,true,392,20,Naomi Ichiriu; Akshitha Venkataraman,Naomi Ichiriu=done; Akshitha Venkataraman=done,Naomi Ichiriu=2026-07-07T19:14:12.873345; Akshitha Venkataraman=2026-07-10T16:11:30.613798,2,true,2026-08-17T15:02:02.697317,,2,0,0,2,0,6
1168,0000814547,FAIR ISAAC CORP,2018,0000814547-18-000010,false,false,true,386,24,Naomi Ichiriu; Akshitha Venkataraman,Naomi Ichiriu=done; Akshitha Venkataraman=done,Naomi Ichiriu=2026-07-07T19:15:05.833631; Akshitha Venkataraman=2026-07-10T16:20:48.848168,2,true,2026-08-17T15:02:24.186098,,2,0,0,2,0,4
1169,0000814547,FAIR ISAAC CORP,2019,0000814547-19-000016,false,false,true,423,27,Naomi Ichiriu; Akshitha Venkataraman,Naomi Ichiriu=done; Akshitha Venkataraman=done,Naomi Ichiriu=2026-07-07T19:16:39.556585; Akshitha Venkataraman=2026-07-10T16:22:25.623328,2,true,2026-08-17T15:02:54.305467,,2,0,0,2,0,4
1170,0000814547,FAIR ISAAC CORP,2020,0000814547-20-000012,false,false,false,856,33,Akshitha Venkataraman; Naomi Ichiriu,Akshitha Venkataraman=done; Naomi Ichiriu=done,Akshitha Venkataraman=2026-07-10T16:24:22.814444; Naomi Ichiriu=2026-07-07T19:19:04.528152,2,false,,,3,0,1,2,0,5
1171,0000814547,FAIR ISAAC CORP,2021,0000814547-21-000019,false,false,true,883,71,Naomi Ichiriu; Akshitha Venkataraman,Naomi Ichiriu=done; Akshitha Venkataraman=done,Naomi Ichiriu=2026-07-07T19:20:51.645933; Akshitha Venkataraman=2026-07-10T16:29:51.409852,2,true,2026-08-17T15:03:54.480477,,2,0,0,2,0,4
1172,0000814547,FAIR ISAAC CORP,2022,0000814547-22-000016,false,false,false,867,76,Naomi Ichiriu; Akshitha Venkataraman,Naomi Ichiriu=done; Akshitha Venkataraman=done,Naomi Ichiriu=2026-07-07T19:51:31.456378; Akshitha Venkataraman=2026-07-10T16:31:53.803648,2,false,,,16,2,5,6,0,16
1173,0000814547,FAIR ISAAC CORP,2023,0000814547-23-000022,false,false,false,1184,87,Naomi Ichiriu; Akshitha Venkataraman,Naomi Ichiriu=done; Akshitha Venkataraman=done,Naomi Ichiriu=2026-07-07T20:57:15.345811; Akshitha Venkataraman=2026-07-10T16:40:52.025366,2,false,,,22,4,9,6,0,17
1174,0000814547,FAIR ISAAC CORP,2024,0001628280-24-045719,false,false,false,1678,145,Akshitha Venkataraman; Naomi Ichiriu,Akshitha Venkataraman=done; Naomi Ichiriu=done,Akshitha Venkataraman=2026-07-10T16:46:54.351488; Naomi Ichiriu=2026-07-07T20:57:10.890079,2,false,,,27,1,9,10,0,16
1175,0000814547,FAIR ISAAC CORP,2025,0000814547-25-000030,false,false,false,1701,224,Naomi Ichiriu; Akshitha Venkataraman,Naomi Ichiriu=done; Akshitha Venkataraman=done,Naomi Ichiriu=2026-07-07T20:57:05.140726; Akshitha Venkataraman=2026-07-10T16:57:07.048559,2,false,,,37,1,16,13,0,30
4343,0000815556,FASTENAL CO,2024,0000815556-24-000009,false,false,false,84,20,Joseline Viveros; Alexa Bishop,Joseline Viveros=done; Alexa Bishop=done,Joseline Viveros=2026-09-27T02:06:23.631388; Alexa Bishop=2026-09-27T19:38:31.260888,2,true,2026-10-01T04:54:10.623350,,0,0,0,0,0,0
4344,0000815556,FASTENAL CO,2025,0000815556-25-000065,false,false,false,308,28,Joseline Viveros; Alexa Bishop,Joseline Viveros=done; Alexa Bishop=done,Joseline Viveros=2026-09-27T02:16:01.646978; Alexa Bishop=2026-09-27T19:40:28.988630,2,true,2026-10-01T04:54:42.317053,,1,1,0,0,0,0
4345,0000815556,FASTENAL CO,2026,0000815556-26-000009,false,false,false,408,125,Joseline Viveros; Alexa Bishop,Joseline Viveros=done; Alexa Bishop=done,Joseline Viveros=2026-09-27T02:21:25.475220; Alexa Bishop=2026-09-27T19:50:05.698190,2,false,,,4,3,1,0,0,1
519,0000034903,FEDERAL REALTY INVESTMENT TRUST,2015,0000034903-15-000014,false,false,false,33,3,Naomi Ichiriu; Yesenia Garcia,Naomi Ichiriu=done; Yesenia Garcia=done,Naomi Ichiriu=2026-08-17T23:35:01.120057; Yesenia Garcia=2026-09-02T07:45:53.451503,2,true,2026-09-05T03:15:38.364860,,0,0,0,0,0,0
520,0000034903,FEDERAL REALTY INVESTMENT TRUST,2016,0000034903-16-000045,false,false,false,33,3,Naomi Ichiriu; Yesenia Garcia,Naomi Ichiriu=done; Yesenia Garcia=done,Naomi Ichiriu=2026-08-17T23:35:15.185282; Yesenia Garcia=2026-09-02T07:45:55.521074,2,true,2026-09-05T03:15:35.885598,,0,0,0,0,0,0
521,0000034903,FEDERAL REALTY INVESTMENT TRUST,2017,0000034903-17-000008,false,false,false,32,3,Naomi Ichiriu; Yesenia Garcia,Naomi Ichiriu=done; Yesenia Garcia=done,Naomi Ichiriu=2026-08-17T23:35:20.158547; Yesenia Garcia=2026-09-02T07:45:57.291149,2,true,2026-09-05T03:15:32.604704,,0,0,0,0,0,0
522,0000034903,FEDERAL REALTY INVESTMENT TRUST,2018,0000034903-18-000009,false,false,false,30,3,Naomi Ichiriu; Yesenia Garcia,Naomi Ichiriu=done; Yesenia Garcia=done,Naomi Ichiriu=2026-08-17T23:35:27.256535; Yesenia Garcia=2026-09-02T07:45:59.021980,2,true,2026-09-05T03:14:19.573871,,0,0,0,0,0,0
528,0000034903,FEDERAL REALTY INVESTMENT TRUST,2024,0000034903-24-000032,false,false,false,69,12,Naomi Ichiriu; Yesenia Garcia,Naomi Ichiriu=done; Yesenia Garcia=done,Naomi Ichiriu=2026-08-20T09:13:19.709011; Yesenia Garcia=2026-09-02T07:46:00.826748,2,true,2026-09-05T03:15:46.053527,,0,0,0,0,0,0
529,0000034903,FEDERAL REALTY INVESTMENT TRUST,2025,0000034903-25-000016,false,false,false,70,12,Yesenia Garcia; Naomi Ichiriu,Yesenia Garcia=done; Naomi Ichiriu=done,Yesenia Garcia=2026-09-02T07:46:02.693310; Naomi Ichiriu=2026-08-20T09:10:23.191465,2,true,2026-09-05T03:15:41.272524,,0,0,0,0,0,0
530,0000034903,FEDERAL REALTY INVESTMENT TRUST,2026,0000034903-26-000017,false,false,false,48,12,Naomi Ichiriu; Yesenia Garcia,Naomi Ichiriu=done; Yesenia Garcia=done,Naomi Ichiriu=2026-08-20T09:13:02.296696; Yesenia Garcia=2026-09-02T07:50:17.346106,2,true,2026-09-27T06:30:04.146323,,2,1,0,1,0,1
2474,0001136893,"Fidelity National Information Services, Inc.",2015,0001136893-15-000006,false,false,false,112,2,Yesenia Garcia; Akshitha Venkataraman,Yesenia Garcia=done; Akshitha Venkataraman=done,Yesenia Garcia=2026-08-06T05:26:55.273288; Akshitha Venkataraman=2026-08-03T16:06:05.717616,2,true,2026-09-21T03:38:54.763361,,0,0,0,0,0,0
2475,0001136893,"Fidelity National Information Services, Inc.",2016,0001136893-16-000061,false,false,false,140,3,Akshitha Venkataraman; Yesenia Garcia,Akshitha Venkataraman=done; Yesenia Garcia=done,Akshitha Venkataraman=2026-08-03T16:07:30.129389; Yesenia Garcia=2026-08-06T05:27:13.912992,2,true,2026-09-21T03:42:45.406128,,0,0,0,0,0,0
2476,0001136893,"Fidelity National Information Services, Inc.",2017,0001136893-17-000008,false,false,false,172,3,Akshitha Venkataraman; Yesenia Garcia,Akshitha Venkataraman=done; Yesenia Garcia=done,Akshitha Venkataraman=2026-08-03T16:08:08.415638; Yesenia Garcia=2026-08-06T05:27:25.240856,2,true,2026-09-21T03:42:51.797942,,0,0,0,0,0,0
2477,0001136893,"Fidelity National Information Services, Inc.",2018,0001136893-18-000011,false,false,false,555,5,Yesenia Garcia; Akshitha Venkataraman,Yesenia Garcia=done; Akshitha Venkataraman=done,Yesenia Garcia=2026-08-06T05:27:35.506565; Akshitha Venkataraman=2026-08-03T16:11:22.805025,2,true,2026-09-21T03:43:01.710901,,0,0,0,0,0,0
2478,0001136893,"Fidelity National Information Services, Inc.",2019,0001136893-19-000008,false,false,false,979,8,Akshitha Venkataraman; Yesenia Garcia,Akshitha Venkataraman=done; Yesenia Garcia=done,Akshitha Venkataraman=2026-08-03T16:12:26.591359; Yesenia Garcia=2026-08-06T05:27:51.613813,2,true,2026-09-21T03:44:49.260662,,0,0,0,0,0,0
2479,0001136893,"Fidelity National Information Services, Inc.",2020,0001136893-20-000032,false,false,false,1081,12,Akshitha Venkataraman; Yesenia Garcia,Akshitha Venkataraman=done; Yesenia Garcia=done,Akshitha Venkataraman=2026-08-03T16:20:36.648942; Yesenia Garcia=2026-08-06T05:28:13.154580,2,true,2026-09-21T03:44:59.024577,,0,0,0,0,0,0
2480,0001136893,"Fidelity National Information Services, Inc.",2021,0001136893-21-000025,false,false,false,771,11,Akshitha Venkataraman; Yesenia Garcia,Akshitha Venkataraman=done; Yesenia Garcia=done,Akshitha Venkataraman=2026-08-03T16:23:00.788691; Yesenia Garcia=2026-08-06T05:28:26.642805,2,true,2026-09-21T03:45:03.299719,,0,0,0,0,0,0
2481,0001136893,"Fidelity National Information Services, Inc.",2022,0001136893-22-000038,false,false,false,817,13,Yesenia Garcia; Akshitha Venkataraman,Yesenia Garcia=done; Akshitha Venkataraman=done,Yesenia Garcia=2026-08-06T05:28:40.632312; Akshitha Venkataraman=2026-08-03T16:25:31.900247,2,true,2026-09-21T03:45:07.615672,,0,0,0,0,0,0
2482,0001136893,"Fidelity National Information Services, Inc.",2023,0001136893-23-000028,false,false,false,837,15,Akshitha Venkataraman; Yesenia Garcia,Akshitha Venkataraman=done; Yesenia Garcia=done,Akshitha Venkataraman=2026-08-03T16:29:32.930181; Yesenia Garcia=2026-08-06T05:28:51.920999,2,true,2026-09-21T03:45:12.301021,,0,0,0,0,0,0
2483,0001136893,"Fidelity National Information Services, Inc.",2024,0001136893-24-000015,false,false,false,823,104,Akshitha Venkataraman; Yesenia Garcia,Akshitha Venkataraman=done; Yesenia Garcia=done,Akshitha Venkataraman=2026-08-03T16:38:35.249001; Yesenia Garcia=2026-08-06T05:31:57.050125,2,false,,,9,6,3,0,0,3
2484,0001136893,"Fidelity National Information Services, Inc.",2025,0001136893-25-000014,false,false,false,966,144,Akshitha Venkataraman; Yesenia Garcia,Akshitha Venkataraman=done; Yesenia Garcia=done,Akshitha Venkataraman=2026-08-03T17:03:42.153550; Yesenia Garcia=2026-08-06T05:37:34.373472,2,false,,,19,10,7,2,0,9
2485,0001136893,"Fidelity National Information Services, Inc.",2026,0001136893-26-000013,false,false,false,1108,243,Akshitha Venkataraman; Yesenia Garcia,Akshitha Venkataraman=done; Yesenia Garcia=done,Akshitha Venkataraman=2026-08-03T17:27:39.951784; Yesenia Garcia=2026-08-06T05:42:52.158461,2,false,,,21,8,13,0,0,1
542,0000035527,FIFTH THIRD BANCORP,2020,0001193125-20-057751,false,false,false,521,10,Joseline Viveros; Alexa Bishop,Joseline Viveros=done; Alexa Bishop=done,Joseline Viveros=2026-09-14T20:32:58.067007; Alexa Bishop=2026-09-15T03:50:59.592869,2,true,2026-09-19T05:47:02.203344,,0,0,0,0,0,0
531,0000035527,FIFTH THIRD BANCORP,2021,0000035527-21-000100,false,false,false,936,10,Joseline Viveros; Alexa Bishop,Joseline Viveros=done; Alexa Bishop=done,Joseline Viveros=2026-09-14T20:34:28.828571; Alexa Bishop=2026-09-15T03:54:20.605429,2,true,2026-09-19T05:47:24.098979,,0,0,0,0,0,0
532,0000035527,FIFTH THIRD BANCORP,2022,0000035527-22-000119,false,false,false,502,10,Joseline Viveros; Alexa Bishop,Joseline Viveros=done; Alexa Bishop=done,Joseline Viveros=2026-09-14T20:34:58.526924; Alexa Bishop=2026-09-15T03:56:12.199066,2,true,2026-09-19T05:47:39.600141,,0,0,0,0,0,0
533,0000035527,FIFTH THIRD BANCORP,2023,0000035527-23-000122,false,false,false,533,13,Joseline Viveros; Alexa Bishop,Joseline Viveros=done; Alexa Bishop=done,Joseline Viveros=2026-09-14T20:35:53.941459; Alexa Bishop=2026-09-15T03:58:15.091509,2,true,2026-09-19T05:47:53.269828,,0,0,0,0,0,0
534,0000035527,FIFTH THIRD BANCORP,2024,0000035527-24-000088,false,false,false,675,37,Joseline Viveros; Alexa Bishop,Joseline Viveros=done; Alexa Bishop=done,Joseline Viveros=2026-09-14T20:38:40.045677; Alexa Bishop=2026-09-15T04:15:08.514810,2,true,2026-09-21T03:59:50.095176,,2,1,0,1,0,3
535,0000035527,FIFTH THIRD BANCORP,2025,0000035527-25-000079,false,false,false,377,38,Joseline Viveros; Alexa Bishop,Joseline Viveros=done; Alexa Bishop=done,Joseline Viveros=2026-09-14T20:32:17.149016; Alexa Bishop=2026-09-15T04:35:35.285480,2,true,2026-09-21T04:00:57.173900,,4,2,0,2,0,2
536,0000035527,FIFTH THIRD BANCORP,2026,0000035527-26-000124,false,false,false,540,53,Joseline Viveros; Alexa Bishop,Joseline Viveros=done; Alexa Bishop=done,Joseline Viveros=2026-09-14T20:25:31.091658; Alexa Bishop=2026-09-15T05:01:24.210633,2,true,2026-09-21T07:02:09.279467,,18,7,0,10,0,12
1558,0001031296,FIRSTENERGY CORP,2015,0001031296-15-000011,false,false,false,54,1,Yesenia Garcia; Akshitha Venkataraman,Yesenia Garcia=done; Akshitha Venkataraman=done,Yesenia Garcia=2026-07-13T06:39:01.852879; Akshitha Venkataraman=2026-07-20T15:59:24.067982,2,true,2026-09-13T22:39:50.536863,,0,0,0,0,0,0
1559,0001031296,FIRSTENERGY CORP,2016,0001031296-16-000071,false,false,false,55,1,Yesenia Garcia; Akshitha Venkataraman,Yesenia Garcia=done; Akshitha Venkataraman=done,Yesenia Garcia=2026-07-13T06:39:20.414503; Akshitha Venkataraman=2026-07-20T16:15:27.060182,2,true,2026-09-13T22:39:53.413681,,0,0,0,0,0,0
1560,0001031296,FIRSTENERGY CORP,2017,0001031296-17-000015,false,false,false,53,1,Yesenia Garcia; Akshitha Venkataraman,Yesenia Garcia=done; Akshitha Venkataraman=done,Yesenia Garcia=2026-07-13T06:39:42.632310; Akshitha Venkataraman=2026-07-20T16:22:22.953535,2,true,2026-09-13T22:39:55.391989,,0,0,0,0,0,0
1561,0001031296,FIRSTENERGY CORP,2018,0001031296-18-000015,false,false,false,55,1,Yesenia Garcia; Akshitha Venkataraman,Yesenia Garcia=done; Akshitha Venkataraman=done,Yesenia Garcia=2026-07-13T06:40:18.514405; Akshitha Venkataraman=2026-07-20T16:25:08.054960,2,true,2026-09-13T22:39:57.466497,,0,0,0,0,0,0
1562,0001031296,FIRSTENERGY CORP,2019,0001031296-19-000010,false,false,false,60,3,Yesenia Garcia; Akshitha Venkataraman,Yesenia Garcia=done; Akshitha Venkataraman=done,Yesenia Garcia=2026-07-13T06:40:35.269988; Akshitha Venkataraman=2026-07-20T16:31:53.707892,2,true,2026-09-13T22:40:00.075393,,0,0,0,0,0,0
1563,0001031296,FIRSTENERGY CORP,2020,0001031296-20-000008,false,false,false,58,3,Yesenia Garcia; Akshitha Venkataraman,Yesenia Garcia=done; Akshitha Venkataraman=done,Yesenia Garcia=2026-07-13T06:40:54.690638; Akshitha Venkataraman=2026-07-20T16:32:21.260527,2,true,2026-09-13T22:40:02.146100,,0,0,0,0,0,0
1564,0001031296,FIRSTENERGY CORP,2021,0001031296-21-000020,false,false,false,246,4,Yesenia Garcia; Akshitha Venkataraman,Yesenia Garcia=done; Akshitha Venkataraman=done,Yesenia Garcia=2026-07-13T06:41:25.356976; Akshitha Venkataraman=2026-07-20T16:32:52.312260,2,true,2026-09-13T22:40:05.050796,,0,0,0,0,0,0
1565,0001031296,FIRSTENERGY CORP,2022,0001031296-22-000013,false,false,false,476,10,Yesenia Garcia; Akshitha Venkataraman,Yesenia Garcia=done; Akshitha Venkataraman=done,Yesenia Garcia=2026-07-13T06:42:01.422168; Akshitha Venkataraman=2026-07-20T16:33:41.420295,2,true,2026-09-13T22:40:09.435724,,0,0,0,0,0,0
1566,0001031296,FIRSTENERGY CORP,2023,0001031296-23-000014,false,false,false,215,10,Yesenia Garcia; Akshitha Venkataraman,Yesenia Garcia=done; Akshitha Venkataraman=done,Yesenia Garcia=2026-07-13T06:42:23.970549; Akshitha Venkataraman=2026-07-20T16:34:29.690340,2,true,2026-09-13T22:40:11.964637,,0,0,0,0,0,0
1567,0001031296,FIRSTENERGY CORP,2024,0001031296-24-000008,false,false,false,238,5,Yesenia Garcia; Akshitha Venkataraman,Yesenia Garcia=done; Akshitha Venkataraman=done,Yesenia Garcia=2026-07-13T06:43:12.955290; Akshitha Venkataraman=2026-07-20T16:35:13.670578,2,true,2026-09-13T22:40:14.837309,,1,1,0,0,0,0
1568,0001031296,FIRSTENERGY CORP,2025,0001031296-25-000006,false,false,false,2468,9,Yesenia Garcia; Akshitha Venkataraman,Yesenia Garcia=done; Akshitha Venkataraman=done,Yesenia Garcia=2026-07-13T06:45:08.311160; Akshitha Venkataraman=2026-07-20T16:38:55.126288,2,false,,,1,0,1,0,0,1
1569,0001031296,FIRSTENERGY CORP,2026,0001031296-26-000046,false,false,false,6654,63,Yesenia Garcia; Akshitha Venkataraman,Yesenia Garcia=done; Akshitha Venkataraman=done,Yesenia Garcia=2026-07-13T06:49:40.202227; Akshitha Venkataraman=2026-07-20T16:45:19.774225,2,false,,,7,1,5,1,0,6
2606,0000798354,FISERV INC,2017,0000798354-17-000006,false,false,false,893,6,Naomi Ichiriu,Naomi Ichiriu=done,Naomi Ichiriu=2026-08-13T07:50:59.924600,2,false,,,0,0,0,0,0,0
2605,0000798354,FISERV INC,2018,0000798354-18-000005,false,false,false,276,4,Naomi Ichiriu,Naomi Ichiriu=done,Naomi Ichiriu=2026-08-13T07:50:45.420933,2,false,,,0,0,0,0,0,0
2607,0000798354,FISERV INC,2019,0000798354-19-000005,false,false,false,1019,9,Naomi Ichiriu,Naomi Ichiriu=done,Naomi Ichiriu=2026-08-13T07:51:22.776807,2,false,,,0,0,0,0,0,0
2608,0000798354,FISERV INC,2020,0000798354-20-000006,false,false,false,1222,11,Naomi Ichiriu,Naomi Ichiriu=done,Naomi Ichiriu=2026-08-13T07:51:34.943249,2,false,,,0,0,0,0,0,0
2609,0000798354,FISERV INC,2021,0000798354-21-000004,false,false,false,1817,12,Naomi Ichiriu,Naomi Ichiriu=done,Naomi Ichiriu=2026-08-13T07:53:00.198463,2,false,,,0,0,0,0,0,0
2610,0000798354,FISERV INC,2022,0000798354-22-000004,false,false,false,1625,12,Naomi Ichiriu,Naomi Ichiriu=done,Naomi Ichiriu=2026-08-13T07:53:22.283266,2,false,,,0,0,0,0,0,0
2611,0000798354,FISERV INC,2023,0000798354-23-000004,false,false,false,1617,11,Naomi Ichiriu,Naomi Ichiriu=done,Naomi Ichiriu=2026-08-13T07:53:24.312674,2,false,,,0,0,0,0,0,0
2705,0000798354,FISERV INC,2024,0000798354-24-000037,false,false,false,482,126,Naomi Ichiriu,Naomi Ichiriu=done,Naomi Ichiriu=2026-08-15T10:36:39.165991,2,false,,,4,3,0,0,0,0
2706,0000798354,FISERV INC,2025,0000798354-25-000047,false,false,false,454,83,Naomi Ichiriu,Naomi Ichiriu=done,Naomi Ichiriu=2026-08-15T10:38:40.179375,2,false,,,10,9,0,0,0,0
2707,0000798354,FISERV INC,2026,0000798354-26-000009,false,false,false,718,123,Naomi Ichiriu,Naomi Ichiriu=done,Naomi Ichiriu=2026-08-15T10:43:43.320139,2,false,,,15,10,0,0,0,0
567,0000037996,FORD MOTOR CO,2015,0000037996-15-000013,false,false,false,112,4,Naomi Ichiriu,Naomi Ichiriu=done,Naomi Ichiriu=2026-08-17T23:35:44.010536,2,false,,,0,0,0,0,0,0
568,0000037996,FORD MOTOR CO,2016,0000037996-16-000092,false,false,false,146,7,Naomi Ichiriu,Naomi Ichiriu=done,Naomi Ichiriu=2026-08-17T23:36:06.154174,2,false,,,0,0,0,0,0,0
569,0000037996,FORD MOTOR CO,2017,0000037996-17-000013,false,false,false,1120,3,Naomi Ichiriu,Naomi Ichiriu=done,Naomi Ichiriu=2026-08-17T23:36:38.405939,2,false,,,0,0,0,0,0,0
570,0000037996,FORD MOTOR CO,2018,0000037996-18-000015,false,false,false,82,4,Naomi Ichiriu,Naomi Ichiriu=done,Naomi Ichiriu=2026-08-17T23:36:54.929279,2,false,,,0,0,0,0,0,0
571,0000037996,FORD MOTOR CO,2019,0000037996-19-000012,false,false,false,733,9,Naomi Ichiriu,Naomi Ichiriu=done,Naomi Ichiriu=2026-08-17T23:37:52.088161,2,false,,,0,0,0,0,0,0
572,0000037996,FORD MOTOR CO,2020,0000037996-20-000010,false,false,false,629,13,Naomi Ichiriu,Naomi Ichiriu=done,Naomi Ichiriu=2026-08-17T23:39:44.971697,2,false,,,0,0,0,0,0,0
573,0000037996,FORD MOTOR CO,2021,0000037996-21-000012,false,false,false,6313,38,Naomi Ichiriu,Naomi Ichiriu=done,Naomi Ichiriu=2026-08-20T08:55:04.122734,2,false,,,0,0,0,0,0,0
574,0000037996,FORD MOTOR CO,2022,0000037996-22-000013,false,false,false,6216,32,Naomi Ichiriu,Naomi Ichiriu=done,Naomi Ichiriu=2026-08-20T08:55:51.424737,2,false,,,0,0,0,0,0,0
575,0000037996,FORD MOTOR CO,2023,0000037996-23-000012,false,false,false,4301,45,Naomi Ichiriu,Naomi Ichiriu=done,Naomi Ichiriu=2026-08-20T08:57:31.424345,2,false,,,1,1,0,0,0,0
576,0000037996,FORD MOTOR CO,2024,0000037996-24-000009,false,false,false,4126,66,Naomi Ichiriu,Naomi Ichiriu=done,Naomi Ichiriu=2026-08-20T09:06:59.551810,2,false,,,5,5,0,0,0,0
577,0000037996,FORD MOTOR CO,2025,0000037996-25-000013,false,false,false,4013,65,Naomi Ichiriu,Naomi Ichiriu=done,Naomi Ichiriu=2026-08-20T09:28:21.479571,2,false,,,9,8,0,0,0,0
578,0000037996,FORD MOTOR CO,2026,0000037996-26-000015,false,false,false,322,57,Naomi Ichiriu,Naomi Ichiriu=done,Naomi Ichiriu=2026-08-22T17:07:59.012586,2,false,,,5,4,0,0,0,0
3527,0001659166,Fortive Corp,2018,0001659166-18-000100,false,false,false,43,1,Yesenia Garcia; Akshitha Venkataraman,Yesenia Garcia=done; Akshitha Venkataraman=done,Yesenia Garcia=2026-08-31T06:13:57.568414; Akshitha Venkataraman=2026-09-30T05:19:13.717319,2,false,,,0,0,0,0,0,0
3528,0001659166,Fortive Corp,2019,0001659166-19-000085,false,false,false,44,1,Yesenia Garcia; Akshitha Venkataraman,Yesenia Garcia=done; Akshitha Venkataraman=done,Yesenia Garcia=2026-08-31T06:14:14.590140; Akshitha Venkataraman=2026-09-30T05:19:42.819789,2,false,,,0,0,0,0,0,0
3529,0001659166,Fortive Corp,2020,0001659166-20-000071,false,false,false,42,1,Yesenia Garcia,Yesenia Garcia=done,Yesenia Garcia=2026-08-31T06:14:32.687225,2,false,,,0,0,0,0,0,0
3530,0001659166,Fortive Corp,2021,0001659166-21-000062,false,false,false,44,1,Yesenia Garcia,Yesenia Garcia=done,Yesenia Garcia=2026-08-31T06:14:53.371695,2,false,,,0,0,0,0,0,0
3531,0001659166,Fortive Corp,2022,0001659166-22-000054,false,false,false,50,1,Yesenia Garcia,Yesenia Garcia=done,Yesenia Garcia=2026-08-31T06:15:33.147810,2,false,,,0,0,0,0,0,0
3532,0001659166,Fortive Corp,2023,0001659166-23-000080,false,false,false,47,1,Yesenia Garcia,Yesenia Garcia=done,Yesenia Garcia=2026-08-31T06:15:51.778193,2,false,,,0,0,0,0,0,0
3533,0001659166,Fortive Corp,2024,0001659166-24-000046,false,false,false,358,69,Yesenia Garcia,Yesenia Garcia=in_progress,Yesenia Garcia=,2,false,,,0,0,0,0,0,0
1446,0001754301,Fox Corp,2019,0001564590-19-031285,false,false,true,198,4,Naomi Ichiriu; Akshitha Venkataraman,Naomi Ichiriu=done; Akshitha Venkataraman=done,Naomi Ichiriu=2026-07-11T03:26:44.746959; Akshitha Venkataraman=2026-07-20T16:45:54.799403,2,true,2026-07-20T17:53:04.943371,,0,0,0,0,0,0
1447,0001754301,Fox Corp,2020,0001564590-20-038975,false,false,true,218,4,Naomi Ichiriu; Akshitha Venkataraman,Naomi Ichiriu=done; Akshitha Venkataraman=done,Naomi Ichiriu=2026-07-11T03:34:16.875462; Akshitha Venkataraman=2026-07-20T16:46:33.690412,2,true,2026-07-20T17:53:23.901313,,0,0,0,0,0,0
1448,0001754301,Fox Corp,2021,0001564590-21-043103,false,false,true,106,7,Naomi Ichiriu; Akshitha Venkataraman,Naomi Ichiriu=done; Akshitha Venkataraman=done,Naomi Ichiriu=2026-07-11T03:34:28.629171; Akshitha Venkataraman=2026-07-20T16:47:10.964094,2,true,2026-07-20T17:56:42.822028,,0,0,0,0,0,0
1449,0001754301,Fox Corp,2022,0001628280-22-022584,false,false,true,194,9,Naomi Ichiriu; Akshitha Venkataraman,Naomi Ichiriu=done; Akshitha Venkataraman=done,Naomi Ichiriu=2026-07-11T03:29:05.291490; Akshitha Venkataraman=2026-07-20T16:47:26.510925,2,true,2026-08-10T07:44:52.806705,,0,0,0,0,0,0
1450,0001754301,Fox Corp,2023,0001628280-23-029065,false,false,false,266,12,Naomi Ichiriu; Akshitha Venkataraman,Naomi Ichiriu=done; Akshitha Venkataraman=done,Naomi Ichiriu=2026-07-11T05:41:16.698679; Akshitha Venkataraman=2026-07-20T16:51:12.859366,2,false,,,3,1,2,0,0,0
1451,0001754301,Fox Corp,2024,0001628280-24-036123,false,false,false,418,150,Naomi Ichiriu; Akshitha Venkataraman,Naomi Ichiriu=done; Akshitha Venkataraman=done,Naomi Ichiriu=2026-07-11T05:48:03.521064; Akshitha Venkataraman=2026-07-20T16:52:58.736840,2,false,,,13,4,4,5,0,6
1452,0001754301,Fox Corp,2025,0001628280-25-038077,false,false,false,366,144,Naomi Ichiriu; Akshitha Venkataraman,Naomi Ichiriu=done; Akshitha Venkataraman=done,Naomi Ichiriu=2026-07-11T06:23:40.010290; Akshitha Venkataraman=2026-07-20T17:02:53.319057,2,false,,,25,5,8,2,0,4
584,0000038777,FRANKLIN RESOURCES INC,2020,0000038777-20-000203,false,false,false,49,2,,,,0,false,,,0,0,0,0,0,0
585,0000038777,FRANKLIN RESOURCES INC,2021,0000038777-21-000205,false,false,false,52,2,,,,0,false,,,0,0,0,0,0,0
586,0000038777,FRANKLIN RESOURCES INC,2022,0000038777-22-000198,false,false,false,37,1,,,,0,false,,,0,0,0,0,0,0
587,0000038777,FRANKLIN RESOURCES INC,2023,0000038777-23-000169,false,false,false,92,6,,,,0,false,,,0,0,0,0,0,0
588,0000038777,FRANKLIN RESOURCES INC,2024,0000038777-24-000206,false,false,false,251,41,,,,0,false,,,0,0,0,0,0,0
589,0000038777,FRANKLIN RESOURCES INC,2025,0000038777-25-000238,false,false,false,269,50,,,,0,false,,,0,0,0,0,0,0
3822,0000831259,FREEPORT-MCMORAN INC,2015,0000831259-15-000016,false,false,true,41,2,Yesenia Garcia; Naomi Ichiriu,Yesenia Garcia=done; Naomi Ichiriu=done,Yesenia Garcia=2026-09-12T06:09:36.211919; Naomi Ichiriu=2026-09-22T16:27:19.306117,2,true,2026-09-30T17:41:55.916354,,0,0,0,0,0,0
3823,0000831259,FREEPORT-MCMORAN INC,2016,0000831259-16-000062,false,false,true,45,2,Yesenia Garcia; Naomi Ichiriu,Yesenia Garcia=done; Naomi Ichiriu=done,Yesenia Garcia=2026-09-12T06:09:57.186298; Naomi Ichiriu=2026-09-22T14:49:43.019934,2,true,2026-09-30T17:41:53.477211,,0,0,0,0,0,0
3824,0000831259,FREEPORT-MCMORAN INC,2017,0000831259-17-000012,false,false,true,47,2,Yesenia Garcia; Naomi Ichiriu,Yesenia Garcia=done; Naomi Ichiriu=done,Yesenia Garcia=2026-09-12T06:10:55.143021; Naomi Ichiriu=2026-09-22T14:49:44.836903,2,true,2026-09-30T17:41:38.203500,,0,0,0,0,0,0
3825,0000831259,FREEPORT-MCMORAN INC,2018,0000831259-18-000008,false,false,true,46,2,Yesenia Garcia; Naomi Ichiriu,Yesenia Garcia=done; Naomi Ichiriu=done,Yesenia Garcia=2026-09-12T06:11:16.742475; Naomi Ichiriu=2026-09-22T14:49:47.816511,2,true,2026-09-30T17:41:35.554969,,0,0,0,0,0,0
3826,0000831259,FREEPORT-MCMORAN INC,2019,0000831259-19-000009,false,false,true,368,8,Yesenia Garcia; Naomi Ichiriu,Yesenia Garcia=done; Naomi Ichiriu=done,Yesenia Garcia=2026-09-12T06:11:49.333888; Naomi Ichiriu=2026-09-22T16:27:16.193275,2,true,2026-09-30T17:41:33.058187,,0,0,0,0,0,0
3827,0000831259,FREEPORT-MCMORAN INC,2020,0000831259-20-000004,false,false,true,3236,13,Yesenia Garcia; Naomi Ichiriu,Yesenia Garcia=done; Naomi Ichiriu=done,Yesenia Garcia=2026-09-12T06:12:12.383095; Naomi Ichiriu=2026-09-22T14:49:50.241575,2,true,2026-09-30T17:41:30.231172,,0,0,0,0,0,0
3828,0000831259,FREEPORT-MCMORAN INC,2021,0000831259-21-000009,false,false,true,1897,9,Yesenia Garcia; Naomi Ichiriu,Yesenia Garcia=done; Naomi Ichiriu=done,Yesenia Garcia=2026-09-12T06:12:35.320239; Naomi Ichiriu=2026-09-22T14:49:54.036539,2,true,2026-09-30T17:41:27.179035,,0,0,0,0,0,0
3829,0000831259,FREEPORT-MCMORAN INC,2022,0000831259-22-000009,false,false,true,335,8,Yesenia Garcia; Naomi Ichiriu,Yesenia Garcia=done; Naomi Ichiriu=done,Yesenia Garcia=2026-09-12T06:13:03.034293; Naomi Ichiriu=2026-09-22T16:29:13.329901,2,true,2026-09-30T18:02:58.094184,,0,0,0,0,0,0
3830,0000831259,FREEPORT-MCMORAN INC,2023,0000831259-23-000013,false,false,true,340,8,Yesenia Garcia; Naomi Ichiriu,Yesenia Garcia=done; Naomi Ichiriu=done,Yesenia Garcia=2026-09-12T06:13:28.776061; Naomi Ichiriu=2026-09-22T16:27:36.828970,2,true,2026-09-30T18:03:06.922100,,0,0,0,0,0,0
3831,0000831259,FREEPORT-MCMORAN INC,2024,0000831259-24-000011,false,false,false,704,180,Yesenia Garcia; Naomi Ichiriu,Yesenia Garcia=done; Naomi Ichiriu=done,Yesenia Garcia=2026-09-12T06:18:01.605108; Naomi Ichiriu=2026-09-27T04:27:56.989591,2,false,,,6,1,2,2,0,3
3832,0000831259,FREEPORT-MCMORAN INC,2025,0000831259-25-000006,false,false,false,2768,190,Yesenia Garcia; Naomi Ichiriu,Yesenia Garcia=done; Naomi Ichiriu=done,Yesenia Garcia=2026-09-12T06:30:29.909672; Naomi Ichiriu=2026-09-27T00:08:12.437537,2,false,,,9,1,0,3,0,5
3833,0000831259,FREEPORT-MCMORAN INC,2026,0000831259-26-000012,false,false,false,3178,366,Yesenia Garcia; Naomi Ichiriu,Yesenia Garcia=done; Naomi Ichiriu=done,Yesenia Garcia=2026-09-12T06:32:46.186387; Naomi Ichiriu=2026-09-27T00:05:56.990848,2,false,,,5,1,2,1,0,1
2901,0001121788,GARMIN LTD,2015,0001144204-15-010586,false,false,false,54,2,Naomi Ichiriu,Naomi Ichiriu=done,Naomi Ichiriu=2026-08-19T15:38:50.607254,2,false,,,0,0,0,0,0,0
2902,0001121788,GARMIN LTD,2016,0001615774-16-004243,false,false,false,55,2,Naomi Ichiriu,Naomi Ichiriu=done,Naomi Ichiriu=2026-08-19T15:38:41.444764,2,false,,,0,0,0,0,0,0
2903,0001121788,GARMIN LTD,2017,0001615774-17-000765,false,false,false,53,2,Naomi Ichiriu,Naomi Ichiriu=done,Naomi Ichiriu=2026-08-19T15:39:05.206110,2,false,,,0,0,0,0,0,0
2904,0001121788,GARMIN LTD,2018,0001615774-18-001344,false,false,false,56,2,Naomi Ichiriu,Naomi Ichiriu=done,Naomi Ichiriu=2026-08-19T18:26:45.444597,2,false,,,0,0,0,0,0,0
2905,0001121788,GARMIN LTD,2019,0001615774-19-002739,false,false,false,57,2,Naomi Ichiriu,Naomi Ichiriu=done,Naomi Ichiriu=2026-08-19T18:26:50.063665,2,false,,,0,0,0,0,0,0
2906,0001121788,GARMIN LTD,2020,0001564590-20-005133,false,false,false,56,2,Naomi Ichiriu,Naomi Ichiriu=done,Naomi Ichiriu=2026-08-19T18:26:54.481039,2,false,,,0,0,0,0,0,0
2923,0001121788,GARMIN LTD,2021,0001564590-21-006192,false,false,false,15,1,Naomi Ichiriu,Naomi Ichiriu=done,Naomi Ichiriu=2026-08-19T18:26:58.748428,2,false,,,0,0,0,0,0,0
2928,0001121788,GARMIN LTD,2022,0000950170-22-001303,false,false,false,59,2,Naomi Ichiriu,Naomi Ichiriu=done,Naomi Ichiriu=2026-08-19T18:27:05.231052,2,false,,,0,0,0,0,0,0
2927,0001121788,GARMIN LTD,2023,0000950170-23-003566,false,false,false,56,2,Naomi Ichiriu,Naomi Ichiriu=done,Naomi Ichiriu=2026-08-19T20:29:49.065850,2,false,,,0,0,0,0,0,0
2926,0001121788,GARMIN LTD,2024,0000950170-24-017559,false,false,false,100,25,Naomi Ichiriu,Naomi Ichiriu=done,Naomi Ichiriu=2026-08-19T20:30:22.748949,2,false,,,0,0,0,0,0,0
2925,0001121788,GARMIN LTD,2025,0000950170-25-022760,false,false,false,106,28,Naomi Ichiriu,Naomi Ichiriu=done,Naomi Ichiriu=2026-08-19T20:30:12.886230,2,false,,,0,0,0,0,0,0
2924,0001121788,GARMIN LTD,2026,0001193125-26-056028,false,false,false,111,27,Naomi Ichiriu,Naomi Ichiriu=done,Naomi Ichiriu=2026-08-19T20:30:04.647351,2,false,,,0,0,0,0,0,0
1540,0000749251,GARTNER INC,2020,0000749251-20-000008,false,false,false,66,5,Yesenia Garcia; Akshitha Venkataraman,Yesenia Garcia=done; Akshitha Venkataraman=done,Yesenia Garcia=2026-07-13T06:16:18.419578; Akshitha Venkataraman=2026-07-15T18:09:30.165199,2,false,,,0,0,0,0,0,0
1542,0000749251,GARTNER INC,2021,0000749251-21-000010,false,false,false,225,7,Yesenia Garcia; Akshitha Venkataraman,Yesenia Garcia=done; Akshitha Venkataraman=done,Yesenia Garcia=2026-07-13T06:16:48.300050; Akshitha Venkataraman=2026-07-15T18:10:14.082209,2,false,,,0,0,0,0,0,0
1543,0000749251,GARTNER INC,2022,0000749251-22-000006,false,false,false,232,7,Yesenia Garcia; Akshitha Venkataraman,Yesenia Garcia=done; Akshitha Venkataraman=done,Yesenia Garcia=2026-07-13T06:17:42.668369; Akshitha Venkataraman=2026-07-15T18:13:52.011477,2,false,,,0,0,0,0,0,0
1544,0000749251,GARTNER INC,2023,0000749251-23-000006,false,false,false,336,8,Yesenia Garcia; Akshitha Venkataraman,Yesenia Garcia=done; Akshitha Venkataraman=done,Yesenia Garcia=2026-07-13T07:47:53.462629; Akshitha Venkataraman=2026-07-15T18:14:43.481815,2,false,,,1,0,1,0,0,0
1545,0000749251,GARTNER INC,2024,0000749251-24-000006,false,false,false,372,126,Yesenia Garcia; Akshitha Venkataraman,Yesenia Garcia=done; Akshitha Venkataraman=done,Yesenia Garcia=2026-07-13T07:54:42.414434; Akshitha Venkataraman=2026-07-15T18:17:35.564392,2,false,,,14,5,8,0,0,0
1888,0000749251,GARTNER INC,2025,0000749251-25-000008,false,false,false,485,150,Akshitha Venkataraman; Yesenia Garcia,Akshitha Venkataraman=done; Yesenia Garcia=in_progress,Akshitha Venkataraman=2026-07-15T18:26:25.726797; Yesenia Garcia=,2,false,,,22,2,20,0,0,0
1890,0000749251,GARTNER INC,2026,0000749251-26-000112,false,false,false,502,166,Akshitha Venkataraman; Yesenia Garcia,Akshitha Venkataraman=done; Yesenia Garcia=in_progress,Akshitha Venkataraman=2026-07-15T18:42:35.915635; Yesenia Garcia=,2,false,,,23,0,23,0,0,0
590,0000040533,GENERAL DYNAMICS CORP,2015,0000040533-15-000009,false,false,false,100,1,Naomi Ichiriu,Naomi Ichiriu=done,Naomi Ichiriu=2026-08-28T17:15:17.785936,2,false,,,0,0,0,0,0,0
591,0000040533,GENERAL DYNAMICS CORP,2016,0000040533-16-000056,false,false,false,86,1,Naomi Ichiriu,Naomi Ichiriu=done,Naomi Ichiriu=2026-08-28T17:15:22.907076,2,false,,,0,0,0,0,0,0
592,0000040533,GENERAL DYNAMICS CORP,2017,0000040533-17-000006,false,false,false,77,1,Naomi Ichiriu,Naomi Ichiriu=done,Naomi Ichiriu=2026-08-28T17:15:27.437283,2,false,,,0,0,0,0,0,0
593,0000040533,GENERAL DYNAMICS CORP,2018,0000040533-18-000008,false,false,false,87,2,Naomi Ichiriu,Naomi Ichiriu=done,Naomi Ichiriu=2026-08-28T17:15:34.863775,2,false,,,0,0,0,0,0,0
594,0000040533,GENERAL DYNAMICS CORP,2019,0000040533-19-000010,false,false,false,242,5,Naomi Ichiriu,Naomi Ichiriu=done,Naomi Ichiriu=2026-08-28T17:16:34.327296,2,false,,,0,0,0,0,0,0
595,0000040533,GENERAL DYNAMICS CORP,2020,0000040533-20-000015,false,false,false,313,18,Naomi Ichiriu,Naomi Ichiriu=done,Naomi Ichiriu=2026-08-28T17:16:49.772693,2,false,,,0,0,0,0,0,0
596,0000040533,GENERAL DYNAMICS CORP,2021,0000040533-21-000010,false,false,false,274,13,Naomi Ichiriu,Naomi Ichiriu=done,Naomi Ichiriu=2026-08-28T17:17:14.288217,2,false,,,0,0,0,0,0,0
597,0000040533,GENERAL DYNAMICS CORP,2022,0000040533-22-000007,false,false,false,187,14,Naomi Ichiriu,Naomi Ichiriu=done,Naomi Ichiriu=2026-08-28T17:21:15.121566,2,false,,,0,0,0,0,0,0
598,0000040533,GENERAL DYNAMICS CORP,2023,0000040533-23-000014,false,false,false,232,16,Naomi Ichiriu,Naomi Ichiriu=done,Naomi Ichiriu=2026-08-28T17:21:36.704178,2,false,,,0,0,0,0,0,0
599,0000040533,GENERAL DYNAMICS CORP,2024,0000040533-24-000007,false,false,false,309,36,Naomi Ichiriu,Naomi Ichiriu=done,Naomi Ichiriu=2026-08-28T17:22:08.470441,2,false,,,0,0,0,0,0,0
600,0000040533,GENERAL DYNAMICS CORP,2025,0000040533-25-000008,false,false,false,273,32,Naomi Ichiriu,Naomi Ichiriu=done,Naomi Ichiriu=2026-08-28T17:22:38.170449,2,false,,,0,0,0,0,0,0
601,0000040533,GENERAL DYNAMICS CORP,2026,0000040533-26-000006,false,false,false,316,30,Naomi Ichiriu,Naomi Ichiriu=done,Naomi Ichiriu=2026-08-28T17:22:57.775382,2,false,,,0,0,0,0,0,0
611,0000040545,GENERAL ELECTRIC CO,2024,0000040545-24-000027,false,false,true,6,1,Yesenia Garcia; Naomi Ichiriu,Yesenia Garcia=done; Naomi Ichiriu=done,Yesenia Garcia=2026-09-04T04:54:44.131582; Naomi Ichiriu=2026-09-22T16:27:38.792072,2,true,2026-09-30T17:42:03.612901,,0,0,0,0,0,0
612,0000040545,GENERAL ELECTRIC CO,2025,0000040545-25-000015,false,false,true,6,1,Yesenia Garcia; Naomi Ichiriu,Yesenia Garcia=done; Naomi Ichiriu=done,Yesenia Garcia=2026-09-04T04:54:45.846882; Naomi Ichiriu=2026-09-22T16:27:41.636940,2,true,2026-09-30T17:42:00.824266,,0,0,0,0,0,0
613,0000040545,GENERAL ELECTRIC CO,2026,0000040545-26-000008,false,false,true,6,1,Yesenia Garcia; Naomi Ichiriu,Yesenia Garcia=done; Naomi Ichiriu=done,Yesenia Garcia=2026-09-04T04:54:48.014245; Naomi Ichiriu=2026-09-22T16:29:20.622974,2,true,2026-09-30T17:41:58.072983,,0,0,0,0,0,0
623,0000040704,GENERAL MILLS INC,2024,0001193125-24-168943,false,false,true,366,25,Yesenia Garcia; Akshitha Venkataraman,Yesenia Garcia=done; Akshitha Venkataraman=done,Yesenia Garcia=2026-07-07T22:02:19.970935; Akshitha Venkataraman=2026-07-10T17:02:50.208484,2,true,2026-09-13T06:48:26.775322,,0,0,0,0,0,0
624,0000040704,GENERAL MILLS INC,2025,0001193125-25-147079,false,false,true,376,25,Yesenia Garcia; Akshitha Venkataraman,Yesenia Garcia=done; Akshitha Venkataraman=done,Yesenia Garcia=2026-07-07T22:01:58.841170; Akshitha Venkataraman=2026-07-10T17:03:05.417326,2,true,2026-09-13T06:48:29.610080,,0,0,0,0,0,0
3565,0001467858,General Motors Co,2016,0001467858-16-000255,false,false,true,936,6,Amali Oakley; Alexa Bishop,Amali Oakley=done; Alexa Bishop=done,Amali Oakley=2026-08-31T20:31:59.244370; Alexa Bishop=2026-09-03T04:11:08.572248,2,true,2026-09-18T21:17:40.612138,,2,0,0,1,1,1
3567,0001467858,General Motors Co,2017,0001467858-17-000028,false,false,true,751,8,Amali Oakley; Alexa Bishop,Amali Oakley=done; Alexa Bishop=done,Amali Oakley=2026-08-31T20:33:29.372601; Alexa Bishop=2026-09-03T04:28:46.801182,2,true,2026-09-18T21:18:18.918673,,2,0,0,2,2,2
3568,0001467858,General Motors Co,2018,0001467858-18-000022,false,false,true,617,4,Amali Oakley; Alexa Bishop,Amali Oakley=done; Alexa Bishop=done,Amali Oakley=2026-08-31T20:50:25.139424; Alexa Bishop=2026-09-03T04:32:19.346334,2,true,2026-09-18T21:18:42.267776,,2,0,0,1,1,1
3570,0001467858,General Motors Co,2019,0001467858-19-000033,false,false,true,1792,13,Amali Oakley; Alexa Bishop,Amali Oakley=done; Alexa Bishop=done,Amali Oakley=2026-08-31T20:51:37.738400; Alexa Bishop=2026-09-03T05:00:09.814475,2,true,2026-09-18T21:23:17.874198,,7,0,0,7,7,7
3571,0001467858,General Motors Co,2020,0001467858-20-000028,false,false,true,1690,15,Amali Oakley; Alexa Bishop,Amali Oakley=done; Alexa Bishop=done,Amali Oakley=2026-08-31T21:08:10.041777; Alexa Bishop=2026-09-03T05:30:02.647492,2,true,2026-09-18T21:25:15.477733,,9,0,0,9,9,9
3572,0001467858,General Motors Co,2021,0001467858-21-000037,false,false,true,1534,16,Amali Oakley; Alexa Bishop,Amali Oakley=done; Alexa Bishop=done,Amali Oakley=2026-09-02T02:17:54.984688; Alexa Bishop=2026-09-09T04:06:57.332057,2,true,2026-09-18T21:27:04.622161,,8,0,0,8,8,8
3575,0001467858,General Motors Co,2022,0001467858-22-000034,false,false,true,249,5,Amali Oakley; Alexa Bishop,Amali Oakley=done; Alexa Bishop=done,Amali Oakley=2026-09-02T02:26:59.475415; Alexa Bishop=2026-09-09T04:11:23.275720,2,true,2026-09-18T21:28:43.472877,,2,0,0,2,2,2
3576,0001467858,General Motors Co,2023,0001467858-23-000029,false,false,true,273,7,Amali Oakley; Alexa Bishop,Amali Oakley=done; Alexa Bishop=done,Amali Oakley=2026-09-02T02:53:34.457847; Alexa Bishop=2026-09-09T04:15:07.675748,2,true,2026-09-18T21:30:21.853035,,3,0,0,3,3,3
3577,0001467858,General Motors Co,2024,0001467858-24-000031,false,false,true,387,25,Amali Oakley; Alexa Bishop,Amali Oakley=done; Alexa Bishop=done,Amali Oakley=2026-09-02T02:56:11.135215; Alexa Bishop=2026-09-09T04:19:35.804276,2,true,2026-09-18T21:31:32.883229,,2,0,0,2,2,2
3578,0001467858,General Motors Co,2025,0001467858-25-000032,false,false,true,270,29,Amali Oakley; Alexa Bishop,Amali Oakley=done; Alexa Bishop=done,Amali Oakley=2026-09-02T15:53:47.973594; Alexa Bishop=2026-09-09T04:25:58.821833,2,true,2026-09-18T21:33:04.080257,,4,2,0,2,1,2
3579,0001467858,General Motors Co,2026,0001467858-26-000013,false,false,true,366,126,Amali Oakley; Alexa Bishop,Amali Oakley=done; Alexa Bishop=done,Amali Oakley=2026-09-02T15:55:21.496588; Alexa Bishop=2026-09-09T04:36:03.667323,2,true,2026-09-21T20:06:12.311126,,12,3,0,9,3,11
627,0000040987,GENUINE PARTS CO,2019,0000040987-19-000015,false,false,true,,,Naomi Ichiriu; Akshitha Venkataraman,Naomi Ichiriu=done; Akshitha Venkataraman=done,Naomi Ichiriu=2026-07-21T04:52:09.714495; Akshitha Venkataraman=2026-08-02T17:48:59.032488,2,true,2026-08-04T22:55:45.211781,,0,0,0,0,0,0
628,0000040987,GENUINE PARTS CO,2020,0000040987-20-000010,false,false,true,102,2,Naomi Ichiriu; Akshitha Venkataraman,Naomi Ichiriu=done; Akshitha Venkataraman=done,Naomi Ichiriu=2026-07-21T04:52:16.281421; Akshitha Venkataraman=2026-08-02T17:49:09.044924,2,true,2026-08-04T22:44:36.216029,,0,0,0,0,0,0
629,0000040987,GENUINE PARTS CO,2021,0000040987-21-000009,false,false,true,77,2,Naomi Ichiriu; Akshitha Venkataraman,Naomi Ichiriu=done; Akshitha Venkataraman=done,Naomi Ichiriu=2026-07-21T04:47:53.663751; Akshitha Venkataraman=2026-08-02T17:49:16.793312,2,true,2026-08-04T22:44:38.717885,,0,0,0,0,0,0
630,0000040987,GENUINE PARTS CO,2022,0000040987-22-000013,false,false,true,75,2,Naomi Ichiriu; Akshitha Venkataraman,Naomi Ichiriu=done; Akshitha Venkataraman=done,Naomi Ichiriu=2026-07-21T04:48:03.167532; Akshitha Venkataraman=2026-08-02T17:49:22.949439,2,true,2026-08-04T22:44:41.970933,,0,0,0,0,0,0
631,0000040987,GENUINE PARTS CO,2023,0000040987-23-000008,false,false,true,106,2,Naomi Ichiriu; Akshitha Venkataraman,Naomi Ichiriu=done; Akshitha Venkataraman=done,Naomi Ichiriu=2026-07-21T04:48:09.712136; Akshitha Venkataraman=2026-08-02T17:49:30.393259,2,true,2026-08-04T22:44:45.121657,,0,0,0,0,0,0
632,0000040987,GENUINE PARTS CO,2024,0000040987-24-000024,false,false,true,630,19,Naomi Ichiriu; Akshitha Venkataraman,Naomi Ichiriu=done; Akshitha Venkataraman=done,Naomi Ichiriu=2026-07-21T05:39:36.813401; Akshitha Venkataraman=2026-08-02T17:54:19.914408,2,true,2026-08-17T17:14:40.094034,,8,1,0,6,0,8
633,0000040987,GENUINE PARTS CO,2025,0000040987-25-000026,false,false,true,1012,22,Naomi Ichiriu; Akshitha Venkataraman,Naomi Ichiriu=done; Akshitha Venkataraman=done,Naomi Ichiriu=2026-07-21T05:44:40.144878; Akshitha Venkataraman=2026-08-02T18:03:27.997809,2,true,2026-08-17T17:15:11.525716,,12,2,0,5,0,6
634,0000040987,GENUINE PARTS CO,2026,0000040987-26-000003,false,false,true,1148,25,Naomi Ichiriu; Akshitha Venkataraman,Naomi Ichiriu=done; Akshitha Venkataraman=done,Naomi Ichiriu=2026-08-10T07:51:24.234109; Akshitha Venkataraman=2026-08-02T18:05:40.124189,2,true,2026-08-10T07:51:58.029374,,4,0,0,4,0,4
2938,0000886982,GOLDMAN SACHS GROUP INC,2019,0001193125-19-050198,false,false,false,92,17,Naomi Ichiriu,Naomi Ichiriu=done,Naomi Ichiriu=2026-08-19T18:10:20.966444,2,false,,,0,0,0,0,0,0
2935,0000886982,GOLDMAN SACHS GROUP INC,2020,0001193125-20-043853,false,false,false,44,17,Naomi Ichiriu,Naomi Ichiriu=done,Naomi Ichiriu=2026-08-19T18:10:26.622046,2,false,,,0,0,0,0,0,0
2933,0000886982,GOLDMAN SACHS GROUP INC,2023,0000886982-23-000003,false,false,false,3299,15,Naomi Ichiriu,Naomi Ichiriu=done,Naomi Ichiriu=2026-08-20T09:09:30.169983,2,false,,,0,0,0,0,0,0
2932,0000886982,GOLDMAN SACHS GROUP INC,2024,0000886982-24-000006,false,false,false,6966,556,Naomi Ichiriu,Naomi Ichiriu=done,Naomi Ichiriu=2026-08-20T15:35:43.924074,2,false,,,18,18,0,0,0,0
2930,0000886982,GOLDMAN SACHS GROUP INC,2025,0000886982-25-000005,false,false,false,7160,767,Naomi Ichiriu,Naomi Ichiriu=done,Naomi Ichiriu=2026-08-21T22:11:34.979064,2,false,,,28,26,0,0,0,0
2929,0000886982,GOLDMAN SACHS GROUP INC,2026,0000886982-26-000091,false,false,false,7287,776,Naomi Ichiriu,Naomi Ichiriu=done,Naomi Ichiriu=2026-08-22T17:16:22.211832,2,false,,,31,27,0,0,0,0
637,0000045012,HALLIBURTON CO,2015,0000045012-15-000040,false,false,true,63,1,Naomi Ichiriu; Yesenia Garcia,Naomi Ichiriu=done; Yesenia Garcia=done,Naomi Ichiriu=2026-07-21T05:22:09.124602; Yesenia Garcia=2026-07-25T05:33:26.933852,2,true,2026-07-26T20:27:49.429601,,0,0,0,0,0,0
638,0000045012,HALLIBURTON CO,2016,0000045012-16-000272,false,false,true,67,1,Naomi Ichiriu; Yesenia Garcia,Naomi Ichiriu=done; Yesenia Garcia=done,Naomi Ichiriu=2026-07-21T05:22:16.081748; Yesenia Garcia=2026-07-25T05:33:32.707709,2,true,2026-07-26T20:27:51.963586,,0,0,0,0,0,0
639,0000045012,HALLIBURTON CO,2017,0000045012-17-000047,false,false,true,92,1,Naomi Ichiriu; Yesenia Garcia,Naomi Ichiriu=done; Yesenia Garcia=done,Naomi Ichiriu=2026-07-21T05:22:21.415468; Yesenia Garcia=2026-07-25T05:33:37.692816,2,true,2026-07-26T20:27:44.767616,,0,0,0,0,0,0
640,0000045012,HALLIBURTON CO,2018,0000045012-18-000059,false,false,true,96,1,Naomi Ichiriu; Yesenia Garcia,Naomi Ichiriu=done; Yesenia Garcia=done,Naomi Ichiriu=2026-07-21T05:22:26.508862; Yesenia Garcia=2026-07-25T05:33:42.697465,2,true,2026-07-26T20:27:37.393495,,0,0,0,0,0,0
641,0000045012,HALLIBURTON CO,2019,0000045012-19-000044,false,false,true,67,1,Naomi Ichiriu; Yesenia Garcia,Naomi Ichiriu=done; Yesenia Garcia=done,Naomi Ichiriu=2026-07-21T05:22:32.233799; Yesenia Garcia=2026-07-25T05:33:47.076360,2,true,2026-07-26T20:27:41.567867,,0,0,0,0,0,0
642,0000045012,HALLIBURTON CO,2020,0000045012-20-000031,false,false,true,73,1,Naomi Ichiriu; Yesenia Garcia,Naomi Ichiriu=done; Yesenia Garcia=done,Naomi Ichiriu=2026-07-21T05:22:38.228144; Yesenia Garcia=2026-07-25T05:33:55.753753,2,true,2026-07-26T20:27:32.896433,,0,0,0,0,0,0
643,0000045012,HALLIBURTON CO,2021,0000045012-21-000009,false,false,true,173,3,Naomi Ichiriu; Yesenia Garcia,Naomi Ichiriu=done; Yesenia Garcia=done,Naomi Ichiriu=2026-07-21T05:22:52.701191; Yesenia Garcia=2026-07-25T05:34:08.547661,2,true,2026-07-26T20:25:00.260822,,0,0,0,0,0,0
644,0000045012,HALLIBURTON CO,2022,0000045012-22-000013,false,false,true,165,3,Naomi Ichiriu; Yesenia Garcia,Naomi Ichiriu=done; Yesenia Garcia=done,Naomi Ichiriu=2026-07-21T05:23:13.216195; Yesenia Garcia=2026-07-25T05:34:19.974446,2,true,2026-07-26T20:25:03.575441,,0,0,0,0,0,0
645,0000045012,HALLIBURTON CO,2023,0000045012-23-000011,false,false,true,121,3,Naomi Ichiriu; Yesenia Garcia,Naomi Ichiriu=done; Yesenia Garcia=done,Naomi Ichiriu=2026-07-21T05:23:36.291707; Yesenia Garcia=2026-07-25T05:34:28.848168,2,true,2026-07-26T20:25:06.604865,,0,0,0,0,0,0
646,0000045012,HALLIBURTON CO,2024,0000045012-24-000007,false,false,true,203,25,Naomi Ichiriu; Yesenia Garcia,Naomi Ichiriu=done; Yesenia Garcia=done,Naomi Ichiriu=2026-07-21T05:25:21.398301; Yesenia Garcia=2026-07-25T05:34:54.405327,2,true,2026-07-26T20:25:09.695691,,0,0,0,0,0,0
647,0000045012,HALLIBURTON CO,2025,0000045012-25-000010,false,false,true,895,29,Naomi Ichiriu; Yesenia Garcia,Naomi Ichiriu=done; Yesenia Garcia=done,Naomi Ichiriu=2026-07-21T05:48:11.164852; Yesenia Garcia=2026-07-25T05:36:14.536850,2,true,2026-07-27T03:18:33.160616,,1,0,0,1,0,2
648,0000045012,HALLIBURTON CO,2026,0000045012-26-000015,false,false,true,1725,35,Naomi Ichiriu; Yesenia Garcia,Naomi Ichiriu=done; Yesenia Garcia=done,Naomi Ichiriu=2026-07-21T05:25:37.862084; Yesenia Garcia=2026-07-25T05:37:47.562656,2,true,2026-07-26T20:27:26.831135,,8,0,0,2,0,2
659,0000046080,"HASBRO, INC.",2018,0001193125-18-058659,false,false,false,16,1,Yesenia Garcia; Akshitha Venkataraman,Yesenia Garcia=done; Akshitha Venkataraman=done,Yesenia Garcia=2026-08-06T05:48:52.597090; Akshitha Venkataraman=2026-08-10T07:22:09.134537,2,true,2026-08-10T16:35:01.620576,,0,0,0,0,0,0
660,0000046080,"HASBRO, INC.",2019,0001193125-19-052025,false,false,false,16,1,Yesenia Garcia; Akshitha Venkataraman,Yesenia Garcia=done; Akshitha Venkataraman=done,Yesenia Garcia=2026-08-06T05:48:58.098431; Akshitha Venkataraman=2026-08-10T07:22:11.320428,2,true,2026-08-10T16:35:04.011375,,0,0,0,0,0,0
649,0000046080,"HASBRO, INC.",2020,0000046080-20-000028,false,false,false,16,1,Yesenia Garcia; Akshitha Venkataraman,Yesenia Garcia=done; Akshitha Venkataraman=done,Yesenia Garcia=2026-08-06T05:49:03.584653; Akshitha Venkataraman=2026-08-10T07:22:13.503472,2,true,2026-08-10T16:35:07.968833,,0,0,0,0,0,0
650,0000046080,"HASBRO, INC.",2021,0000046080-21-000035,false,false,false,83,2,Yesenia Garcia; Akshitha Venkataraman,Yesenia Garcia=done; Akshitha Venkataraman=done,Yesenia Garcia=2026-08-06T05:49:09.709384; Akshitha Venkataraman=2026-08-10T07:22:15.597224,2,true,2026-08-10T16:35:09.927582,,0,0,0,0,0,0
651,0000046080,"HASBRO, INC.",2022,0000046080-22-000023,false,false,false,86,2,Yesenia Garcia; Akshitha Venkataraman,Yesenia Garcia=done; Akshitha Venkataraman=done,Yesenia Garcia=2026-08-06T05:49:18.538665; Akshitha Venkataraman=2026-08-10T07:22:17.750956,2,true,2026-08-10T16:35:12.703202,,0,0,0,0,0,0
652,0000046080,"HASBRO, INC.",2023,0000046080-23-000017,false,false,false,70,2,Yesenia Garcia; Akshitha Venkataraman,Yesenia Garcia=done; Akshitha Venkataraman=done,Yesenia Garcia=2026-08-06T05:49:26.389726; Akshitha Venkataraman=2026-08-10T07:22:20.037593,2,true,2026-08-10T16:35:15.576307,,0,0,0,0,0,0
653,0000046080,"HASBRO, INC.",2024,0000046080-24-000034,false,false,false,387,31,Yesenia Garcia; Akshitha Venkataraman,Yesenia Garcia=done; Akshitha Venkataraman=done,Yesenia Garcia=2026-08-06T05:52:21.937276; Akshitha Venkataraman=2026-08-10T07:23:15.770222,2,true,2026-08-17T16:54:27.764097,,5,3,0,2,1,4
654,0000046080,"HASBRO, INC.",2025,0000046080-25-000027,false,false,false,920,36,Yesenia Garcia; Akshitha Venkataraman,Yesenia Garcia=done; Akshitha Venkataraman=done,Yesenia Garcia=2026-08-06T05:54:08.861591; Akshitha Venkataraman=2026-08-10T07:26:42.119854,2,true,2026-08-17T16:55:40.670925,,8,3,0,5,0,6
655,0000046080,"HASBRO, INC.",2026,0000046080-26-000011,false,false,false,986,45,Yesenia Garcia; Akshitha Venkataraman,Yesenia Garcia=done; Akshitha Venkataraman=done,Yesenia Garcia=2026-08-06T06:01:18.179272; Akshitha Venkataraman=2026-08-10T07:28:45.905709,2,true,2026-08-17T16:57:51.143838,,16,4,0,9,0,11
2952,0000860730,"HCA Healthcare, Inc.",2016,0001193125-16-482165,false,false,true,74,5,Naomi Ichiriu; Yesenia Garcia,Naomi Ichiriu=done; Yesenia Garcia=done,Naomi Ichiriu=2026-08-19T18:27:16.268779; Yesenia Garcia=2026-09-12T06:33:29.078471,2,true,2026-09-13T18:21:18.311085,,0,0,0,0,0,0
2951,0000860730,"HCA Healthcare, Inc.",2017,0001193125-17-052253,false,false,true,113,6,Naomi Ichiriu; Yesenia Garcia,Naomi Ichiriu=done; Yesenia Garcia=done,Naomi Ichiriu=2026-08-19T18:27:24.671390; Yesenia Garcia=2026-09-12T06:33:31.269261,2,true,2026-09-13T18:21:20.924929,,0,0,0,0,0,0
2950,0000860730,"HCA Healthcare, Inc.",2018,0001193125-18-056057,false,false,true,113,7,Naomi Ichiriu; Yesenia Garcia,Naomi Ichiriu=done; Yesenia Garcia=done,Naomi Ichiriu=2026-08-19T18:27:33.571841; Yesenia Garcia=2026-09-12T06:33:35.042491,2,true,2026-09-13T18:21:23.511120,,0,0,0,0,0,0
2949,0000860730,"HCA Healthcare, Inc.",2019,0001193125-19-047078,false,false,true,121,7,Naomi Ichiriu; Yesenia Garcia,Naomi Ichiriu=done; Yesenia Garcia=done,Naomi Ichiriu=2026-08-19T18:27:42.662025; Yesenia Garcia=2026-09-12T06:33:37.380157,2,true,2026-09-13T18:21:26.471123,,0,0,0,0,0,0
2948,0000860730,"HCA Healthcare, Inc.",2020,0001193125-20-043524,false,false,true,100,8,Naomi Ichiriu; Yesenia Garcia,Naomi Ichiriu=done; Yesenia Garcia=done,Naomi Ichiriu=2026-08-19T18:27:49.996922; Yesenia Garcia=2026-09-12T06:33:39.905342,2,true,2026-09-13T18:21:29.127186,,0,0,0,0,0,0
2947,0000860730,"HCA Healthcare, Inc.",2021,0001193125-21-048994,false,false,true,798,13,Naomi Ichiriu; Yesenia Garcia,Naomi Ichiriu=done; Yesenia Garcia=done,Naomi Ichiriu=2026-08-19T18:28:40.419340; Yesenia Garcia=2026-09-12T06:34:06.997072,2,true,2026-09-13T18:21:31.658712,,0,0,0,0,0,0
2946,0000860730,"HCA Healthcare, Inc.",2022,0001193125-22-046707,false,false,true,865,16,Naomi Ichiriu; Yesenia Garcia,Naomi Ichiriu=done; Yesenia Garcia=done,Naomi Ichiriu=2026-08-19T18:28:38.012579; Yesenia Garcia=2026-09-12T06:34:10.412726,2,true,2026-09-13T18:21:34.796732,,0,0,0,0,0,0
2945,0000860730,"HCA Healthcare, Inc.",2023,0000950170-23-003234,false,false,true,941,20,Naomi Ichiriu; Yesenia Garcia,Naomi Ichiriu=done; Yesenia Garcia=done,Naomi Ichiriu=2026-08-27T02:20:13.143094; Yesenia Garcia=2026-09-12T06:35:12.061028,2,true,2026-09-13T18:21:37.701986,,0,0,0,0,0,0
2944,0000860730,"HCA Healthcare, Inc.",2024,0000950170-24-016524,false,false,false,1225,39,Naomi Ichiriu; Yesenia Garcia,Naomi Ichiriu=done; Yesenia Garcia=in_progress,Naomi Ichiriu=2026-08-27T19:22:26.406858; Yesenia Garcia=,2,false,,,13,0,8,0,0,0
2943,0000860730,"HCA Healthcare, Inc.",2025,0000950170-25-020134,false,false,false,1279,425,Naomi Ichiriu; Yesenia Garcia,Naomi Ichiriu=done; Yesenia Garcia=in_progress,Naomi Ichiriu=2026-09-02T18:06:29.834347; Yesenia Garcia=,2,false,,,34,0,21,0,0,0
2942,0000860730,"HCA Healthcare, Inc.",2026,0001193125-26-044769,false,false,false,1558,508,Naomi Ichiriu; Yesenia Garcia,Naomi Ichiriu=done; Yesenia Garcia=in_progress,Naomi Ichiriu=2026-09-02T18:18:00.813015; Yesenia Garcia=,2,false,,,35,0,23,0,0,0
4103,0001000228,HENRY SCHEIN INC,2015,0001000228-15-000007,false,false,false,88,2,Naomi Ichiriu,Naomi Ichiriu=done,Naomi Ichiriu=2026-09-18T05:38:44.090751,2,false,,,0,0,0,0,0,0
4104,0001000228,HENRY SCHEIN INC,2016,0001000228-16-000042,false,false,false,138,3,Naomi Ichiriu,Naomi Ichiriu=done,Naomi Ichiriu=2026-09-18T05:39:26.412587,2,false,,,0,0,0,0,0,0
4105,0001000228,HENRY SCHEIN INC,2017,0001000228-17-000011,false,false,false,131,3,Naomi Ichiriu,Naomi Ichiriu=done,Naomi Ichiriu=2026-09-18T05:39:19.323878,2,false,,,0,0,0,0,0,0
4106,0001000228,HENRY SCHEIN INC,2018,0001000228-18-000012,false,false,false,253,4,Naomi Ichiriu,Naomi Ichiriu=done,Naomi Ichiriu=2026-09-18T05:39:44.960802,2,false,,,0,0,0,0,0,0
4107,0001000228,HENRY SCHEIN INC,2019,0001000228-19-000015,false,false,false,258,7,Naomi Ichiriu,Naomi Ichiriu=done,Naomi Ichiriu=2026-09-18T05:39:33.826775,2,false,,,0,0,0,0,0,0
4108,0001000228,HENRY SCHEIN INC,2020,0001000228-20-000018,false,false,false,279,7,Naomi Ichiriu,Naomi Ichiriu=done,Naomi Ichiriu=2026-09-18T05:40:03.626698,2,false,,,0,0,0,0,0,0
4109,0001000228,HENRY SCHEIN INC,2021,0001000228-21-000019,false,false,false,1461,5,Naomi Ichiriu,Naomi Ichiriu=done,Naomi Ichiriu=2026-09-18T05:40:13.865786,2,false,,,0,0,0,0,0,0
4110,0001000228,HENRY SCHEIN INC,2022,0001000228-22-000016,false,false,false,395,9,Naomi Ichiriu,Naomi Ichiriu=done,Naomi Ichiriu=2026-09-18T05:42:32.128716,2,false,,,0,0,0,0,0,0
4112,0001000228,HENRY SCHEIN INC,2023,0001000228-23-000011,false,false,false,2025,9,Naomi Ichiriu,Naomi Ichiriu=done,Naomi Ichiriu=2026-09-18T05:42:39.452430,2,false,,,0,0,0,0,0,0
4111,0001000228,HENRY SCHEIN INC,2024,0001000228-24-000011,false,false,false,7704,89,Naomi Ichiriu,Naomi Ichiriu=done,Naomi Ichiriu=2026-09-18T05:42:40.766589,2,false,,,0,0,0,0,0,0
4113,0001000228,HENRY SCHEIN INC,2025,0001000228-25-000014,false,false,false,2125,237,Naomi Ichiriu,Naomi Ichiriu=done,Naomi Ichiriu=2026-09-27T20:23:04.710964,2,false,,,54,14,0,0,0,0
4114,0001000228,HENRY SCHEIN INC,2026,0001000228-26-000013,false,false,false,2174,258,Naomi Ichiriu,Naomi Ichiriu=in_progress,Naomi Ichiriu=,2,false,,,0,0,0,0,0,0
661,0000047111,HERSHEY CO,2015,0000047111-15-000010,false,false,false,63,1,Naomi Ichiriu,Naomi Ichiriu=done,Naomi Ichiriu=2026-08-12T01:47:54.329828,2,false,,,0,0,0,0,0,0
662,0000047111,HERSHEY CO,2016,0000047111-16-000095,false,false,false,71,1,Naomi Ichiriu,Naomi Ichiriu=done,Naomi Ichiriu=2026-08-12T01:48:06.349957,2,false,,,0,0,0,0,0,0
663,0000047111,HERSHEY CO,2017,0000047111-17-000005,false,false,false,79,1,Naomi Ichiriu,Naomi Ichiriu=done,Naomi Ichiriu=2026-08-12T01:48:20.250192,2,false,,,0,0,0,0,0,0
664,0000047111,HERSHEY CO,2018,0000047111-18-000011,false,false,false,80,1,Naomi Ichiriu,Naomi Ichiriu=done,Naomi Ichiriu=2026-08-12T02:38:58.022852,2,false,,,0,0,0,0,0,0
665,0000047111,HERSHEY CO,2019,0000047111-19-000010,false,false,false,85,1,Naomi Ichiriu,Naomi Ichiriu=done,Naomi Ichiriu=2026-08-12T02:39:03.384992,2,false,,,0,0,0,0,0,0
666,0000047111,HERSHEY CO,2020,0000047111-20-000007,false,false,false,86,1,Naomi Ichiriu,Naomi Ichiriu=done,Naomi Ichiriu=2026-08-12T02:39:13.597052,2,false,,,0,0,0,0,0,0
667,0000047111,HERSHEY CO,2021,0000047111-21-000007,false,false,false,80,2,Naomi Ichiriu,Naomi Ichiriu=done,Naomi Ichiriu=2026-08-12T02:39:20.525327,2,false,,,0,0,0,0,0,0
668,0000047111,HERSHEY CO,2022,0000047111-22-000017,false,false,false,78,2,Naomi Ichiriu,Naomi Ichiriu=done,Naomi Ichiriu=2026-08-12T02:39:27.563655,2,false,,,0,0,0,0,0,0
669,0000047111,HERSHEY CO,2023,0000047111-23-000012,false,false,false,52,2,Naomi Ichiriu,Naomi Ichiriu=done,Naomi Ichiriu=2026-08-12T02:39:33.585632,2,false,,,0,0,0,0,0,0
670,0000047111,HERSHEY CO,2024,0000047111-24-000009,false,false,false,108,22,Naomi Ichiriu,Naomi Ichiriu=done,Naomi Ichiriu=2026-08-12T03:59:05.466020,2,false,,,0,0,0,0,0,0
671,0000047111,HERSHEY CO,2025,0000047111-25-000014,false,false,false,107,23,Naomi Ichiriu,Naomi Ichiriu=done,Naomi Ichiriu=2026-08-12T04:06:13.508170,2,false,,,0,0,0,0,0,0
672,0000047111,HERSHEY CO,2026,0001628280-26-008586,false,false,false,203,28,Naomi Ichiriu,Naomi Ichiriu=done,Naomi Ichiriu=2026-08-12T12:03:42.718467,2,false,,,6,6,0,0,0,0
3816,0001645590,Hewlett Packard Enterprise Co,2015,0001047469-15-009279,false,false,false,13794,48,Yesenia Garcia; Akshitha Venkataraman,Yesenia Garcia=done; Akshitha Venkataraman=done,Yesenia Garcia=2026-09-12T05:54:03.909254; Akshitha Venkataraman=2026-09-30T05:21:51.033626,2,true,2026-09-30T05:21:59.685701,,0,0,0,0,0,0
3817,0001645590,Hewlett Packard Enterprise Co,2016,0001628280-16-022051,false,false,false,7597,48,Yesenia Garcia,Yesenia Garcia=done,Yesenia Garcia=2026-09-12T05:54:50.699545,2,false,,,0,0,0,0,0,0
3818,0001645590,Hewlett Packard Enterprise Co,2017,0001628280-17-012383,false,false,false,5086,23,Yesenia Garcia,Yesenia Garcia=done,Yesenia Garcia=2026-09-12T05:59:37.403282,2,false,,,0,0,0,0,0,0
3819,0001645590,Hewlett Packard Enterprise Co,2018,0001628280-18-015054,false,false,false,4182,223,Yesenia Garcia,Yesenia Garcia=done,Yesenia Garcia=2026-09-12T06:00:45.079545,2,false,,,0,0,0,0,0,0
3820,0001645590,Hewlett Packard Enterprise Co,2019,0001645590-19-000044,false,false,false,4173,58,Yesenia Garcia,Yesenia Garcia=done,Yesenia Garcia=2026-09-12T06:01:34.859300,2,false,,,0,0,0,0,0,0
3821,0001645590,Hewlett Packard Enterprise Co,2020,0001645590-20-000056,false,false,false,4432,80,Yesenia Garcia,Yesenia Garcia=in_progress,Yesenia Garcia=,2,false,,,0,0,0,0,0,0
1512,0001585689,Hilton Worldwide Holdings Inc.,2015,0001585689-15-000032,false,false,false,50,1,Yesenia Garcia; Akshitha Venkataraman,Yesenia Garcia=done; Akshitha Venkataraman=done,Yesenia Garcia=2026-07-13T04:45:10.734759; Akshitha Venkataraman=2026-07-14T23:24:29.373190,2,true,2026-09-13T01:12:43.643582,,0,0,0,0,0,0
1513,0001585689,Hilton Worldwide Holdings Inc.,2016,0001585689-16-000161,false,false,false,46,1,Yesenia Garcia; Akshitha Venkataraman,Yesenia Garcia=done; Akshitha Venkataraman=done,Yesenia Garcia=2026-07-13T04:45:28.246716; Akshitha Venkataraman=2026-07-14T23:24:46.515966,2,true,2026-09-13T01:12:45.695580,,0,0,0,0,0,0
1514,0001585689,Hilton Worldwide Holdings Inc.,2017,0001585689-17-000038,false,false,false,42,1,Yesenia Garcia; Akshitha Venkataraman,Yesenia Garcia=done; Akshitha Venkataraman=done,Yesenia Garcia=2026-07-13T04:45:46.786407; Akshitha Venkataraman=2026-07-14T23:27:03.478140,2,true,2026-09-13T01:12:48.037760,,0,0,0,0,0,0
1515,0001585689,Hilton Worldwide Holdings Inc.,2018,0001585689-18-000033,false,false,false,42,1,Yesenia Garcia; Akshitha Venkataraman,Yesenia Garcia=done; Akshitha Venkataraman=done,Yesenia Garcia=2026-07-13T04:46:15.443719; Akshitha Venkataraman=2026-07-14T23:27:29.024120,2,true,2026-09-13T01:12:50.285963,,0,0,0,0,0,0
1516,0001585689,Hilton Worldwide Holdings Inc.,2019,0001585689-19-000034,false,false,false,42,1,Yesenia Garcia; Akshitha Venkataraman,Yesenia Garcia=done; Akshitha Venkataraman=done,Yesenia Garcia=2026-07-13T04:46:39.002575; Akshitha Venkataraman=2026-07-14T23:50:38.839587,2,true,2026-09-13T01:12:52.714280,,0,0,0,0,0,0
1517,0001585689,Hilton Worldwide Holdings Inc.,2020,0001585689-20-000013,false,false,false,42,1,Yesenia Garcia; Akshitha Venkataraman,Yesenia Garcia=done; Akshitha Venkataraman=done,Yesenia Garcia=2026-07-13T04:47:13.998346; Akshitha Venkataraman=2026-07-14T23:59:44.553447,2,true,2026-09-13T01:12:55.075166,,0,0,0,0,0,0
1518,0001585689,Hilton Worldwide Holdings Inc.,2021,0001585689-21-000016,false,false,false,42,1,Yesenia Garcia; Akshitha Venkataraman,Yesenia Garcia=done; Akshitha Venkataraman=done,Yesenia Garcia=2026-07-13T04:47:36.799532; Akshitha Venkataraman=2026-07-15T00:00:02.652922,2,true,2026-09-13T01:12:57.212066,,0,0,0,0,0,0
1519,0001585689,Hilton Worldwide Holdings Inc.,2022,0001585689-22-000013,false,false,false,42,1,Yesenia Garcia; Akshitha Venkataraman,Yesenia Garcia=done; Akshitha Venkataraman=done,Yesenia Garcia=2026-07-13T04:48:03.928526; Akshitha Venkataraman=2026-07-15T03:31:55.509528,2,true,2026-09-13T01:13:00.362119,,0,0,0,0,0,0
1520,0001585689,Hilton Worldwide Holdings Inc.,2023,0001585689-23-000036,false,false,false,45,1,Yesenia Garcia; Akshitha Venkataraman,Yesenia Garcia=done; Akshitha Venkataraman=done,Yesenia Garcia=2026-07-13T04:49:12.880635; Akshitha Venkataraman=2026-07-15T03:32:20.808144,2,true,2026-09-13T01:13:03.156272,,0,0,0,0,0,0
1521,0001585689,Hilton Worldwide Holdings Inc.,2024,0001585689-24-000027,false,false,false,103,22,Yesenia Garcia; Akshitha Venkataraman,Yesenia Garcia=done; Akshitha Venkataraman=done,Yesenia Garcia=2026-07-13T04:52:42.289982; Akshitha Venkataraman=2026-07-15T13:59:15.633910,2,false,,,5,1,4,0,0,4
1522,0001585689,Hilton Worldwide Holdings Inc.,2025,0001585689-25-000008,false,false,false,274,24,Yesenia Garcia; Akshitha Venkataraman,Yesenia Garcia=done; Akshitha Venkataraman=done,Yesenia Garcia=2026-07-13T04:55:08.843063; Akshitha Venkataraman=2026-07-15T14:02:18.877709,2,false,,,5,1,4,0,0,4
1523,0001585689,Hilton Worldwide Holdings Inc.,2026,0001585689-26-000007,false,false,false,390,158,Yesenia Garcia; Akshitha Venkataraman,Yesenia Garcia=done; Akshitha Venkataraman=done,Yesenia Garcia=2026-07-13T05:05:07.344100; Akshitha Venkataraman=2026-07-15T14:05:58.583295,2,false,,,13,4,6,2,0,8
3378,0000354950,"HOME DEPOT, INC.",2015,0000354950-15-000008,false,false,false,115,2,Naomi Ichiriu; Joseline Viveros,Naomi Ichiriu=done; Joseline Viveros=done,Naomi Ichiriu=2026-08-28T17:57:26.977158; Joseline Viveros=2026-09-19T16:50:33.199213,3,true,2026-09-23T20:47:07.673277,,0,0,0,0,0,0
3379,0000354950,"HOME DEPOT, INC.",2016,0000354950-16-000060,false,false,false,120,2,Naomi Ichiriu; Joseline Viveros,Naomi Ichiriu=done; Joseline Viveros=done,Naomi Ichiriu=2026-08-28T17:57:34.710487; Joseline Viveros=2026-09-19T16:53:14.046958,3,true,2026-09-27T12:27:39.166607,,0,0,0,0,0,0
3380,0000354950,"HOME DEPOT, INC.",2017,0000354950-17-000005,false,false,false,111,2,Naomi Ichiriu; Joseline Viveros,Naomi Ichiriu=done; Joseline Viveros=done,Naomi Ichiriu=2026-08-28T17:57:40.794793; Joseline Viveros=2026-09-19T16:53:35.712501,3,true,2026-09-27T12:27:56.009575,,0,0,0,0,0,0
3381,0000354950,"HOME DEPOT, INC.",2018,0000354950-18-000019,false,false,false,108,2,Naomi Ichiriu; Joseline Viveros,Naomi Ichiriu=done; Joseline Viveros=done,Naomi Ichiriu=2026-08-28T17:57:47.976316; Joseline Viveros=2026-09-19T16:53:57.284423,3,true,2026-09-27T12:28:14.181117,,0,0,0,0,0,0
3382,0000354950,"HOME DEPOT, INC.",2019,0000354950-19-000010,false,false,false,165,4,Naomi Ichiriu; Joseline Viveros,Naomi Ichiriu=done; Joseline Viveros=done,Naomi Ichiriu=2026-08-28T17:57:59.291414; Joseline Viveros=2026-09-19T16:54:41.642201,3,true,2026-09-27T12:27:18.900987,,0,0,0,0,0,0
3383,0000354950,"HOME DEPOT, INC.",2020,0000354950-20-000015,false,false,false,178,4,Naomi Ichiriu; Joseline Viveros,Naomi Ichiriu=done; Joseline Viveros=done,Naomi Ichiriu=2026-09-09T05:19:10.634284; Joseline Viveros=2026-09-19T16:55:13.393568,3,true,2026-09-27T12:28:50.412277,,0,0,0,0,0,0
3384,0000354950,"HOME DEPOT, INC.",2021,0000354950-21-000089,false,false,false,182,5,Naomi Ichiriu; Joseline Viveros,Naomi Ichiriu=done; Joseline Viveros=done,Naomi Ichiriu=2026-09-09T05:29:00.245323; Joseline Viveros=2026-09-19T16:55:50.786222,3,true,2026-09-27T12:27:00.790662,,0,0,0,0,0,0
3385,0000354950,"HOME DEPOT, INC.",2022,0000354950-22-000070,false,false,false,363,8,Naomi Ichiriu; Joseline Viveros,Naomi Ichiriu=done; Joseline Viveros=done,Naomi Ichiriu=2026-09-09T05:28:56.384084; Joseline Viveros=2026-09-19T16:56:36.663874,3,true,2026-09-27T12:26:43.678556,,0,0,0,0,0,0
3386,0000354950,"HOME DEPOT, INC.",2023,0000354950-23-000059,false,false,false,352,8,Naomi Ichiriu; Joseline Viveros,Naomi Ichiriu=done; Joseline Viveros=done,Naomi Ichiriu=2026-09-09T05:19:18.663914; Joseline Viveros=2026-09-19T16:57:42.894554,3,true,2026-09-27T12:26:17.319847,,0,0,0,0,0,0
3387,0000354950,"HOME DEPOT, INC.",2024,0000354950-24-000062,false,false,false,575,48,Naomi Ichiriu; Joseline Viveros,Naomi Ichiriu=done; Joseline Viveros=done,Naomi Ichiriu=2026-09-09T15:22:05.846418; Joseline Viveros=2026-09-19T17:02:55.564443,3,true,2026-09-27T12:31:05.564471,,2,1,0,1,0,1
3388,0000354950,"HOME DEPOT, INC.",2025,0000354950-25-000085,false,false,false,590,50,Naomi Ichiriu; Joseline Viveros,Naomi Ichiriu=done; Joseline Viveros=done,Naomi Ichiriu=2026-09-09T15:25:52.816144; Joseline Viveros=2026-09-27T12:37:19.555029,3,false,,,4,1,1,2,0,3
3389,0000354950,"HOME DEPOT, INC.",2026,0001628280-26-019436,false,false,false,688,222,Naomi Ichiriu; Joseline Viveros,Naomi Ichiriu=done; Joseline Viveros=done,Naomi Ichiriu=2026-09-09T15:44:18.909993; Joseline Viveros=2026-09-27T12:39:46.095208,3,false,,,9,3,4,2,0,6
4291,0000773840,HONEYWELL INTERNATIONAL INC,2015,0000930413-15-000621,false,false,false,154,6,Amali Oakley; Joseline Viveros,Amali Oakley=done; Joseline Viveros=done,Amali Oakley=2026-09-24T04:51:59.473955; Joseline Viveros=2026-09-27T04:16:08.205850,2,true,2026-09-27T04:16:13.115347,,0,0,0,0,0,0
4292,0000773840,HONEYWELL INTERNATIONAL INC,2016,0000930413-16-005457,false,false,false,41,6,Amali Oakley; Joseline Viveros,Amali Oakley=done; Joseline Viveros=done,Amali Oakley=2026-09-24T04:52:29.597271; Joseline Viveros=2026-09-27T04:16:51.303786,2,true,2026-09-27T04:16:54.787779,,0,0,0,0,0,0
4300,0000773840,HONEYWELL INTERNATIONAL INC,2017,0000930413-17-000391,false,false,false,81,7,Amali Oakley; Joseline Viveros,Amali Oakley=done; Joseline Viveros=done,Amali Oakley=2026-09-24T04:54:55.510109; Joseline Viveros=2026-09-27T04:17:22.872747,2,true,2026-09-27T04:17:27.176665,,0,0,0,0,0,0
4301,0000773840,HONEYWELL INTERNATIONAL INC,2018,0000930413-18-000292,false,false,false,92,7,Amali Oakley; Joseline Viveros,Amali Oakley=done; Joseline Viveros=done,Amali Oakley=2026-09-24T04:55:20.867747; Joseline Viveros=2026-09-27T04:17:57.195388,2,true,2026-09-27T04:18:01.406637,,0,0,0,0,0,0
4302,0000773840,HONEYWELL INTERNATIONAL INC,2019,0000930413-19-000366,false,false,false,84,7,Amali Oakley; Joseline Viveros,Amali Oakley=done; Joseline Viveros=done,Amali Oakley=2026-09-24T04:55:46.394765; Joseline Viveros=2026-09-27T04:18:30.813286,2,true,2026-09-27T04:18:35.156762,,0,0,0,0,0,0
4299,0000773840,HONEYWELL INTERNATIONAL INC,2020,0000773840-20-000009,false,false,false,494,10,Amali Oakley; Joseline Viveros,Amali Oakley=done; Joseline Viveros=done,Amali Oakley=2026-09-24T04:54:21.251834; Joseline Viveros=2026-09-27T04:19:14.462921,2,true,2026-09-27T04:19:19.789254,,0,0,0,0,0,0
4295,0000773840,HONEYWELL INTERNATIONAL INC,2024,0000773840-24-000014,false,false,false,4,1,Amali Oakley; Joseline Viveros,Amali Oakley=done; Joseline Viveros=done,Amali Oakley=2026-09-24T04:53:20.732348; Joseline Viveros=2026-09-27T04:19:51.507209,2,true,2026-09-27T04:19:55.229213,,0,0,0,0,0,0
4294,0000773840,HONEYWELL INTERNATIONAL INC,2025,0000773840-25-000010,false,false,false,4,1,Amali Oakley; Joseline Viveros,Amali Oakley=done; Joseline Viveros=done,Amali Oakley=2026-09-24T04:53:05.822331; Joseline Viveros=2026-09-27T04:20:06.398446,2,true,2026-09-27T04:20:09.735868,,0,0,0,0,0,0
4293,0000773840,HONEYWELL INTERNATIONAL INC,2026,0000773840-26-000013,false,false,false,4,1,Amali Oakley; Joseline Viveros,Amali Oakley=done; Joseline Viveros=done,Amali Oakley=2026-09-24T04:52:49.893641; Joseline Viveros=2026-09-29T18:59:26.181055,2,false,,,0,0,0,0,0,0
688,0000048465,HORMEL FOODS CORP /DE/,2022,0000048465-22-000051,false,false,true,43,1,Naomi Ichiriu; Yesenia Garcia,Naomi Ichiriu=done; Yesenia Garcia=done,Naomi Ichiriu=2026-07-14T03:49:05.828558; Yesenia Garcia=2026-08-10T00:17:49.299778,2,true,2026-08-10T07:52:46.256671,,0,0,0,0,0,0
689,0000048465,HORMEL FOODS CORP /DE/,2023,0000048465-23-000083,false,false,true,133,3,Naomi Ichiriu; Yesenia Garcia,Naomi Ichiriu=done; Yesenia Garcia=done,Naomi Ichiriu=2026-07-14T03:49:13.803211; Yesenia Garcia=2026-08-10T00:17:57.750402,2,true,2026-08-10T07:52:48.956862,,0,0,0,0,0,0
690,0000048465,HORMEL FOODS CORP /DE/,2024,0000048465-24-000051,false,false,true,202,36,Naomi Ichiriu; Yesenia Garcia,Naomi Ichiriu=done; Yesenia Garcia=done,Naomi Ichiriu=2026-07-14T03:49:26.464562; Yesenia Garcia=2026-08-10T00:18:21.165281,2,true,2026-08-10T07:52:52.201446,,0,0,0,0,0,0
691,0000048465,HORMEL FOODS CORP /DE/,2025,0000048465-25-000059,false,false,true,276,39,Naomi Ichiriu; Yesenia Garcia,Naomi Ichiriu=done; Yesenia Garcia=done,Naomi Ichiriu=2026-07-14T03:50:06.627372; Yesenia Garcia=2026-08-10T00:19:01.834803,2,true,2026-08-10T09:37:57.948978,,2,0,0,2,0,2
1546,0001070750,"HOST HOTELS & RESORTS, INC.",2015,0001564590-15-000907,false,false,false,66,1,Yesenia Garcia; Akshitha Venkataraman,Yesenia Garcia=done; Akshitha Venkataraman=done,Yesenia Garcia=2026-07-13T06:21:38.288597; Akshitha Venkataraman=2026-07-16T04:39:02.954912,2,true,2026-07-20T17:41:16.430219,,0,0,0,0,0,0
1547,0001070750,"HOST HOTELS & RESORTS, INC.",2016,0001564590-16-012990,false,false,false,63,2,Yesenia Garcia; Akshitha Venkataraman,Yesenia Garcia=done; Akshitha Venkataraman=done,Yesenia Garcia=2026-07-13T06:21:57.090395; Akshitha Venkataraman=2026-07-16T04:39:24.538689,2,true,2026-09-13T22:35:03.457845,,0,0,0,0,0,0
1548,0001070750,"HOST HOTELS & RESORTS, INC.",2017,0001564590-17-002348,false,false,false,68,2,Yesenia Garcia; Akshitha Venkataraman,Yesenia Garcia=done; Akshitha Venkataraman=done,Yesenia Garcia=2026-07-13T06:22:17.971603; Akshitha Venkataraman=2026-07-16T04:39:44.266102,2,true,2026-09-13T22:35:06.670875,,0,0,0,0,0,0
1549,0001070750,"HOST HOTELS & RESORTS, INC.",2018,0001564590-18-003330,false,false,false,67,2,Yesenia Garcia; Akshitha Venkataraman,Yesenia Garcia=done; Akshitha Venkataraman=done,Yesenia Garcia=2026-07-13T06:22:33.183419; Akshitha Venkataraman=2026-07-16T04:40:03.672633,2,true,2026-09-13T22:35:08.567586,,0,0,0,0,0,0
1550,0001070750,"HOST HOTELS & RESORTS, INC.",2019,0001564590-19-004191,false,false,false,70,2,Yesenia Garcia; Akshitha Venkataraman,Yesenia Garcia=done; Akshitha Venkataraman=done,Yesenia Garcia=2026-07-13T06:22:48.035351; Akshitha Venkataraman=2026-07-16T04:40:21.913073,2,true,2026-09-13T22:35:10.700085,,0,0,0,0,0,0
1551,0001070750,"HOST HOTELS & RESORTS, INC.",2020,0001564590-20-006404,false,false,false,96,3,Yesenia Garcia; Akshitha Venkataraman,Yesenia Garcia=done; Akshitha Venkataraman=done,Yesenia Garcia=2026-07-13T06:23:03.509263; Akshitha Venkataraman=2026-07-16T04:40:42.558799,2,true,2026-09-13T22:35:12.632498,,0,0,0,0,0,0
1552,0001070750,"HOST HOTELS & RESORTS, INC.",2021,0001564590-21-008676,false,false,false,112,3,Yesenia Garcia; Akshitha Venkataraman,Yesenia Garcia=done; Akshitha Venkataraman=done,Yesenia Garcia=2026-07-13T06:23:23.936641; Akshitha Venkataraman=2026-07-16T04:41:03.135961,2,true,2026-09-13T22:35:14.657327,,0,0,0,0,0,0
1553,0001070750,"HOST HOTELS & RESORTS, INC.",2022,0000950170-22-001965,false,false,false,875,5,Yesenia Garcia; Akshitha Venkataraman,Yesenia Garcia=done; Akshitha Venkataraman=done,Yesenia Garcia=2026-07-13T06:23:53.909426; Akshitha Venkataraman=2026-07-16T04:41:47.242457,2,true,2026-09-13T22:35:20.242534,,0,0,0,0,0,0
1554,0001070750,"HOST HOTELS & RESORTS, INC.",2023,0000950170-23-003778,false,false,false,154,5,Yesenia Garcia; Akshitha Venkataraman,Yesenia Garcia=done; Akshitha Venkataraman=done,Yesenia Garcia=2026-07-13T06:24:29.637609; Akshitha Venkataraman=2026-07-16T04:42:20.438550,2,true,2026-09-13T22:35:23.210727,,0,0,0,0,0,0
1555,0001070750,"HOST HOTELS & RESORTS, INC.",2024,0001070750-24-000081,false,false,false,190,27,Yesenia Garcia; Akshitha Venkataraman,Yesenia Garcia=done; Akshitha Venkataraman=done,Yesenia Garcia=2026-07-13T06:32:33.222290; Akshitha Venkataraman=2026-07-16T04:43:23.672921,2,false,,,2,1,1,0,0,1
1556,0001070750,"HOST HOTELS & RESORTS, INC.",2025,0001070750-25-000071,false,false,false,244,50,Yesenia Garcia; Akshitha Venkataraman,Yesenia Garcia=done; Akshitha Venkataraman=done,Yesenia Garcia=2026-07-13T06:32:44.456693; Akshitha Venkataraman=2026-07-16T04:45:04.625659,2,false,,,6,3,3,0,0,3
1557,0001070750,"HOST HOTELS & RESORTS, INC.",2026,0001070750-26-000054,false,false,false,396,106,Yesenia Garcia; Akshitha Venkataraman,Yesenia Garcia=done; Akshitha Venkataraman=done,Yesenia Garcia=2026-07-13T06:37:43.531988; Akshitha Venkataraman=2026-07-16T04:46:55.170925,2,false,,,6,3,3,0,0,3
57,0000004281,Howmet Aerospace Inc.,2015,0001193125-15-054376,false,false,false,67,3,Naomi Ichiriu,Naomi Ichiriu=done,Naomi Ichiriu=2026-08-17T23:38:15.273090,2,false,,,0,0,0,0,0,0
58,0000004281,Howmet Aerospace Inc.,2016,0001193125-16-470162,false,false,false,71,3,Naomi Ichiriu,Naomi Ichiriu=done,Naomi Ichiriu=2026-08-17T23:38:07.938548,2,false,,,0,0,0,0,0,0
59,0000004281,Howmet Aerospace Inc.,2017,0001193125-17-062657,false,false,false,64,3,Naomi Ichiriu,Naomi Ichiriu=done,Naomi Ichiriu=2026-08-17T23:38:01.718521,2,false,,,0,0,0,0,0,0
48,0000004281,Howmet Aerospace Inc.,2018,0000004281-18-000042,false,false,false,58,3,Naomi Ichiriu,Naomi Ichiriu=done,Naomi Ichiriu=2026-08-17T23:38:26.167173,2,false,,,0,0,0,0,0,0
49,0000004281,Howmet Aerospace Inc.,2019,0000004281-19-000031,false,false,false,59,5,Naomi Ichiriu,Naomi Ichiriu=done,Naomi Ichiriu=2026-08-17T23:38:49.226062,2,false,,,0,0,0,0,0,0
50,0000004281,Howmet Aerospace Inc.,2020,0000004281-20-000038,false,false,false,69,5,Naomi Ichiriu,Naomi Ichiriu=done,Naomi Ichiriu=2026-08-17T23:38:59.089075,2,false,,,0,0,0,0,0,0
51,0000004281,Howmet Aerospace Inc.,2021,0000004281-21-000049,false,false,false,58,5,Naomi Ichiriu,Naomi Ichiriu=done,Naomi Ichiriu=2026-08-17T23:39:12.171679,2,false,,,0,0,0,0,0,0
52,0000004281,Howmet Aerospace Inc.,2022,0000004281-22-000004,false,false,false,119,3,Naomi Ichiriu,Naomi Ichiriu=done,Naomi Ichiriu=2026-08-17T23:39:22.553659,2,false,,,0,0,0,0,0,0
53,0000004281,Howmet Aerospace Inc.,2023,0000004281-23-000004,false,false,false,133,3,Naomi Ichiriu,Naomi Ichiriu=done,Naomi Ichiriu=2026-08-27T01:44:07.887777,2,false,,,0,0,0,0,0,0
54,0000004281,Howmet Aerospace Inc.,2024,0000004281-24-000007,false,false,false,185,28,Naomi Ichiriu,Naomi Ichiriu=done,Naomi Ichiriu=2026-08-27T01:44:14.653558,2,false,,,0,0,0,0,0,0
55,0000004281,Howmet Aerospace Inc.,2025,0000004281-25-000011,false,false,false,201,31,Naomi Ichiriu,Naomi Ichiriu=done,Naomi Ichiriu=2026-08-27T01:44:52.636019,2,false,,,2,2,0,0,0,0
56,0000004281,Howmet Aerospace Inc.,2026,0000004281-26-000012,false,false,false,273,40,Naomi Ichiriu,Naomi Ichiriu=done,Naomi Ichiriu=2026-08-27T01:46:24.555523,2,false,,,12,6,0,0,0,0
683,0000047217,HP INC,2015,0001047469-15-009251,false,false,false,18212,40,,,,0,false,,,0,0,0,0,0,0
673,0000047217,HP INC,2016,0000047217-16-000093,false,false,false,490,1,,,,0,false,,,0,0,0,0,0,0
674,0000047217,HP INC,2017,0000047217-17-000043,false,false,false,426,1,,,,0,false,,,0,0,0,0,0,0
675,0000047217,HP INC,2018,0000047217-18-000052,false,false,false,492,1,,,,0,false,,,0,0,0,0,0,0
676,0000047217,HP INC,2019,0000047217-19-000071,false,false,false,479,1,,,,0,false,,,0,0,0,0,0,0
677,0000047217,HP INC,2020,0000047217-20-000045,false,false,false,544,3,,,,0,false,,,0,0,0,0,0,0
678,0000047217,HP INC,2021,0000047217-21-000060,false,false,false,879,4,,,,0,false,,,0,0,0,0,0,0
679,0000047217,HP INC,2022,0000047217-22-000068,false,false,false,730,5,,,,0,false,,,0,0,0,0,0,0
680,0000047217,HP INC,2023,0000047217-23-000100,false,false,false,922,26,,,,0,false,,,0,0,0,0,0,0
681,0000047217,HP INC,2024,0000047217-24-000080,false,false,false,1303,68,,,,0,false,,,0,0,0,0,0,0
682,0000047217,HP INC,2025,0000047217-25-000071,false,false,false,3877,74,,,,0,false,,,0,0,0,0,0,0
698,0000048898,HUBBELL INC,2018,0001628280-18-001740,false,false,false,899,3,Naomi Ichiriu; Akshitha Venkataraman,Naomi Ichiriu=done; Akshitha Venkataraman=done,Naomi Ichiriu=2026-07-14T05:06:01.694385; Akshitha Venkataraman=2026-07-29T23:10:17.965201,2,true,2026-08-01T22:11:47.336238,,0,0,0,0,0,0
699,0000048898,HUBBELL INC,2019,0001628280-19-001446,false,false,false,437,2,Naomi Ichiriu; Akshitha Venkataraman,Naomi Ichiriu=done; Akshitha Venkataraman=done,Naomi Ichiriu=2026-07-14T05:06:21.207377; Akshitha Venkataraman=2026-07-29T23:11:13.978360,2,true,2026-08-01T22:11:52.152096,,0,0,0,0,0,0
700,0000048898,HUBBELL INC,2020,0001628280-20-001557,false,false,false,364,2,Naomi Ichiriu; Akshitha Venkataraman,Naomi Ichiriu=done; Akshitha Venkataraman=done,Naomi Ichiriu=2026-07-14T05:06:28.274876; Akshitha Venkataraman=2026-07-29T23:38:37.045568,2,true,2026-08-01T22:12:01.163294,,0,0,0,0,0,0
701,0000048898,HUBBELL INC,2021,0001628280-21-001868,false,false,false,184,2,Naomi Ichiriu; Akshitha Venkataraman,Naomi Ichiriu=done; Akshitha Venkataraman=done,Naomi Ichiriu=2026-07-14T05:06:35.487903; Akshitha Venkataraman=2026-07-29T23:38:41.616625,2,true,2026-08-01T22:12:13.864236,,0,0,0,0,0,0
702,0000048898,HUBBELL INC,2022,0001628280-22-002255,false,false,false,154,1,Naomi Ichiriu; Akshitha Venkataraman,Naomi Ichiriu=done; Akshitha Venkataraman=done,Naomi Ichiriu=2026-07-14T05:06:46.177081; Akshitha Venkataraman=2026-07-29T23:38:45.921013,2,true,2026-08-01T22:12:20.718784,,0,0,0,0,0,0
703,0000048898,HUBBELL INC,2023,0001628280-23-002875,false,false,false,3074,4,Naomi Ichiriu; Akshitha Venkataraman,Naomi Ichiriu=done; Akshitha Venkataraman=done,Naomi Ichiriu=2026-07-14T05:07:16.711874; Akshitha Venkataraman=2026-07-29T23:38:49.652676,2,true,2026-08-01T22:12:32.434113,,0,0,0,0,0,0
704,0000048898,HUBBELL INC,2024,0001628280-24-003792,false,false,false,3183,34,Naomi Ichiriu; Akshitha Venkataraman,Naomi Ichiriu=done; Akshitha Venkataraman=done,Naomi Ichiriu=2026-07-14T05:08:13.950089; Akshitha Venkataraman=2026-07-29T23:47:06.218690,2,true,2026-08-17T17:16:02.636921,,2,1,0,1,0,2
705,0000048898,HUBBELL INC,2025,0001628280-25-005311,false,false,false,3166,34,Naomi Ichiriu; Akshitha Venkataraman,Naomi Ichiriu=done; Akshitha Venkataraman=done,Naomi Ichiriu=2026-07-14T05:09:20.478088; Akshitha Venkataraman=2026-07-31T20:47:15.020676,2,true,2026-08-17T17:16:15.705926,,2,1,0,1,0,1
706,0000048898,HUBBELL INC,2026,0001628280-26-007500,false,false,false,1937,38,Naomi Ichiriu; Akshitha Venkataraman,Naomi Ichiriu=done; Akshitha Venkataraman=done,Naomi Ichiriu=2026-08-10T08:00:33.655796; Akshitha Venkataraman=2026-08-01T18:40:20.666822,2,true,2026-08-17T17:16:55.410067,,5,0,0,5,0,6
707,0000049071,HUMANA INC,2015,0000049071-15-000019,false,false,false,96,7,,,,0,false,,,0,0,0,0,0,0
708,0000049071,HUMANA INC,2016,0000049071-16-000117,false,false,false,94,7,,,,0,false,,,0,0,0,0,0,0
709,0000049071,HUMANA INC,2017,0000049071-17-000019,false,false,false,90,7,,,,0,false,,,0,0,0,0,0,0
710,0000049071,HUMANA INC,2018,0000049071-18-000014,false,false,false,125,8,,,,0,false,,,0,0,0,0,0,0
711,0000049071,HUMANA INC,2019,0000049071-19-000023,false,false,false,176,11,,,,0,false,,,0,0,0,0,0,0
712,0000049071,HUMANA INC,2020,0000049071-20-000032,false,false,false,252,11,,,,0,false,,,0,0,0,0,0,0
713,0000049071,HUMANA INC,2021,0000049071-21-000039,false,false,false,527,10,,,,0,false,,,0,0,0,0,0,0
714,0000049071,HUMANA INC,2022,0000049071-22-000017,false,false,false,515,10,,,,0,false,,,0,0,0,0,0,0
715,0000049071,HUMANA INC,2023,0000049071-23-000011,false,false,false,523,10,,,,0,false,,,0,0,0,0,0,0
716,0000049071,HUMANA INC,2024,0000049071-24-000012,false,false,false,348,25,,,,0,false,,,0,0,0,0,0,0
717,0000049071,HUMANA INC,2025,0000049071-25-000007,false,false,false,151,27,,,,0,false,,,0,0,0,0,0,0
718,0000049071,HUMANA INC,2026,0000049071-26-000009,false,false,false,168,32,,,,0,false,,,0,0,0,0,0,0
720,0000049196,HUNTINGTON BANCSHARES INC /MD/,2017,0000049196-17-000009,false,false,false,189,1,Naomi Ichiriu,Naomi Ichiriu=done,Naomi Ichiriu=2026-08-12T04:06:22.491486,2,false,,,0,0,0,0,0,0
721,0000049196,HUNTINGTON BANCSHARES INC /MD/,2018,0000049196-18-000008,false,false,false,349,15,Naomi Ichiriu,Naomi Ichiriu=done,Naomi Ichiriu=2026-08-12T04:06:41.468319,2,false,,,0,0,0,0,0,0
722,0000049196,HUNTINGTON BANCSHARES INC /MD/,2019,0000049196-19-000018,false,false,false,369,16,Naomi Ichiriu,Naomi Ichiriu=done,Naomi Ichiriu=2026-08-12T04:06:59.401200,2,false,,,0,0,0,0,0,0
723,0000049196,HUNTINGTON BANCSHARES INC /MD/,2020,0000049196-20-000010,false,false,false,433,17,Naomi Ichiriu,Naomi Ichiriu=done,Naomi Ichiriu=2026-08-12T04:07:12.856772,2,false,,,0,0,0,0,0,0
724,0000049196,HUNTINGTON BANCSHARES INC /MD/,2021,0000049196-21-000018,false,false,false,614,20,Naomi Ichiriu,Naomi Ichiriu=done,Naomi Ichiriu=2026-08-12T04:12:31.521451,2,false,,,0,0,0,0,0,0
725,0000049196,HUNTINGTON BANCSHARES INC /MD/,2022,0000049196-22-000023,false,false,false,630,22,Naomi Ichiriu,Naomi Ichiriu=done,Naomi Ichiriu=2026-08-12T04:13:02.755401,2,false,,,0,0,0,0,0,0
726,0000049196,HUNTINGTON BANCSHARES INC /MD/,2023,0000049196-23-000020,false,false,false,844,22,Naomi Ichiriu,Naomi Ichiriu=done,Naomi Ichiriu=2026-08-12T12:36:14.359166,2,false,,,0,0,0,0,0,0
727,0000049196,HUNTINGTON BANCSHARES INC /MD/,2024,0000049196-24-000020,false,false,false,727,56,Naomi Ichiriu,Naomi Ichiriu=done,Naomi Ichiriu=2026-08-12T12:04:10.574400,2,false,,,0,0,0,0,0,0
728,0000049196,HUNTINGTON BANCSHARES INC /MD/,2025,0000049196-25-000020,false,false,false,1063,86,Naomi Ichiriu,Naomi Ichiriu=done,Naomi Ichiriu=2026-08-12T12:36:31.814719,2,false,,,14,14,0,0,0,0
729,0000049196,HUNTINGTON BANCSHARES INC /MD/,2026,0000049196-26-000015,false,false,false,1022,91,Naomi Ichiriu,Naomi Ichiriu=done,Naomi Ichiriu=2026-08-12T12:23:52.011865,2,false,,,15,15,0,0,0,0
3834,0000728535,HUNT J B TRANSPORT SERVICES INC,2015,0001437749-15-003305,false,false,true,29,1,Yesenia Garcia; Naomi Ichiriu,Yesenia Garcia=done; Naomi Ichiriu=done,Yesenia Garcia=2026-09-12T06:37:38.763557; Naomi Ichiriu=2026-09-22T17:01:54.575124,2,true,2026-09-30T17:42:37.852952,,0,0,0,0,0,0
3835,0000728535,HUNT J B TRANSPORT SERVICES INC,2016,0001437749-16-025879,false,false,true,32,1,Yesenia Garcia; Naomi Ichiriu,Yesenia Garcia=done; Naomi Ichiriu=done,Yesenia Garcia=2026-09-12T06:37:57.394212; Naomi Ichiriu=2026-09-22T17:01:29.154137,2,true,2026-09-30T17:42:33.433557,,0,0,0,0,0,0
3836,0000728535,HUNT J B TRANSPORT SERVICES INC,2017,0001437749-17-003083,false,false,true,32,1,Yesenia Garcia; Naomi Ichiriu,Yesenia Garcia=done; Naomi Ichiriu=done,Yesenia Garcia=2026-09-12T06:38:34.929795; Naomi Ichiriu=2026-09-22T17:01:30.618623,2,true,2026-09-30T17:42:24.704141,,0,0,0,0,0,0
3837,0000728535,HUNT J B TRANSPORT SERVICES INC,2018,0001437749-18-003239,false,false,true,32,1,Yesenia Garcia; Naomi Ichiriu,Yesenia Garcia=done; Naomi Ichiriu=done,Yesenia Garcia=2026-09-12T06:38:57.964237; Naomi Ichiriu=2026-09-22T17:01:34.366810,2,true,2026-09-30T17:42:21.292261,,0,0,0,0,0,0
3838,0000728535,HUNT J B TRANSPORT SERVICES INC,2019,0001437749-19-003134,false,false,true,32,1,Yesenia Garcia; Naomi Ichiriu,Yesenia Garcia=done; Naomi Ichiriu=done,Yesenia Garcia=2026-09-12T06:39:18.213238; Naomi Ichiriu=2026-09-22T17:01:35.844297,2,true,2026-09-30T17:42:18.629305,,0,0,0,0,0,0
3845,0000728535,HUNT J B TRANSPORT SERVICES INC,2024,0001437749-24-005368,false,false,true,43,21,Yesenia Garcia; Naomi Ichiriu,Yesenia Garcia=done; Naomi Ichiriu=done,Yesenia Garcia=2026-09-12T06:40:14.013333; Naomi Ichiriu=2026-09-22T17:01:39.559183,2,true,2026-09-30T17:42:16.192093,,0,0,0,0,0,0
3846,0000728535,HUNT J B TRANSPORT SERVICES INC,2025,0001437749-25-004736,false,false,true,45,22,Yesenia Garcia; Naomi Ichiriu,Yesenia Garcia=done; Naomi Ichiriu=done,Yesenia Garcia=2026-09-12T06:40:41.374536; Naomi Ichiriu=2026-09-22T17:01:41.134991,2,true,2026-09-30T17:42:13.555674,,0,0,0,0,0,0
3847,0000728535,HUNT J B TRANSPORT SERVICES INC,2026,0001437749-26-005294,false,false,false,118,44,Yesenia Garcia; Naomi Ichiriu,Yesenia Garcia=done; Naomi Ichiriu=done,Yesenia Garcia=2026-09-12T06:47:53.354557; Naomi Ichiriu=2026-09-27T00:02:55.666380,2,false,,,8,2,5,0,0,2
1714,0000874716,IDEXX LABORATORIES INC /DE,2016,0000874716-16-000020,false,false,true,150,1,Naomi Ichiriu; Akshitha Venkataraman,Naomi Ichiriu=done; Akshitha Venkataraman=done,Naomi Ichiriu=2026-07-14T03:51:54.813589; Akshitha Venkataraman=2026-08-01T19:59:14.590220,2,true,2026-08-02T00:38:16.059094,,0,0,0,0,0,0
1716,0000874716,IDEXX LABORATORIES INC /DE,2017,0000874716-17-000004,false,false,true,175,1,Naomi Ichiriu; Akshitha Venkataraman,Naomi Ichiriu=done; Akshitha Venkataraman=done,Naomi Ichiriu=2026-07-14T03:52:54.179249; Akshitha Venkataraman=2026-08-01T19:59:23.148784,2,true,2026-08-02T00:38:20.031517,,0,0,0,0,0,0
1717,0000874716,IDEXX LABORATORIES INC /DE,2019,0000874716-19-000004,false,false,true,217,6,Naomi Ichiriu; Akshitha Venkataraman,Naomi Ichiriu=done; Akshitha Venkataraman=done,Naomi Ichiriu=2026-07-14T03:53:17.059723; Akshitha Venkataraman=2026-09-30T05:18:18.983706,2,true,2026-09-30T16:33:24.325567,,0,0,0,0,0,0
1719,0000874716,IDEXX LABORATORIES INC /DE,2020,0000874716-20-000006,false,false,true,123,5,Naomi Ichiriu; Akshitha Venkataraman,Naomi Ichiriu=done; Akshitha Venkataraman=done,Naomi Ichiriu=2026-07-14T03:53:28.844572; Akshitha Venkataraman=2026-08-01T20:37:04.980701,2,true,2026-08-02T00:38:23.396661,,0,0,0,0,0,0
1720,0000874716,IDEXX LABORATORIES INC /DE,2021,0000874716-21-000008,false,false,true,52,4,Naomi Ichiriu; Akshitha Venkataraman,Naomi Ichiriu=done; Akshitha Venkataraman=done,Naomi Ichiriu=2026-07-14T03:54:55.743407; Akshitha Venkataraman=2026-08-01T20:37:18.625030,2,true,2026-08-02T00:38:26.441637,,0,0,0,0,0,0
1721,0000874716,IDEXX LABORATORIES INC /DE,2022,0000874716-22-000007,false,false,true,51,4,Naomi Ichiriu; Akshitha Venkataraman,Naomi Ichiriu=done; Akshitha Venkataraman=done,Naomi Ichiriu=2026-07-14T03:55:18.962775; Akshitha Venkataraman=2026-08-01T20:41:28.520796,2,true,2026-08-02T00:38:29.292698,,0,0,0,0,0,0
1722,0000874716,IDEXX LABORATORIES INC /DE,2023,0000874716-23-000006,false,false,true,53,4,Naomi Ichiriu; Akshitha Venkataraman,Naomi Ichiriu=done; Akshitha Venkataraman=done,Naomi Ichiriu=2026-07-14T03:55:33.525194; Akshitha Venkataraman=2026-08-01T20:41:39.743682,2,true,2026-08-02T00:38:31.766911,,0,0,0,0,0,0
1723,0000874716,IDEXX LABORATORIES INC /DE,2024,0000874716-24-000057,false,false,true,391,143,Naomi Ichiriu; Akshitha Venkataraman,Naomi Ichiriu=done; Akshitha Venkataraman=done,Naomi Ichiriu=2026-07-14T04:11:17.129166; Akshitha Venkataraman=2026-08-01T21:23:21.359166,2,true,2026-08-17T17:34:43.278504,,21,8,0,13,0,21
1725,0000874716,IDEXX LABORATORIES INC /DE,2025,0000874716-25-000037,false,false,true,433,153,Naomi Ichiriu; Akshitha Venkataraman,Naomi Ichiriu=done; Akshitha Venkataraman=done,Naomi Ichiriu=2026-07-14T04:07:34.929665; Akshitha Venkataraman=2026-08-01T21:29:34.107499,2,true,2026-08-17T17:40:39.880019,,22,7,0,15,1,22
1724,0000874716,IDEXX LABORATORIES INC /DE,2026,0000874716-26-000038,false,false,true,505,178,Naomi Ichiriu; Akshitha Venkataraman,Naomi Ichiriu=done; Akshitha Venkataraman=done,Naomi Ichiriu=2026-08-10T08:35:33.178106; Akshitha Venkataraman=2026-08-02T17:30:26.205222,2,true,2026-08-17T17:45:55.591227,,28,8,0,19,0,24
740,0000049826,ILLINOIS TOOL WORKS INC,2024,0000049826-24-000008,false,false,false,94,17,,,,0,false,,,0,0,0,0,0,0
741,0000049826,ILLINOIS TOOL WORKS INC,2025,0000049826-25-000007,false,false,false,153,23,,,,0,false,,,0,0,0,0,0,0
742,0000049826,ILLINOIS TOOL WORKS INC,2026,0000049826-26-000008,false,false,false,154,23,,,,0,false,,,0,0,0,0,0,0
2204,0000879169,INCYTE CORP,2018,0001558370-18-000722,false,false,true,29,1,Naomi Ichiriu; Yesenia Garcia,Naomi Ichiriu=done; Yesenia Garcia=done,Naomi Ichiriu=2026-07-22T08:00:57.656523; Yesenia Garcia=2026-08-24T08:11:20.484457,2,true,2026-08-26T15:37:11.931423,,0,0,0,0,0,0
2203,0000879169,INCYTE CORP,2019,0001558370-19-000682,false,false,true,34,1,Naomi Ichiriu; Yesenia Garcia,Naomi Ichiriu=done; Yesenia Garcia=done,Naomi Ichiriu=2026-07-22T08:06:47.124356; Yesenia Garcia=2026-08-24T08:11:21.925618,2,true,2026-08-26T15:37:14.943651,,0,0,0,0,0,0
2205,0000879169,INCYTE CORP,2020,0001558370-20-000774,false,false,true,37,1,Naomi Ichiriu; Yesenia Garcia,Naomi Ichiriu=done; Yesenia Garcia=done,Naomi Ichiriu=2026-07-22T08:07:20.941097; Yesenia Garcia=2026-08-24T08:11:23.811118,2,true,2026-08-26T15:37:16.945900,,0,0,0,0,0,0
2206,0000879169,INCYTE CORP,2021,0001558370-21-000825,false,false,true,439,3,Naomi Ichiriu; Yesenia Garcia,Naomi Ichiriu=done; Yesenia Garcia=done,Naomi Ichiriu=2026-07-22T08:08:12.091507; Yesenia Garcia=2026-08-24T08:11:25.349844,2,true,2026-08-26T15:37:18.885248,,0,0,0,0,0,0
2209,0000879169,INCYTE CORP,2022,0001558370-22-000902,false,false,true,454,3,Naomi Ichiriu; Yesenia Garcia,Naomi Ichiriu=done; Yesenia Garcia=done,Naomi Ichiriu=2026-07-22T08:09:46.325669; Yesenia Garcia=2026-08-24T08:11:26.867700,2,true,2026-08-26T15:37:21.148908,,0,0,0,0,0,0
2207,0000879169,INCYTE CORP,2023,0000879169-23-000008,false,false,true,454,3,Naomi Ichiriu; Yesenia Garcia,Naomi Ichiriu=done; Yesenia Garcia=done,Naomi Ichiriu=2026-07-22T08:08:43.008586; Yesenia Garcia=2026-08-24T08:11:28.846232,2,true,2026-08-26T15:37:23.951107,,0,0,0,0,0,0
2210,0000879169,INCYTE CORP,2024,0000879169-24-000045,false,false,true,244,30,Naomi Ichiriu; Yesenia Garcia,Naomi Ichiriu=done; Yesenia Garcia=done,Naomi Ichiriu=2026-07-22T19:45:38.019459; Yesenia Garcia=2026-08-24T08:13:08.115376,2,true,2026-09-30T18:01:39.458137,,4,0,0,4,0,6
2211,0000879169,INCYTE CORP,2025,0001628280-25-004633,false,false,true,249,31,Naomi Ichiriu; Yesenia Garcia,Naomi Ichiriu=done; Yesenia Garcia=done,Naomi Ichiriu=2026-07-22T19:45:34.167967; Yesenia Garcia=2026-08-24T08:14:10.934147,2,true,2026-09-27T05:37:29.067728,,5,2,0,3,0,3
2208,0000879169,INCYTE CORP,2026,0000879169-26-000010,false,false,true,343,44,Naomi Ichiriu; Yesenia Garcia,Naomi Ichiriu=done; Yesenia Garcia=done,Naomi Ichiriu=2026-08-10T08:43:24.948900; Yesenia Garcia=2026-08-24T08:15:45.640557,2,true,2026-09-30T18:01:17.017939,,6,3,0,3,0,4
743,0000050863,INTEL CORP,2015,0000050863-15-000015,false,false,false,5767,29,,,,0,false,,,0,0,0,0,0,0
744,0000050863,INTEL CORP,2016,0000050863-16-000105,false,false,false,6947,31,,,,0,false,,,0,0,0,0,0,0
745,0000050863,INTEL CORP,2017,0000050863-17-000012,false,false,false,4293,36,,,,0,false,,,0,0,0,0,0,0
752,0000050863,INTEL CORP,2024,0000050863-24-000010,false,false,false,12,1,,,,0,false,,,0,0,0,0,0,0
753,0000050863,INTEL CORP,2025,0000050863-25-000009,false,false,false,10,1,,,,0,false,,,0,0,0,0,0,0
3667,0001381197,"Interactive Brokers Group, Inc.",2015,0001047469-15-001520,false,false,true,160,6,Yesenia Garcia; Naomi Ichiriu,Yesenia Garcia=done; Naomi Ichiriu=done,Yesenia Garcia=2026-09-04T04:57:42.148617; Naomi Ichiriu=2026-09-22T17:01:58.356936,2,true,2026-09-30T19:28:38.820075,,0,0,0,0,0,0
3668,0001381197,"Interactive Brokers Group, Inc.",2016,0001047469-16-010549,false,false,true,173,5,Yesenia Garcia; Naomi Ichiriu,Yesenia Garcia=done; Naomi Ichiriu=done,Yesenia Garcia=2026-09-04T04:58:09.865613; Naomi Ichiriu=2026-09-22T17:02:00.539451,2,true,2026-09-30T19:28:37.215833,,0,0,0,0,0,0
3669,0001381197,"Interactive Brokers Group, Inc.",2017,0001047469-17-001069,false,false,true,179,5,Yesenia Garcia; Naomi Ichiriu,Yesenia Garcia=done; Naomi Ichiriu=done,Yesenia Garcia=2026-09-04T04:58:27.538010; Naomi Ichiriu=2026-09-22T17:02:03.756077,2,true,2026-09-30T19:28:34.775631,,0,0,0,0,0,0
3670,0001381197,"Interactive Brokers Group, Inc.",2018,0001047469-18-001166,false,false,true,181,5,Yesenia Garcia; Naomi Ichiriu,Yesenia Garcia=done; Naomi Ichiriu=done,Yesenia Garcia=2026-09-04T04:58:47.443592; Naomi Ichiriu=2026-09-22T17:02:06.114991,2,true,2026-09-30T19:28:33.551502,,0,0,0,0,0,0
3671,0001381197,"Interactive Brokers Group, Inc.",2019,0001140361-19-004097,false,false,true,261,8,Yesenia Garcia; Naomi Ichiriu,Yesenia Garcia=done; Naomi Ichiriu=done,Yesenia Garcia=2026-09-04T04:59:12.483226; Naomi Ichiriu=2026-09-22T17:02:09.381406,2,true,2026-09-30T19:28:32.338303,,0,0,0,0,0,0
3672,0001381197,"Interactive Brokers Group, Inc.",2020,0001381197-20-000006,false,false,true,1489,9,Yesenia Garcia; Naomi Ichiriu,Yesenia Garcia=done; Naomi Ichiriu=done,Yesenia Garcia=2026-09-04T04:59:29.560835; Naomi Ichiriu=2026-09-22T17:02:16.212570,2,true,2026-09-30T19:28:30.780998,,0,0,0,0,0,0
3673,0001381197,"Interactive Brokers Group, Inc.",2021,0001381197-21-000008,false,false,true,416,9,Yesenia Garcia; Naomi Ichiriu,Yesenia Garcia=done; Naomi Ichiriu=done,Yesenia Garcia=2026-09-04T04:59:47.391461; Naomi Ichiriu=2026-09-22T17:02:17.977949,2,true,2026-09-30T19:28:22.088158,,0,0,0,0,0,0
3674,0001381197,"Interactive Brokers Group, Inc.",2022,0001381197-22-000010,false,false,true,269,8,Yesenia Garcia; Naomi Ichiriu,Yesenia Garcia=done; Naomi Ichiriu=done,Yesenia Garcia=2026-09-04T05:00:08.086270; Naomi Ichiriu=2026-09-22T17:02:21.422827,2,true,2026-09-30T19:28:20.284518,,0,0,0,0,0,0
3675,0001381197,"Interactive Brokers Group, Inc.",2023,0001381197-23-000014,false,false,true,538,14,Yesenia Garcia; Naomi Ichiriu,Yesenia Garcia=done; Naomi Ichiriu=done,Yesenia Garcia=2026-09-04T05:00:26.828172; Naomi Ichiriu=2026-09-22T17:02:23.217210,2,true,2026-09-30T19:28:18.486626,,0,0,0,0,0,0
3676,0001381197,"Interactive Brokers Group, Inc.",2024,0001381197-24-000083,false,false,false,839,88,Yesenia Garcia; Naomi Ichiriu,Yesenia Garcia=done; Naomi Ichiriu=done,Yesenia Garcia=2026-09-04T05:01:38.502277; Naomi Ichiriu=2026-09-27T04:18:04.600059,2,false,,,3,0,2,0,0,1
3677,0001381197,"Interactive Brokers Group, Inc.",2025,0001381197-25-000036,false,false,false,1844,205,Yesenia Garcia; Naomi Ichiriu,Yesenia Garcia=done; Naomi Ichiriu=done,Yesenia Garcia=2026-09-04T05:02:39.868230; Naomi Ichiriu=2026-09-27T04:17:00.807706,2,false,,,4,2,2,0,0,1
3678,0001381197,"Interactive Brokers Group, Inc.",2026,0001381197-26-000062,false,false,false,5579,275,Yesenia Garcia; Naomi Ichiriu,Yesenia Garcia=done; Naomi Ichiriu=done,Yesenia Garcia=2026-09-04T05:05:33.122701; Naomi Ichiriu=2026-09-27T04:13:45.028408,2,false,,,10,1,6,1,0,3
2751,0000051434,INTERNATIONAL PAPER CO /NEW/,2015,0000051434-15-000009,false,false,false,403,8,Akshitha Venkataraman; Yesenia Garcia,Akshitha Venkataraman=done; Yesenia Garcia=done,Akshitha Venkataraman=2026-08-17T15:23:50.325162; Yesenia Garcia=2026-08-24T06:33:35.830883,2,true,2026-09-27T04:14:59.238316,,0,0,0,0,0,0
2752,0000051434,INTERNATIONAL PAPER CO /NEW/,2016,0000051434-16-000042,false,false,false,649,33,Akshitha Venkataraman; Yesenia Garcia,Akshitha Venkataraman=done; Yesenia Garcia=done,Akshitha Venkataraman=2026-08-17T15:26:36.723362; Yesenia Garcia=2026-08-24T06:33:37.988762,2,true,2026-09-27T04:15:01.945841,,0,0,0,0,0,0
2753,0000051434,INTERNATIONAL PAPER CO /NEW/,2017,0000051434-17-000007,false,false,false,346,13,Akshitha Venkataraman; Yesenia Garcia,Akshitha Venkataraman=done; Yesenia Garcia=done,Akshitha Venkataraman=2026-08-17T15:26:34.524501; Yesenia Garcia=2026-08-24T06:33:40.228547,2,true,2026-09-27T04:15:04.357997,,0,0,0,0,0,0
2758,0000051434,INTERNATIONAL PAPER CO /NEW/,2022,0000051434-22-000016,false,false,false,91,5,Akshitha Venkataraman; Yesenia Garcia,Akshitha Venkataraman=done; Yesenia Garcia=done,Akshitha Venkataraman=2026-08-17T15:26:56.836929; Yesenia Garcia=2026-08-24T06:33:42.396138,2,true,2026-09-27T04:15:06.762770,,0,0,0,0,0,0
2759,0000051434,INTERNATIONAL PAPER CO /NEW/,2023,0000051434-23-000013,false,false,false,143,6,Akshitha Venkataraman; Yesenia Garcia,Akshitha Venkataraman=done; Yesenia Garcia=done,Akshitha Venkataraman=2026-08-17T15:27:22.936902; Yesenia Garcia=2026-08-24T06:33:44.368894,2,true,2026-09-27T04:15:09.936008,,0,0,0,0,0,0
2760,0000051434,INTERNATIONAL PAPER CO /NEW/,2024,0000051434-24-000024,false,false,false,243,56,Akshitha Venkataraman; Yesenia Garcia,Akshitha Venkataraman=done; Yesenia Garcia=done,Akshitha Venkataraman=2026-08-17T15:29:44.176430; Yesenia Garcia=2026-08-24T06:38:46.759421,2,false,,,10,4,3,1,0,8
2761,0000051434,INTERNATIONAL PAPER CO /NEW/,2025,0000051434-25-000013,false,false,false,490,155,Akshitha Venkataraman; Yesenia Garcia,Akshitha Venkataraman=done; Yesenia Garcia=done,Akshitha Venkataraman=2026-08-17T15:32:29.287775; Yesenia Garcia=2026-08-24T06:45:28.266127,2,false,,,12,5,6,1,0,6
2762,0000051434,INTERNATIONAL PAPER CO /NEW/,2026,0000051434-26-000055,false,false,false,1107,191,Akshitha Venkataraman; Yesenia Garcia,Akshitha Venkataraman=done; Yesenia Garcia=done,Akshitha Venkataraman=2026-08-17T15:34:35.626997; Yesenia Garcia=2026-08-24T06:50:36.862216,2,false,,,21,0,10,0,0,19
3404,0001035267,INTUITIVE SURGICAL INC,2022,0001035267-22-000014,false,false,true,54,1,Naomi Ichiriu; Amali Oakley,Naomi Ichiriu=done; Amali Oakley=done,Naomi Ichiriu=2026-08-29T21:28:42.188895; Amali Oakley=2026-09-28T03:47:15.116724,2,true,2026-09-28T03:47:18.767630,,0,0,0,0,0,0
3403,0001035267,INTUITIVE SURGICAL INC,2023,0001035267-23-000019,false,false,true,301,16,Naomi Ichiriu; Amali Oakley,Naomi Ichiriu=done; Amali Oakley=done,Naomi Ichiriu=2026-08-29T21:28:45.794531; Amali Oakley=2026-09-28T03:47:58.495194,2,true,2026-09-28T03:48:03.116076,,0,0,0,0,0,0
3402,0001035267,INTUITIVE SURGICAL INC,2024,0001035267-24-000021,false,false,false,458,143,Naomi Ichiriu; Amali Oakley,Naomi Ichiriu=done; Amali Oakley=done,Naomi Ichiriu=2026-09-09T18:19:11.109495; Amali Oakley=2026-09-28T03:53:58.458651,2,false,,,28,1,11,3,0,11
3406,0001035267,INTUITIVE SURGICAL INC,2025,0001035267-25-000017,false,false,false,633,187,Naomi Ichiriu; Amali Oakley,Naomi Ichiriu=done; Amali Oakley=done,Naomi Ichiriu=2026-09-14T18:31:11.440330; Amali Oakley=2026-09-28T17:28:08.970093,2,false,,,35,11,11,0,0,0
3407,0001035267,INTUITIVE SURGICAL INC,2026,0001035267-26-000010,false,false,false,933,203,Naomi Ichiriu; Amali Oakley,Naomi Ichiriu=done; Amali Oakley=done,Naomi Ichiriu=2026-09-14T18:40:40.956778; Amali Oakley=2026-09-29T04:34:59.763265,2,false,,,43,5,20,1,0,1
1728,0001687229,Invitation Homes Inc.,2019,0001687229-19-000014,false,false,true,43,1,Naomi Ichiriu; Yesenia Garcia,Naomi Ichiriu=done; Yesenia Garcia=done,Naomi Ichiriu=2026-07-14T04:23:17.978336; Yesenia Garcia=2026-08-03T08:18:45.811769,2,true,2026-08-04T21:22:18.499020,,0,0,0,0,0,0
1729,0001687229,Invitation Homes Inc.,2020,0001687229-20-000004,false,false,true,42,1,Yesenia Garcia; Naomi Ichiriu,Yesenia Garcia=done; Naomi Ichiriu=done,Yesenia Garcia=2026-08-03T08:18:51.225430; Naomi Ichiriu=2026-07-14T04:23:25.142258,2,true,2026-08-04T21:22:23.400141,,0,0,0,0,0,0
1731,0001687229,Invitation Homes Inc.,2021,0001687229-21-000005,false,false,true,445,4,Yesenia Garcia; Naomi Ichiriu,Yesenia Garcia=done; Naomi Ichiriu=done,Yesenia Garcia=2026-08-03T08:19:29.536973; Naomi Ichiriu=2026-07-14T04:49:20.610139,2,true,2026-08-04T21:22:37.448560,,0,0,0,0,0,0
1732,0001687229,Invitation Homes Inc.,2022,0001687229-22-000002,false,false,true,438,4,Yesenia Garcia; Naomi Ichiriu,Yesenia Garcia=done; Naomi Ichiriu=done,Yesenia Garcia=2026-08-03T08:19:39.387122; Naomi Ichiriu=2026-07-14T04:49:37.927583,2,true,2026-08-04T21:22:52.627793,,0,0,0,0,0,0
1735,0001687229,Invitation Homes Inc.,2023,0001687229-23-000029,false,false,true,147,8,Yesenia Garcia; Naomi Ichiriu,Yesenia Garcia=done; Naomi Ichiriu=done,Yesenia Garcia=2026-08-03T08:19:59.338228; Naomi Ichiriu=2026-07-14T04:36:30.101270,2,true,2026-08-04T21:22:57.192518,,0,0,0,0,0,0
1733,0001687229,Invitation Homes Inc.,2024,0001687229-24-000013,false,false,true,323,76,Naomi Ichiriu; Yesenia Garcia,Naomi Ichiriu=done; Yesenia Garcia=done,Naomi Ichiriu=2026-07-14T04:48:43.068373; Yesenia Garcia=2026-08-03T08:23:51.261164,2,true,2026-09-21T02:29:43.919810,,4,1,0,3,0,3
1736,0001687229,Invitation Homes Inc.,2025,0001687229-25-000008,false,false,true,528,172,Naomi Ichiriu; Yesenia Garcia,Naomi Ichiriu=done; Yesenia Garcia=done,Naomi Ichiriu=2026-07-14T04:57:27.529486; Yesenia Garcia=2026-08-03T08:25:55.215027,2,true,2026-09-30T15:27:39.832524,,5,1,0,4,0,5
1737,0001687229,Invitation Homes Inc.,2026,0001687229-26-000016,false,false,true,788,181,Naomi Ichiriu; Yesenia Garcia,Naomi Ichiriu=done; Yesenia Garcia=done,Naomi Ichiriu=2026-08-10T08:45:56.087662; Yesenia Garcia=2026-09-21T02:32:11.883064,2,true,2026-09-30T15:29:30.549843,,5,1,0,4,0,5
2612,0001020569,IRON MOUNTAIN INC,2015,0001047469-15-001413,false,false,false,11512,7,Naomi Ichiriu,Naomi Ichiriu=done,Naomi Ichiriu=2026-08-13T07:54:27.629092,2,false,,,0,0,0,0,0,0
2613,0001020569,IRON MOUNTAIN INC,2016,0001020569-16-000013,false,false,false,7035,10,Naomi Ichiriu,Naomi Ichiriu=done,Naomi Ichiriu=2026-08-13T07:54:36.034083,2,false,,,0,0,0,0,0,0
2614,0001020569,IRON MOUNTAIN INC,2017,0001020569-17-000010,false,false,false,5849,12,Naomi Ichiriu,Naomi Ichiriu=done,Naomi Ichiriu=2026-08-13T07:54:47.476899,2,false,,,0,0,0,0,0,0
2615,0001020569,IRON MOUNTAIN INC,2018,0001020569-18-000006,false,false,false,11455,100,Naomi Ichiriu,Naomi Ichiriu=done,Naomi Ichiriu=2026-08-13T07:54:46.129054,2,false,,,0,0,0,0,0,0
2616,0001020569,IRON MOUNTAIN INC,2019,0001020569-19-000018,false,false,false,12987,185,Naomi Ichiriu,Naomi Ichiriu=done,Naomi Ichiriu=2026-08-13T07:55:33.863601,2,false,,,0,0,0,0,0,0
2617,0001020569,IRON MOUNTAIN INC,2020,0001020569-20-000029,false,false,false,12172,206,Naomi Ichiriu,Naomi Ichiriu=done,Naomi Ichiriu=2026-08-13T07:55:28.533944,2,false,,,0,0,0,0,0,0
2621,0001020569,IRON MOUNTAIN INC,2021,0001020569-21-000067,false,false,false,8631,181,Naomi Ichiriu,Naomi Ichiriu=done,Naomi Ichiriu=2026-08-13T07:56:47.970023,2,false,,,0,0,0,0,0,0
2627,0001020569,IRON MOUNTAIN INC,2022,0001020569-22-000035,false,false,false,9887,166,Naomi Ichiriu,Naomi Ichiriu=done,Naomi Ichiriu=2026-08-13T07:58:53.221180,2,false,,,0,0,0,0,0,0
2628,0001020569,IRON MOUNTAIN INC,2023,0001020569-23-000043,false,false,false,9205,177,Naomi Ichiriu,Naomi Ichiriu=done,Naomi Ichiriu=2026-08-13T07:59:36.684047,2,false,,,0,0,0,0,0,0
2692,0001020569,IRON MOUNTAIN INC,2024,0001020569-24-000040,false,false,false,9176,292,Naomi Ichiriu,Naomi Ichiriu=done,Naomi Ichiriu=2026-08-15T13:46:16.311058,2,false,,,2,2,0,0,0,0
2708,0001020569,IRON MOUNTAIN INC,2025,0001020569-25-000040,false,false,false,8991,349,Naomi Ichiriu,Naomi Ichiriu=done,Naomi Ichiriu=2026-08-15T13:47:57.135890,2,false,,,2,2,0,0,0,0
2710,0001020569,IRON MOUNTAIN INC,2026,0001020569-26-000013,false,false,false,8850,316,Naomi Ichiriu,Naomi Ichiriu=done,Naomi Ichiriu=2026-08-15T13:52:26.811796,2,false,,,14,14,0,0,0,0
2523,0000833444,Johnson Controls International plc,2019,0000833444-19-000051,false,false,false,76,7,Yesenia Garcia; Akshitha Venkataraman,Yesenia Garcia=done; Akshitha Venkataraman=done,Yesenia Garcia=2026-08-10T15:59:45.841552; Akshitha Venkataraman=2026-08-10T07:56:19.277351,2,true,2026-09-21T08:05:47.697452,,0,0,0,0,0,0
2524,0000833444,Johnson Controls International plc,2020,0000833444-20-000048,false,false,false,133,9,Yesenia Garcia; Akshitha Venkataraman,Yesenia Garcia=done; Akshitha Venkataraman=done,Yesenia Garcia=2026-08-10T15:59:48.427269; Akshitha Venkataraman=2026-08-10T07:57:24.749448,2,true,2026-09-21T08:05:50.398569,,0,0,0,0,0,0
2525,0000833444,Johnson Controls International plc,2021,0000833444-21-000046,false,false,false,257,12,Yesenia Garcia; Akshitha Venkataraman,Yesenia Garcia=done; Akshitha Venkataraman=done,Yesenia Garcia=2026-08-10T15:59:50.884258; Akshitha Venkataraman=2026-08-10T08:30:45.107375,2,true,2026-09-21T08:05:53.480597,,0,0,0,0,0,0
2526,0000833444,Johnson Controls International plc,2022,0000833444-22-000043,false,false,false,332,12,Yesenia Garcia; Akshitha Venkataraman,Yesenia Garcia=done; Akshitha Venkataraman=done,Yesenia Garcia=2026-08-10T15:59:53.466566; Akshitha Venkataraman=2026-08-10T08:43:40.606810,2,true,2026-09-21T08:05:57.416725,,0,0,0,0,0,0
2527,0000833444,Johnson Controls International plc,2023,0000833444-23-000048,false,false,false,3170,48,Yesenia Garcia; Akshitha Venkataraman,Yesenia Garcia=done; Akshitha Venkataraman=done,Yesenia Garcia=2026-08-10T16:01:40.198281; Akshitha Venkataraman=2026-08-10T10:25:45.536537,2,false,,,3,0,3,0,0,3
2528,0000833444,Johnson Controls International plc,2024,0000833444-24-000064,false,false,false,933,176,Akshitha Venkataraman; Yesenia Garcia,Akshitha Venkataraman=done; Yesenia Garcia=done,Akshitha Venkataraman=2026-08-10T10:38:54.266653; Yesenia Garcia=2026-08-10T16:05:13.947246,2,false,,,10,5,5,0,0,7
2529,0000833444,Johnson Controls International plc,2025,0000833444-25-000097,false,false,false,779,161,Akshitha Venkataraman; Yesenia Garcia,Akshitha Venkataraman=done; Yesenia Garcia=done,Akshitha Venkataraman=2026-08-10T10:43:28.953930; Yesenia Garcia=2026-08-10T16:08:17.374557,2,false,,,12,6,6,0,0,7
3850,0000200406,JOHNSON & JOHNSON,2017,0000200406-17-000006,false,false,false,24,3,Yesenia Garcia; Alexa Bishop,Yesenia Garcia=done; Alexa Bishop=done,Yesenia Garcia=2026-09-12T06:57:27.412885; Alexa Bishop=2026-09-18T21:45:55.115146,3,false,,,0,0,0,0,0,0
3851,0000200406,JOHNSON & JOHNSON,2018,0000200406-18-000005,false,false,false,25,3,Yesenia Garcia; Alexa Bishop,Yesenia Garcia=done; Alexa Bishop=done,Yesenia Garcia=2026-09-12T06:58:20.578222; Alexa Bishop=2026-09-18T21:46:19.049068,3,false,,,0,0,0,0,0,0
3852,0000200406,JOHNSON & JOHNSON,2019,0000200406-19-000009,false,false,false,27,4,Yesenia Garcia; Alexa Bishop,Yesenia Garcia=done; Alexa Bishop=done,Yesenia Garcia=2026-09-12T06:58:37.413749; Alexa Bishop=2026-09-18T21:47:20.087330,3,false,,,0,0,0,0,0,0
3853,0000200406,JOHNSON & JOHNSON,2020,0000200406-20-000010,false,false,false,28,4,Yesenia Garcia; Alexa Bishop,Yesenia Garcia=done; Alexa Bishop=done,Yesenia Garcia=2026-09-12T06:58:55.416333; Alexa Bishop=2026-09-18T21:47:37.740067,3,false,,,0,0,0,0,0,0
3854,0000200406,JOHNSON & JOHNSON,2021,0000200406-21-000008,false,false,false,266,6,Yesenia Garcia; Alexa Bishop,Yesenia Garcia=done; Alexa Bishop=done,Yesenia Garcia=2026-09-12T06:59:12.874058; Alexa Bishop=2026-09-18T21:48:31.498120,3,false,,,0,0,0,0,0,0
3855,0000200406,JOHNSON & JOHNSON,2022,0000200406-22-000022,false,false,false,283,7,Yesenia Garcia; Alexa Bishop,Yesenia Garcia=done; Alexa Bishop=done,Yesenia Garcia=2026-09-12T06:59:31.587344; Alexa Bishop=2026-09-18T21:49:44.964891,3,false,,,0,0,0,0,0,0
3856,0000200406,JOHNSON & JOHNSON,2023,0000200406-23-000016,false,false,false,104,11,Yesenia Garcia; Alexa Bishop,Yesenia Garcia=done; Alexa Bishop=done,Yesenia Garcia=2026-09-12T06:59:53.282397; Alexa Bishop=2026-09-18T21:50:10.492938,3,false,,,0,0,0,0,0,0
3857,0000200406,JOHNSON & JOHNSON,2024,0000200406-24-000013,false,false,false,313,68,Yesenia Garcia; Alexa Bishop,Yesenia Garcia=in_progress; Alexa Bishop=done,Yesenia Garcia=; Alexa Bishop=2026-09-21T04:51:57.819040,3,false,,,8,0,7,0,0,0
4178,0000200406,JOHNSON & JOHNSON,2025,0000200406-25-000038,false,false,false,169,65,Alexa Bishop,Alexa Bishop=done,Alexa Bishop=2026-09-21T04:55:43.006149,3,false,,,8,7,0,0,0,0
4214,0000200406,JOHNSON & JOHNSON,2026,0000200406-26-000016,false,false,false,186,67,Alexa Bishop,Alexa Bishop=done,Alexa Bishop=2026-09-21T04:57:42.051479,3,false,,,8,7,0,0,0,0
282,0000019617,JPMORGAN CHASE & CO,2015,0000019617-15-000272,false,false,false,90,6,,,,0,false,,,0,0,0,0,0,0
283,0000019617,JPMORGAN CHASE & CO,2016,0000019617-16-000902,false,false,false,83,7,,,,0,false,,,0,0,0,0,0,0
284,0000019617,JPMORGAN CHASE & CO,2017,0000019617-17-000314,false,false,false,151,11,,,,0,false,,,0,0,0,0,0,0
285,0000019617,JPMORGAN CHASE & CO,2018,0000019617-18-000057,false,false,false,477,15,,,,0,false,,,0,0,0,0,0,0
286,0000019617,JPMORGAN CHASE & CO,2019,0000019617-19-000054,false,false,false,435,24,,,,0,false,,,0,0,0,0,0,0
287,0000019617,JPMORGAN CHASE & CO,2020,0000019617-20-000257,false,false,false,478,23,,,,0,false,,,0,0,0,0,0,0
288,0000019617,JPMORGAN CHASE & CO,2021,0000019617-21-000236,false,false,false,304,26,,,,0,false,,,0,0,0,0,0,0
289,0000019617,JPMORGAN CHASE & CO,2022,0000019617-22-000272,false,false,false,466,28,,,,0,false,,,0,0,0,0,0,0
290,0000019617,JPMORGAN CHASE & CO,2023,0000019617-23-000231,false,false,false,474,26,,,,0,false,,,0,0,0,0,0,0
291,0000019617,JPMORGAN CHASE & CO,2024,0000019617-24-000225,false,false,false,826,40,,,,0,false,,,0,0,0,0,0,0
292,0000019617,JPMORGAN CHASE & CO,2025,0000019617-25-000270,false,false,false,1289,49,,,,0,false,,,0,0,0,0,0,0
293,0000019617,JPMORGAN CHASE & CO,2026,0001628280-26-008131,false,false,false,1552,62,,,,0,false,,,0,0,0,0,0,0
2264,0001944048,Kenvue Inc.,2024,0001944048-24-000057,false,false,false,1229,57,Yesenia Garcia; Naomi Ichiriu,Yesenia Garcia=done; Naomi Ichiriu=done,Yesenia Garcia=2026-08-03T10:45:05.481072; Naomi Ichiriu=2026-07-22T21:54:19.625729,2,true,2026-09-21T07:04:20.951311,,1,0,0,1,0,1
2265,0001944048,Kenvue Inc.,2025,0001944048-25-000033,false,false,false,1291,72,Yesenia Garcia; Naomi Ichiriu,Yesenia Garcia=done; Naomi Ichiriu=done,Yesenia Garcia=2026-08-03T10:49:21.173770; Naomi Ichiriu=2026-07-22T22:06:34.740605,2,true,2026-09-30T19:33:31.230515,,18,1,0,17,0,23
2263,0001944048,Kenvue Inc.,2026,0001944048-26-000030,false,false,false,1083,73,Yesenia Garcia; Naomi Ichiriu,Yesenia Garcia=done; Naomi Ichiriu=done,Yesenia Garcia=2026-08-03T10:57:35.640027; Naomi Ichiriu=2026-08-10T08:53:07.017104,2,true,2026-09-30T19:40:01.219436,,20,0,0,19,0,20
2965,0001418135,Keurig Dr Pepper Inc.,2015,0001418135-15-000006,false,false,false,154,5,Naomi Ichiriu,Naomi Ichiriu=done,Naomi Ichiriu=2026-08-19T18:17:41.099843,2,false,,,0,0,0,0,0,0
2964,0001418135,Keurig Dr Pepper Inc.,2016,0001418135-16-000050,false,false,false,142,5,Naomi Ichiriu,Naomi Ichiriu=done,Naomi Ichiriu=2026-08-19T18:17:27.107335,2,false,,,0,0,0,0,0,0
2963,0001418135,Keurig Dr Pepper Inc.,2017,0001418135-17-000010,false,false,false,149,5,Naomi Ichiriu,Naomi Ichiriu=done,Naomi Ichiriu=2026-08-19T18:17:17.822956,2,false,,,0,0,0,0,0,0
2961,0001418135,Keurig Dr Pepper Inc.,2018,0001418135-18-000006,false,false,false,160,5,Naomi Ichiriu,Naomi Ichiriu=done,Naomi Ichiriu=2026-08-19T18:29:26.611446,2,false,,,0,0,0,0,0,0
2960,0001418135,Keurig Dr Pepper Inc.,2019,0001418135-19-000007,false,false,false,200,9,Naomi Ichiriu,Naomi Ichiriu=done,Naomi Ichiriu=2026-08-19T18:29:29.744393,2,false,,,0,0,0,0,0,0
2959,0001418135,Keurig Dr Pepper Inc.,2020,0001418135-20-000007,false,false,false,473,8,Naomi Ichiriu,Naomi Ichiriu=done,Naomi Ichiriu=2026-08-19T18:29:52.227256,2,false,,,0,0,0,0,0,0
2958,0001418135,Keurig Dr Pepper Inc.,2021,0001418135-21-000005,false,false,false,307,8,Naomi Ichiriu,Naomi Ichiriu=done,Naomi Ichiriu=2026-08-19T18:29:49.318568,2,false,,,0,0,0,0,0,0
2957,0001418135,Keurig Dr Pepper Inc.,2022,0001418135-22-000005,false,false,false,367,9,Naomi Ichiriu,Naomi Ichiriu=done,Naomi Ichiriu=2026-08-19T18:29:44.883386,2,false,,,0,0,0,0,0,0
2962,0001418135,Keurig Dr Pepper Inc.,2023,0001418135-23-000003,false,false,false,388,9,Naomi Ichiriu,Naomi Ichiriu=done,Naomi Ichiriu=2026-08-19T18:30:04.700068,2,false,,,0,0,0,0,0,0
2956,0001418135,Keurig Dr Pepper Inc.,2024,0001418135-24-000007,false,false,false,328,21,Naomi Ichiriu,Naomi Ichiriu=done,Naomi Ichiriu=2026-08-27T01:47:12.633569,2,false,,,0,0,0,0,0,0
2955,0001418135,Keurig Dr Pepper Inc.,2025,0001418135-25-000013,false,false,false,317,21,Naomi Ichiriu,Naomi Ichiriu=done,Naomi Ichiriu=2026-08-27T01:47:30.454896,2,false,,,0,0,0,0,0,0
2954,0001418135,Keurig Dr Pepper Inc.,2026,0001418135-26-000016,false,false,false,382,22,Naomi Ichiriu,Naomi Ichiriu=done,Naomi Ichiriu=2026-08-27T01:47:47.562787,2,false,,,0,0,0,0,0,0
2967,0001601046,"Keysight Technologies, Inc.",2016,0001601046-16-000077,false,false,false,477,7,Naomi Ichiriu,Naomi Ichiriu=done,Naomi Ichiriu=2026-08-19T18:18:42.174115,2,false,,,0,0,0,0,0,0
2969,0001601046,"Keysight Technologies, Inc.",2017,0001601046-17-000033,false,false,false,743,15,Naomi Ichiriu,Naomi Ichiriu=done,Naomi Ichiriu=2026-08-19T18:19:17.570380,2,false,,,0,0,0,0,0,0
2970,0001601046,"Keysight Technologies, Inc.",2018,0001601046-18-000030,false,false,false,710,16,Naomi Ichiriu,Naomi Ichiriu=done,Naomi Ichiriu=2026-08-19T18:19:25.527668,2,false,,,0,0,0,0,0,0
2968,0001601046,"Keysight Technologies, Inc.",2019,0001601046-19-000110,false,false,false,519,18,Naomi Ichiriu,Naomi Ichiriu=done,Naomi Ichiriu=2026-08-19T18:18:35.670257,2,false,,,0,0,0,0,0,0
3043,0001601046,"Keysight Technologies, Inc.",2020,0001601046-20-000154,false,false,false,3501,290,Naomi Ichiriu,Naomi Ichiriu=done,Naomi Ichiriu=2026-08-27T02:07:04.948933,2,false,,,0,0,0,0,0,0
3044,0001601046,"Keysight Technologies, Inc.",2021,0001601046-21-000197,false,false,false,2996,59,Naomi Ichiriu,Naomi Ichiriu=done,Naomi Ichiriu=2026-08-27T02:07:13.817884,2,false,,,0,0,0,0,0,0
3045,0001601046,"Keysight Technologies, Inc.",2022,0001601046-22-000161,false,false,false,1109,24,Naomi Ichiriu,Naomi Ichiriu=done,Naomi Ichiriu=2026-08-27T02:07:25.052822,2,false,,,0,0,0,0,0,0
3046,0001601046,"Keysight Technologies, Inc.",2023,0001601046-23-000134,false,false,false,1256,72,Naomi Ichiriu,Naomi Ichiriu=done,Naomi Ichiriu=2026-08-27T02:08:11.140811,2,false,,,0,0,0,0,0,0
3047,0001601046,"Keysight Technologies, Inc.",2024,0001601046-24-000159,false,false,false,1009,49,Naomi Ichiriu,Naomi Ichiriu=done,Naomi Ichiriu=2026-08-27T02:08:05.898597,2,false,,,0,0,0,0,0,0
3243,0001601046,"Keysight Technologies, Inc.",2025,0001601046-25-000127,false,false,false,1447,174,Naomi Ichiriu,Naomi Ichiriu=done,Naomi Ichiriu=2026-08-27T02:10:08.834330,2,false,,,8,8,0,0,0,0
3735,0000055785,KIMBERLY CLARK CORP,2023,0000055785-23-000012,false,false,false,206,1,Alexa Bishop; Joseline Viveros,Alexa Bishop=done; Joseline Viveros=done,Alexa Bishop=2026-09-11T16:41:24.637443; Joseline Viveros=2026-09-14T05:29:30.222499,2,true,2026-09-19T06:14:33.790335,,0,0,0,0,0,0
3737,0000055785,KIMBERLY CLARK CORP,2024,0000055785-24-000018,false,false,false,337,25,Alexa Bishop; Joseline Viveros,Alexa Bishop=done; Joseline Viveros=done,Alexa Bishop=2026-09-11T16:44:29.347550; Joseline Viveros=2026-09-14T05:29:09.158049,2,true,2026-09-19T06:14:44.401073,,0,0,0,0,0,0
3626,0000055785,KIMBERLY CLARK CORP,2025,0000055785-25-000013,false,false,false,241,26,Joseline Viveros; Alexa Bishop,Joseline Viveros=done; Alexa Bishop=done,Joseline Viveros=2026-09-14T05:28:48.789464; Alexa Bishop=2026-09-11T16:57:33.217739,2,true,2026-09-19T06:16:03.474598,,5,1,1,1,0,1
3619,0000055785,KIMBERLY CLARK CORP,2026,0001628280-26-007567,false,false,false,236,27,Joseline Viveros; Alexa Bishop,Joseline Viveros=done; Alexa Bishop=done,Joseline Viveros=2026-09-14T05:22:58.191908; Alexa Bishop=2026-09-11T17:15:41.538182,2,true,2026-09-21T03:54:02.984433,,5,0,1,2,0,3
2971,0000879101,KIMCO REALTY CORP,2015,0001398432-15-000073,false,false,false,38,3,Naomi Ichiriu,Naomi Ichiriu=done,Naomi Ichiriu=2026-08-19T18:19:36.457028,2,false,,,0,0,0,0,0,0
3005,0000879101,KIMCO REALTY CORP,2016,0001437749-16-026173,false,false,false,41,3,Naomi Ichiriu,Naomi Ichiriu=done,Naomi Ichiriu=2026-08-19T18:40:14.432269,2,false,,,0,0,0,0,0,0
3006,0000879101,KIMCO REALTY CORP,2017,0001437749-17-003269,false,false,false,38,3,Naomi Ichiriu,Naomi Ichiriu=done,Naomi Ichiriu=2026-08-19T18:40:05.962216,2,false,,,0,0,0,0,0,0
3009,0000879101,KIMCO REALTY CORP,2018,0001437749-18-003230,false,false,false,67,2,Naomi Ichiriu,Naomi Ichiriu=done,Naomi Ichiriu=2026-08-19T18:59:13.751344,2,false,,,0,0,0,0,0,0
3007,0000879101,KIMCO REALTY CORP,2019,0001437749-19-002746,false,false,false,66,2,Naomi Ichiriu,Naomi Ichiriu=done,Naomi Ichiriu=2026-08-19T18:40:31.359683,2,false,,,0,0,0,0,0,0
3008,0000879101,KIMCO REALTY CORP,2020,0001437749-20-003500,false,false,false,61,2,Naomi Ichiriu,Naomi Ichiriu=done,Naomi Ichiriu=2026-08-19T18:59:07.874216,2,false,,,0,0,0,0,0,0
3010,0000879101,KIMCO REALTY CORP,2021,0001437749-21-003766,false,false,false,113,3,Naomi Ichiriu,Naomi Ichiriu=done,Naomi Ichiriu=2026-08-19T19:08:49.052967,2,false,,,0,0,0,0,0,0
3011,0000879101,KIMCO REALTY CORP,2022,0001437749-22-004700,false,false,false,146,8,Naomi Ichiriu,Naomi Ichiriu=done,Naomi Ichiriu=2026-08-19T19:46:51.763600,2,false,,,0,0,0,0,0,0
3012,0000879101,KIMCO REALTY CORP,2023,0001437749-23-004541,false,false,false,173,10,Naomi Ichiriu,Naomi Ichiriu=done,Naomi Ichiriu=2026-08-19T19:47:02.423807,2,false,,,0,0,0,0,0,0
3408,0000879101,KIMCO REALTY CORP,2024,0001437749-24-005407,false,false,false,157,45,Naomi Ichiriu,Naomi Ichiriu=done,Naomi Ichiriu=2026-08-29T21:51:08.893005,2,false,,,8,8,0,0,0,0
3409,0000879101,KIMCO REALTY CORP,2025,0000950170-25-024723,false,false,false,201,50,Naomi Ichiriu,Naomi Ichiriu=done,Naomi Ichiriu=2026-08-31T06:16:41.730131,2,false,,,16,14,0,0,0,0
3410,0000879101,KIMCO REALTY CORP,2026,0001193125-26-060760,false,false,false,218,54,Naomi Ichiriu,Naomi Ichiriu=done,Naomi Ichiriu=2026-08-31T06:08:50.932031,2,false,,,15,15,0,0,0,0
1453,0001404912,KKR & Co. Inc.,2015,0001047469-15-001418,false,false,true,88,1,Naomi Ichiriu; Akshitha Venkataraman,Naomi Ichiriu=done; Akshitha Venkataraman=done,Naomi Ichiriu=2026-07-11T06:25:10.690328; Akshitha Venkataraman=2026-07-16T06:48:38.326184,2,true,2026-07-17T03:05:55.275864,,0,0,0,0,0,0
1454,0001404912,KKR & Co. Inc.,2016,0001404912-16-000009,false,false,true,63,1,Naomi Ichiriu; Akshitha Venkataraman,Naomi Ichiriu=done; Akshitha Venkataraman=done,Naomi Ichiriu=2026-07-11T06:25:21.942360; Akshitha Venkataraman=2026-07-16T06:48:57.401139,2,true,2026-07-17T03:06:02.065106,,0,0,0,0,0,0
1455,0001404912,KKR & Co. Inc.,2017,0001404912-17-000005,false,false,true,529,2,Naomi Ichiriu; Akshitha Venkataraman,Naomi Ichiriu=done; Akshitha Venkataraman=done,Naomi Ichiriu=2026-07-11T06:25:45.247980; Akshitha Venkataraman=2026-07-16T06:49:38.694198,2,true,2026-07-17T03:06:09.719279,,0,0,0,0,0,0
1456,0001404912,KKR & Co. Inc.,2018,0001404912-18-000005,false,false,true,56,1,Naomi Ichiriu; Akshitha Venkataraman,Naomi Ichiriu=done; Akshitha Venkataraman=done,Naomi Ichiriu=2026-07-11T06:25:51.225834; Akshitha Venkataraman=2026-07-16T06:49:59.252037,2,true,2026-07-17T03:06:15.726685,,0,0,0,0,0,0
1457,0001404912,KKR & Co. Inc.,2019,0001404912-19-000006,false,false,true,59,1,Naomi Ichiriu; Akshitha Venkataraman,Naomi Ichiriu=done; Akshitha Venkataraman=done,Naomi Ichiriu=2026-07-11T06:25:59.326120; Akshitha Venkataraman=2026-07-16T06:55:23.454549,2,true,2026-07-17T03:06:19.225041,,0,0,0,0,0,0
1458,0001404912,KKR & Co. Inc.,2020,0001404912-20-000006,false,false,true,57,1,Naomi Ichiriu; Akshitha Venkataraman,Naomi Ichiriu=done; Akshitha Venkataraman=done,Naomi Ichiriu=2026-07-11T06:27:40.228097; Akshitha Venkataraman=2026-07-16T06:55:44.428420,2,true,2026-07-17T03:06:23.496770,,0,0,0,0,0,0
1459,0001404912,KKR & Co. Inc.,2021,0001404912-21-000008,false,false,true,1829,8,Naomi Ichiriu; Akshitha Venkataraman,Naomi Ichiriu=done; Akshitha Venkataraman=done,Naomi Ichiriu=2026-07-11T06:42:58.505895; Akshitha Venkataraman=2026-07-16T06:56:51.009876,2,true,2026-07-17T03:06:29.624582,,0,0,0,0,0,0
1460,0001404912,KKR & Co. Inc.,2022,0001404912-22-000004,false,false,true,1829,9,Naomi Ichiriu; Akshitha Venkataraman,Naomi Ichiriu=done; Akshitha Venkataraman=done,Naomi Ichiriu=2026-07-11T06:49:38.256710; Akshitha Venkataraman=2026-07-16T06:57:57.910230,2,true,2026-07-17T03:06:34.597398,,0,0,0,0,0,0
1461,0001404912,KKR & Co. Inc.,2023,0001404912-23-000005,false,false,true,1828,12,Naomi Ichiriu; Akshitha Venkataraman,Naomi Ichiriu=done; Akshitha Venkataraman=done,Naomi Ichiriu=2026-07-11T06:54:43.586645; Akshitha Venkataraman=2026-07-16T06:59:42.014402,2,true,2026-07-17T03:06:46.131420,,0,0,0,0,0,0
1462,0001404912,KKR & Co. Inc.,2024,0001404912-24-000005,false,false,false,1268,80,Naomi Ichiriu; Akshitha Venkataraman,Naomi Ichiriu=done; Akshitha Venkataraman=done,Naomi Ichiriu=2026-07-11T07:14:25.387246; Akshitha Venkataraman=2026-07-20T14:54:30.818497,2,false,,,24,6,12,3,0,16
1463,0001404912,KKR & Co. Inc.,2025,0001404912-25-000015,false,false,false,1256,503,Naomi Ichiriu; Akshitha Venkataraman,Naomi Ichiriu=done; Akshitha Venkataraman=done,Naomi Ichiriu=2026-07-11T07:25:24.304793; Akshitha Venkataraman=2026-07-20T15:13:05.425320,2,false,,,36,4,9,12,0,22
1464,0001404912,KKR & Co. Inc.,2026,0001404912-26-000007,false,false,false,1454,61,Akshitha Venkataraman; Naomi Ichiriu,Akshitha Venkataraman=done; Naomi Ichiriu=done,Akshitha Venkataraman=2026-07-20T15:58:52.346701; Naomi Ichiriu=2026-08-10T09:14:37.644869,2,false,,,50,0,6,15,0,18
2373,0001637459,Kraft Heinz Co,2016,0001637459-16-000100,false,false,false,40,1,Akshitha Venkataraman; Yesenia Garcia,Akshitha Venkataraman=done; Yesenia Garcia=done,Akshitha Venkataraman=2026-07-27T12:59:33.754813; Yesenia Garcia=2026-07-25T04:45:57.016812,2,true,2026-07-27T17:24:59.211726,,0,0,0,0,0,0
2374,0001637459,Kraft Heinz Co,2017,0001637459-17-000007,false,false,false,40,1,Akshitha Venkataraman; Yesenia Garcia,Akshitha Venkataraman=done; Yesenia Garcia=done,Akshitha Venkataraman=2026-07-27T12:59:37.366877; Yesenia Garcia=2026-07-25T04:46:30.879593,2,true,2026-07-27T17:24:56.443198,,0,0,0,0,0,0
2375,0001637459,Kraft Heinz Co,2018,0001637459-18-000015,false,false,false,39,1,Akshitha Venkataraman; Yesenia Garcia,Akshitha Venkataraman=done; Yesenia Garcia=done,Akshitha Venkataraman=2026-07-27T12:59:43.441641; Yesenia Garcia=2026-07-25T04:46:56.590777,2,true,2026-07-27T17:24:53.429690,,0,0,0,0,0,0
2376,0001637459,Kraft Heinz Co,2019,0001637459-19-000049,false,false,false,45,1,Akshitha Venkataraman; Yesenia Garcia,Akshitha Venkataraman=done; Yesenia Garcia=done,Akshitha Venkataraman=2026-07-27T12:59:46.478633; Yesenia Garcia=2026-07-25T04:48:08.987356,2,true,2026-07-27T17:24:50.755712,,0,0,0,0,0,0
2377,0001637459,Kraft Heinz Co,2020,0001637459-20-000027,false,false,false,46,1,Akshitha Venkataraman; Yesenia Garcia,Akshitha Venkataraman=done; Yesenia Garcia=done,Akshitha Venkataraman=2026-07-27T12:59:50.606104; Yesenia Garcia=2026-07-25T04:48:57.356417,2,true,2026-07-27T17:24:47.760495,,0,0,0,0,0,0
2378,0001637459,Kraft Heinz Co,2021,0001637459-21-000009,false,false,false,43,1,Akshitha Venkataraman; Yesenia Garcia,Akshitha Venkataraman=done; Yesenia Garcia=done,Akshitha Venkataraman=2026-07-27T12:59:53.996504; Yesenia Garcia=2026-07-25T04:49:53.557104,2,true,2026-07-27T17:24:44.687755,,0,0,0,0,0,0
2379,0001637459,Kraft Heinz Co,2022,0001637459-22-000018,false,false,false,103,2,Akshitha Venkataraman; Yesenia Garcia,Akshitha Venkataraman=done; Yesenia Garcia=done,Akshitha Venkataraman=2026-07-27T12:59:57.140747; Yesenia Garcia=2026-07-25T04:51:21.686553,2,true,2026-07-27T17:24:41.620488,,0,0,0,0,0,0
2380,0001637459,Kraft Heinz Co,2023,0001637459-23-000009,false,false,false,103,3,Akshitha Venkataraman; Yesenia Garcia,Akshitha Venkataraman=done; Yesenia Garcia=done,Akshitha Venkataraman=2026-07-27T13:00:16.241546; Yesenia Garcia=2026-07-25T04:52:06.060101,2,true,2026-07-27T17:24:35.641335,,0,0,0,0,0,0
2381,0001637459,Kraft Heinz Co,2024,0001637459-24-000018,false,false,false,401,28,Akshitha Venkataraman; Yesenia Garcia,Akshitha Venkataraman=done; Yesenia Garcia=done,Akshitha Venkataraman=2026-07-27T13:01:04.285583; Yesenia Garcia=2026-07-25T04:54:18.707558,2,true,2026-07-27T17:24:23.012731,,2,0,0,2,0,2
2382,0001637459,Kraft Heinz Co,2025,0001637459-25-000011,false,false,false,405,30,Akshitha Venkataraman; Yesenia Garcia,Akshitha Venkataraman=done; Yesenia Garcia=done,Akshitha Venkataraman=2026-07-27T13:03:52.643583; Yesenia Garcia=2026-07-25T04:55:47.537561,2,true,2026-07-27T17:22:32.040389,,2,0,0,2,0,2
2383,0001637459,Kraft Heinz Co,2026,0001637459-26-000009,false,false,false,535,45,Akshitha Venkataraman; Yesenia Garcia,Akshitha Venkataraman=done; Yesenia Garcia=done,Akshitha Venkataraman=2026-07-27T13:04:58.286270; Yesenia Garcia=2026-07-25T04:58:59.168581,2,true,2026-07-27T17:21:55.715184,,2,0,0,2,0,2
4121,0000056873,KROGER CO,2021,0001558370-21-003706,false,false,false,157,2,Naomi Ichiriu,Naomi Ichiriu=done,Naomi Ichiriu=2026-09-18T05:43:15.790718,2,false,,,0,0,0,0,0,0
4122,0000056873,KROGER CO,2022,0001558370-22-004595,false,false,false,306,4,Naomi Ichiriu,Naomi Ichiriu=done,Naomi Ichiriu=2026-09-18T05:42:52.927230,2,false,,,0,0,0,0,0,0
4123,0000056873,KROGER CO,2023,0001558370-23-004767,false,false,false,287,4,Naomi Ichiriu,Naomi Ichiriu=done,Naomi Ichiriu=2026-09-21T12:59:44.470871,2,false,,,0,0,0,0,0,0
4124,0000056873,KROGER CO,2024,0001558370-24-004603,false,false,false,355,27,Naomi Ichiriu,Naomi Ichiriu=done,Naomi Ichiriu=2026-09-21T12:59:54.014051,2,false,,,0,0,0,0,0,0
4125,0000056873,KROGER CO,2025,0001558370-25-004267,false,false,false,441,93,Naomi Ichiriu,Naomi Ichiriu=done,Naomi Ichiriu=2026-09-21T15:57:26.644315,2,false,,,6,6,0,0,0,0
4126,0000056873,KROGER CO,2026,0001104659-26-037723,false,false,false,483,113,Naomi Ichiriu,Naomi Ichiriu=in_progress,Naomi Ichiriu=,2,false,,,0,0,0,0,0,0
4130,0000707549,LAM RESEARCH CORP,2016,0000707549-16-000050,false,false,true,52,1,Naomi Ichiriu; Yesenia Garcia,Naomi Ichiriu=done; Yesenia Garcia=done,Naomi Ichiriu=2026-09-18T05:49:20.923570; Yesenia Garcia=2026-09-28T06:25:08.663417,2,true,2026-09-30T19:28:03.658389,,0,0,0,0,0,0
4129,0000707549,LAM RESEARCH CORP,2017,0000707549-17-000100,false,false,true,52,1,Naomi Ichiriu; Yesenia Garcia,Naomi Ichiriu=done; Yesenia Garcia=done,Naomi Ichiriu=2026-09-18T05:49:32.603820; Yesenia Garcia=2026-09-28T06:25:10.570611,2,true,2026-09-30T19:28:02.491856,,0,0,0,0,0,0
4131,0000707549,LAM RESEARCH CORP,2018,0000707549-18-000115,false,false,true,51,1,Naomi Ichiriu; Yesenia Garcia,Naomi Ichiriu=done; Yesenia Garcia=done,Naomi Ichiriu=2026-09-18T05:49:12.523158; Yesenia Garcia=2026-09-28T06:25:12.573967,2,true,2026-09-30T19:28:01.142521,,0,0,0,0,0,0
4132,0000707549,LAM RESEARCH CORP,2019,0000707549-19-000124,false,false,true,49,1,Naomi Ichiriu; Yesenia Garcia,Naomi Ichiriu=done; Yesenia Garcia=done,Naomi Ichiriu=2026-09-18T05:49:07.913316; Yesenia Garcia=2026-09-28T06:25:14.014976,2,true,2026-09-30T19:27:59.570484,,0,0,0,0,0,0
4133,0000707549,LAM RESEARCH CORP,2020,0000707549-20-000138,false,false,false,114,8,Naomi Ichiriu; Yesenia Garcia,Naomi Ichiriu=done; Yesenia Garcia=done,Naomi Ichiriu=2026-09-21T15:27:28.675221; Yesenia Garcia=2026-09-28T06:27:26.275332,2,false,,,3,1,1,0,0,0
4134,0000707549,LAM RESEARCH CORP,2021,0000707549-21-000136,false,false,false,137,8,Naomi Ichiriu; Yesenia Garcia,Naomi Ichiriu=done; Yesenia Garcia=done,Naomi Ichiriu=2026-09-21T15:27:55.418174; Yesenia Garcia=2026-09-28T06:27:49.487406,2,false,,,3,1,1,0,0,0
4135,0000707549,LAM RESEARCH CORP,2022,0000707549-22-000107,false,false,false,170,8,Naomi Ichiriu; Yesenia Garcia,Naomi Ichiriu=done; Yesenia Garcia=done,Naomi Ichiriu=2026-09-21T15:28:27.599772; Yesenia Garcia=2026-09-28T06:28:03.371516,2,false,,,6,1,0,1,0,1
4136,0000707549,LAM RESEARCH CORP,2023,0000707549-23-000102,false,false,false,180,8,Naomi Ichiriu; Yesenia Garcia,Naomi Ichiriu=done; Yesenia Garcia=done,Naomi Ichiriu=2026-09-21T15:28:50.048238; Yesenia Garcia=2026-09-28T06:28:22.610404,2,false,,,3,1,1,0,0,0
4138,0000707549,LAM RESEARCH CORP,2024,0000707549-24-000106,false,false,false,457,24,Naomi Ichiriu; Yesenia Garcia,Naomi Ichiriu=done; Yesenia Garcia=done,Naomi Ichiriu=2026-09-21T15:33:18.413165; Yesenia Garcia=2026-09-28T06:30:46.523185,2,false,,,7,3,2,1,0,1
4137,0000707549,LAM RESEARCH CORP,2025,0000707549-25-000075,false,false,false,531,107,Naomi Ichiriu; Yesenia Garcia,Naomi Ichiriu=done; Yesenia Garcia=done,Naomi Ichiriu=2026-09-21T15:34:13.521810; Yesenia Garcia=2026-09-28T06:31:43.592204,2,false,,,4,2,1,0,0,0
3062,0001300514,LAS VEGAS SANDS CORP,2015,0001300514-15-000005,false,false,false,124,6,Naomi Ichiriu,Naomi Ichiriu=done,Naomi Ichiriu=2026-08-19T20:15:18.517776,2,false,,,0,0,0,0,0,0
3063,0001300514,LAS VEGAS SANDS CORP,2016,0001300514-16-000023,false,false,false,126,6,Naomi Ichiriu,Naomi Ichiriu=done,Naomi Ichiriu=2026-08-19T20:15:28.458092,2,false,,,0,0,0,0,0,0
3064,0001300514,LAS VEGAS SANDS CORP,2017,0001300514-17-000005,false,false,false,119,5,Naomi Ichiriu,Naomi Ichiriu=done,Naomi Ichiriu=2026-08-19T20:15:09.182832,2,false,,,0,0,0,0,0,0
3065,0001300514,LAS VEGAS SANDS CORP,2018,0001300514-18-000022,false,false,false,120,8,Naomi Ichiriu,Naomi Ichiriu=done,Naomi Ichiriu=2026-08-19T20:17:05.548701,2,false,,,0,0,0,0,0,0
3066,0001300514,LAS VEGAS SANDS CORP,2019,0001300514-19-000021,false,false,false,134,16,Naomi Ichiriu,Naomi Ichiriu=done,Naomi Ichiriu=2026-08-19T20:15:49.515737,2,false,,,0,0,0,0,0,0
3067,0001300514,LAS VEGAS SANDS CORP,2020,0001300514-20-000011,false,false,false,135,10,Naomi Ichiriu,Naomi Ichiriu=done,Naomi Ichiriu=2026-08-19T20:16:01.883888,2,false,,,0,0,0,0,0,0
3068,0001300514,LAS VEGAS SANDS CORP,2021,0001300514-21-000033,false,false,false,57,9,Naomi Ichiriu,Naomi Ichiriu=done,Naomi Ichiriu=2026-08-19T20:16:09.635222,2,false,,,0,0,0,0,0,0
3069,0001300514,LAS VEGAS SANDS CORP,2022,0001300514-22-000007,false,false,false,65,10,Naomi Ichiriu,Naomi Ichiriu=done,Naomi Ichiriu=2026-08-19T20:21:47.397209,2,false,,,0,0,0,0,0,0
3070,0001300514,LAS VEGAS SANDS CORP,2023,0001300514-23-000021,false,false,false,258,19,Naomi Ichiriu,Naomi Ichiriu=done,Naomi Ichiriu=2026-08-19T20:21:56.151197,2,false,,,0,0,0,0,0,0
3071,0001300514,LAS VEGAS SANDS CORP,2024,0001300514-24-000048,false,false,false,310,37,Naomi Ichiriu,Naomi Ichiriu=done,Naomi Ichiriu=2026-08-19T20:22:07.299522,2,false,,,0,0,0,0,0,0
3072,0001300514,LAS VEGAS SANDS CORP,2025,0001300514-25-000040,false,false,false,333,40,Naomi Ichiriu,Naomi Ichiriu=done,Naomi Ichiriu=2026-08-27T02:04:55.527270,2,false,,,4,2,0,0,0,0
3073,0001300514,LAS VEGAS SANDS CORP,2026,0001300514-26-000013,false,false,false,350,41,Naomi Ichiriu,Naomi Ichiriu=done,Naomi Ichiriu=2026-08-27T02:06:02.300951,2,false,,,3,3,0,0,0,0
3612,0000920760,LENNAR CORP /NEW/,2019,0001628280-19-000598,false,false,true,117,1,Joseline Viveros; Amali Oakley,Joseline Viveros=done; Amali Oakley=done,Joseline Viveros=2026-09-02T16:33:41.754093; Amali Oakley=2026-09-09T21:11:16.512554,2,true,2026-09-14T20:40:02.136885,,0,0,0,0,0,0
3611,0000920760,LENNAR CORP /NEW/,2020,0001628280-20-000559,false,false,true,117,1,Joseline Viveros; Amali Oakley,Joseline Viveros=done; Amali Oakley=done,Joseline Viveros=2026-09-02T16:29:49.585750; Amali Oakley=2026-09-09T21:14:22.419542,2,true,2026-09-14T20:40:12.737859,,0,0,0,0,0,0
3610,0000920760,LENNAR CORP /NEW/,2021,0001628280-21-000722,false,false,true,93,2,Joseline Viveros; Amali Oakley,Joseline Viveros=done; Amali Oakley=done,Joseline Viveros=2026-09-02T16:30:02.374527; Amali Oakley=2026-09-09T21:17:05.092090,2,true,2026-09-14T20:40:25.775622,,0,0,0,0,0,0
3609,0000920760,LENNAR CORP /NEW/,2022,0001628280-22-001450,false,false,true,95,2,Joseline Viveros; Amali Oakley,Joseline Viveros=done; Amali Oakley=done,Joseline Viveros=2026-09-02T16:33:16.156115; Amali Oakley=2026-09-09T21:21:14.628839,2,true,2026-09-14T20:40:39.925675,,0,0,0,0,0,0
3608,0000920760,LENNAR CORP /NEW/,2023,0001628280-23-001606,false,false,true,93,2,Joseline Viveros; Amali Oakley,Joseline Viveros=done; Amali Oakley=done,Joseline Viveros=2026-09-02T15:58:21.107080; Amali Oakley=2026-09-09T21:26:55.074748,2,true,2026-09-14T20:40:51.836719,,0,0,0,0,0,0
3607,0000920760,LENNAR CORP /NEW/,2024,0001628280-24-002371,false,false,true,106,4,Joseline Viveros; Amali Oakley,Joseline Viveros=done; Amali Oakley=done,Joseline Viveros=2026-09-02T15:58:51.470760; Amali Oakley=2026-09-09T21:29:16.391279,2,true,2026-09-14T20:39:44.352570,,0,0,0,0,0,0
3606,0000920760,LENNAR CORP /NEW/,2025,0001628280-25-002404,false,false,true,85,18,Joseline Viveros; Amali Oakley,Joseline Viveros=done; Amali Oakley=done,Joseline Viveros=2026-09-02T15:56:52.179502; Amali Oakley=2026-09-09T21:30:48.648026,2,true,2026-09-13T05:27:57.165748,,1,1,0,0,0,0
3573,0000920760,LENNAR CORP /NEW/,2026,0001628280-26-003870,false,false,true,123,34,Joseline Viveros; Amali Oakley,Joseline Viveros=done; Amali Oakley=done,Joseline Viveros=2026-09-02T15:50:56.067714; Amali Oakley=2026-09-09T22:20:24.208097,2,true,2026-09-19T06:13:58.362497,,4,2,0,2,1,4
1408,0001069202,LENNOX INTERNATIONAL INC,2024,0001628280-24-004446,false,false,false,32,15,Yesenia Garcia; Akshitha Venkataraman,Yesenia Garcia=done; Akshitha Venkataraman=done,Yesenia Garcia=2026-07-10T23:24:43.114062; Akshitha Venkataraman=2026-07-15T14:30:13.230554,2,true,2026-09-13T01:53:34.600780,,0,0,0,0,0,0
1409,0001069202,LENNOX INTERNATIONAL INC,2025,0001628280-25-004859,false,false,false,116,40,Yesenia Garcia; Akshitha Venkataraman,Yesenia Garcia=done; Akshitha Venkataraman=done,Yesenia Garcia=2026-07-13T04:10:28.972581; Akshitha Venkataraman=2026-07-15T14:32:00.862955,2,false,,,9,3,6,0,0,6
1499,0001069202,LENNOX INTERNATIONAL INC,2026,0001069202-26-000028,false,false,false,224,83,Yesenia Garcia; Akshitha Venkataraman,Yesenia Garcia=done; Akshitha Venkataraman=done,Yesenia Garcia=2026-07-13T04:18:04.383543; Akshitha Venkataraman=2026-07-15T17:14:56.336841,2,false,,,12,5,6,1,0,7
3923,0000936468,LOCKHEED MARTIN CORP,2016,0001193125-16-476010,false,false,false,1678,14,Yesenia Garcia; Akshitha Venkataraman,Yesenia Garcia=done; Akshitha Venkataraman=in_progress,Yesenia Garcia=2026-09-13T00:03:55.582321; Akshitha Venkataraman=,2,false,,,0,0,0,0,0,0
3924,0000936468,LOCKHEED MARTIN CORP,2017,0001193125-17-036192,false,false,false,2466,14,Yesenia Garcia,Yesenia Garcia=done,Yesenia Garcia=2026-09-13T00:04:34.960253,2,false,,,0,0,0,0,0,0
3926,0000936468,LOCKHEED MARTIN CORP,2018,0000936468-18-000009,false,false,false,3277,13,Yesenia Garcia,Yesenia Garcia=done,Yesenia Garcia=2026-09-13T00:05:20.323070,2,false,,,0,0,0,0,0,0
3927,0000936468,LOCKHEED MARTIN CORP,2019,0000936468-19-000009,false,false,false,2492,17,Yesenia Garcia,Yesenia Garcia=done,Yesenia Garcia=2026-09-13T00:05:48.080988,2,false,,,0,0,0,0,0,0
3928,0000936468,LOCKHEED MARTIN CORP,2020,0000936468-20-000016,false,false,false,1786,18,Yesenia Garcia,Yesenia Garcia=done,Yesenia Garcia=2026-09-13T00:06:09.372636,2,false,,,0,0,0,0,0,0
3929,0000936468,LOCKHEED MARTIN CORP,2021,0000936468-21-000013,false,false,false,819,16,Yesenia Garcia,Yesenia Garcia=done,Yesenia Garcia=2026-09-13T00:08:06.303103,2,false,,,1,1,0,0,0,0
3930,0000936468,LOCKHEED MARTIN CORP,2022,0000936468-22-000008,false,false,false,910,17,Yesenia Garcia,Yesenia Garcia=done,Yesenia Garcia=2026-09-13T00:08:54.476225,2,false,,,1,1,0,0,0,0
3931,0000936468,LOCKHEED MARTIN CORP,2023,0000936468-23-000009,false,false,false,913,18,Yesenia Garcia,Yesenia Garcia=done,Yesenia Garcia=2026-09-13T00:09:24.626424,2,false,,,1,1,0,0,0,0
3932,0000936468,LOCKHEED MARTIN CORP,2024,0000936468-24-000010,false,false,false,874,53,Yesenia Garcia,Yesenia Garcia=done,Yesenia Garcia=2026-09-13T00:13:54.738613,2,false,,,5,3,0,0,0,0
3933,0000936468,LOCKHEED MARTIN CORP,2025,0000936468-25-000009,false,false,false,828,74,Yesenia Garcia,Yesenia Garcia=done,Yesenia Garcia=2026-09-13T00:18:11.774641,2,false,,,3,3,0,0,0,0
3934,0000936468,LOCKHEED MARTIN CORP,2026,0001628280-26-004195,false,false,false,825,52,Yesenia Garcia,Yesenia Garcia=done,Yesenia Garcia=2026-09-13T00:21:49.898420,2,false,,,4,4,0,0,0,0
4320,0000060086,LOEWS CORP,2015,0001193125-15-058679,false,false,false,76,2,Amali Oakley; Joseline Viveros,Amali Oakley=done; Joseline Viveros=done,Amali Oakley=2026-09-26T22:48:44.667878; Joseline Viveros=2026-09-27T05:13:13.713610,2,true,2026-09-27T05:13:17.622005,,0,0,0,0,0,0
4321,0000060086,LOEWS CORP,2016,0001193125-16-470141,false,false,false,85,2,Amali Oakley; Joseline Viveros,Amali Oakley=done; Joseline Viveros=done,Amali Oakley=2026-09-26T22:49:31.104147; Joseline Viveros=2026-09-27T05:13:40.805207,2,true,2026-09-27T05:13:45.573764,,0,0,0,0,0,0
4322,0000060086,LOEWS CORP,2017,0001193125-17-046521,false,false,false,86,3,Amali Oakley; Joseline Viveros,Amali Oakley=done; Joseline Viveros=done,Amali Oakley=2026-09-26T22:50:02.717911; Joseline Viveros=2026-09-27T05:14:06.812409,2,true,2026-09-27T05:14:10.850755,,0,0,0,0,0,0
4323,0000060086,LOEWS CORP,2018,0001193125-18-046681,false,false,false,93,3,Amali Oakley; Joseline Viveros,Amali Oakley=done; Joseline Viveros=done,Amali Oakley=2026-09-26T22:50:28.966868; Joseline Viveros=2026-09-27T05:14:34.932595,2,true,2026-09-27T05:14:39.226404,,0,0,0,0,0,0
4324,0000060086,LOEWS CORP,2019,0001193125-19-037854,false,false,false,80,3,Amali Oakley; Joseline Viveros,Amali Oakley=done; Joseline Viveros=done,Amali Oakley=2026-09-26T22:50:53.095412; Joseline Viveros=2026-09-27T05:15:02.897426,2,true,2026-09-27T05:15:07.886227,,0,0,0,0,0,0
4325,0000060086,LOEWS CORP,2020,0001193125-20-031657,false,false,false,84,3,Amali Oakley; Joseline Viveros,Amali Oakley=done; Joseline Viveros=done,Amali Oakley=2026-09-26T22:51:16.143693; Joseline Viveros=2026-09-27T05:15:28.736179,2,true,2026-09-27T05:15:33.417221,,0,0,0,0,0,0
4326,0000060086,LOEWS CORP,2021,0001140361-21-003906,false,false,false,600,4,Amali Oakley; Joseline Viveros,Amali Oakley=done; Joseline Viveros=done,Amali Oakley=2026-09-26T22:52:28.033046; Joseline Viveros=2026-09-27T05:16:51.762537,2,true,2026-09-27T05:17:05.777668,,0,0,0,0,0,0
4327,0000060086,LOEWS CORP,2022,0000060086-22-000007,false,false,false,746,15,Amali Oakley; Joseline Viveros,Amali Oakley=done; Joseline Viveros=done,Amali Oakley=2026-09-26T22:53:43.591886; Joseline Viveros=2026-09-27T05:18:27.235235,2,true,2026-09-27T05:18:42.926858,,0,0,0,0,0,0
4370,0000060086,LOEWS CORP,2023,0000060086-23-000025,false,false,false,604,10,Joseline Viveros; Amali Oakley,Joseline Viveros=done; Amali Oakley=done,Joseline Viveros=2026-09-27T05:20:16.645809; Amali Oakley=2026-09-28T03:30:04.710717,2,true,2026-09-28T03:30:09.790659,,0,0,0,0,0,0
4371,0000060086,LOEWS CORP,2024,0000060086-24-000029,false,false,false,738,33,Joseline Viveros; Amali Oakley,Joseline Viveros=done; Amali Oakley=done,Joseline Viveros=2026-09-27T05:22:32.512950; Amali Oakley=2026-09-28T03:31:23.546052,2,true,2026-09-28T03:31:29.694447,,1,1,0,0,0,0
4372,0000060086,LOEWS CORP,2025,0000060086-25-000036,false,false,false,785,36,Joseline Viveros; Amali Oakley,Joseline Viveros=done; Amali Oakley=done,Joseline Viveros=2026-09-27T05:29:14.142235; Amali Oakley=2026-09-28T03:34:00.455374,2,false,,,6,3,1,2,0,3
4373,0000060086,LOEWS CORP,2026,0000060086-26-000008,false,false,false,793,250,Joseline Viveros; Amali Oakley,Joseline Viveros=done; Amali Oakley=done,Joseline Viveros=2026-09-27T05:43:30.764415; Amali Oakley=2026-09-28T03:43:24.145026,2,false,,,19,6,13,0,0,5
4140,0000060667,LOWES COMPANIES INC,2018,0000060667-18-000051,false,false,false,57,2,Naomi Ichiriu,Naomi Ichiriu=done,Naomi Ichiriu=2026-09-19T17:10:39.406286,2,false,,,0,0,0,0,0,0
4141,0000060667,LOWES COMPANIES INC,2019,0000060667-19-000042,false,false,false,58,2,Naomi Ichiriu,Naomi Ichiriu=done,Naomi Ichiriu=2026-09-21T04:01:45.493258,2,false,,,0,0,0,0,0,0
4142,0000060667,LOWES COMPANIES INC,2020,0000060667-20-000036,false,false,false,60,2,Naomi Ichiriu,Naomi Ichiriu=done,Naomi Ichiriu=2026-09-21T03:52:30.593190,2,false,,,0,0,0,0,0,0
4143,0000060667,LOWES COMPANIES INC,2021,0000060667-21-000026,false,false,false,123,4,Naomi Ichiriu,Naomi Ichiriu=done,Naomi Ichiriu=2026-09-21T03:52:35.882403,2,false,,,0,0,0,0,0,0
4144,0000060667,LOWES COMPANIES INC,2022,0000060667-22-000038,false,false,false,141,4,Naomi Ichiriu,Naomi Ichiriu=done,Naomi Ichiriu=2026-09-19T17:10:47.652597,2,false,,,0,0,0,0,0,0
4145,0000060667,LOWES COMPANIES INC,2023,0000060667-23-000034,false,false,false,135,4,Naomi Ichiriu,Naomi Ichiriu=done,Naomi Ichiriu=2026-09-19T17:10:53.936536,2,false,,,0,0,0,0,0,0
4146,0000060667,LOWES COMPANIES INC,2024,0000060667-24-000033,false,false,false,356,32,Naomi Ichiriu,Naomi Ichiriu=done,Naomi Ichiriu=2026-09-21T03:53:18.803064,2,false,,,3,3,0,0,0,0
4147,0000060667,LOWES COMPANIES INC,2025,0000060667-25-000049,false,false,false,366,154,Naomi Ichiriu,Naomi Ichiriu=done,Naomi Ichiriu=2026-09-21T04:01:32.802472,2,false,,,9,9,0,0,0,0
4148,0000060667,LOWES COMPANIES INC,2026,0000060667-26-000029,false,false,false,391,161,Naomi Ichiriu,Naomi Ichiriu=done,Naomi Ichiriu=2026-09-21T03:50:01.843506,2,false,,,5,5,0,0,0,0
1185,0001397187,lululemon athletica inc.,2021,0001397187-21-000009,false,false,true,,,Yesenia Garcia; Naomi Ichiriu,Yesenia Garcia=done; Naomi Ichiriu=done,Yesenia Garcia=2026-07-09T19:52:52.891715; Naomi Ichiriu=2026-07-07T21:04:22.628590,2,true,2026-07-09T20:58:29.526736,,0,0,0,0,0,0
1186,0001397187,lululemon athletica inc.,2022,0001397187-22-000014,false,false,true,,,Naomi Ichiriu; Yesenia Garcia,Naomi Ichiriu=done; Yesenia Garcia=done,Naomi Ichiriu=2026-07-07T21:04:30.714648; Yesenia Garcia=2026-07-09T19:53:32.493119,2,true,2026-07-09T21:03:17.459546,,0,0,0,0,0,0
1187,0001397187,lululemon athletica inc.,2023,0001397187-23-000012,false,false,true,,,Naomi Ichiriu; Yesenia Garcia,Naomi Ichiriu=done; Yesenia Garcia=done,Naomi Ichiriu=2026-07-07T21:04:37.587630; Yesenia Garcia=2026-07-09T19:53:50.039587,2,true,2026-07-09T21:03:20.728662,,0,0,0,0,0,0
1188,0001397187,lululemon athletica inc.,2024,0001397187-24-000010,false,false,true,,,Naomi Ichiriu; Yesenia Garcia,Naomi Ichiriu=done; Yesenia Garcia=done,Naomi Ichiriu=2026-07-07T21:04:44.140397; Yesenia Garcia=2026-07-09T19:54:17.404163,2,true,2026-07-09T21:03:24.429772,,0,0,0,0,0,0
1189,0001397187,lululemon athletica inc.,2025,0001397187-25-000013,false,false,true,,,Yesenia Garcia; Naomi Ichiriu,Yesenia Garcia=done; Naomi Ichiriu=done,Yesenia Garcia=2026-07-09T19:57:08.609531; Naomi Ichiriu=2026-07-07T21:11:23.819414,2,true,2026-07-09T21:50:41.166507,,2,0,0,2,0,2
1242,0001397187,lululemon athletica inc.,2026,0001397187-26-000020,false,false,true,374,150,Yesenia Garcia; Naomi Ichiriu,Yesenia Garcia=done; Naomi Ichiriu=done,Yesenia Garcia=2026-07-07T22:14:13.176637; Naomi Ichiriu=2026-08-10T09:18:35.505326,2,true,2026-09-13T06:47:32.238418,,12,4,0,8,0,7
3015,0001489393,LyondellBasell Industries N.V.,2015,0000950123-15-003039,false,false,true,114,7,Naomi Ichiriu; Yesenia Garcia,Naomi Ichiriu=done; Yesenia Garcia=done,Naomi Ichiriu=2026-08-19T19:50:05.079357; Yesenia Garcia=2026-09-04T04:48:28.391523,2,true,2026-09-05T03:16:19.407051,,0,0,0,0,0,0
3059,0001489393,LyondellBasell Industries N.V.,2019,0001489393-19-000011,false,false,true,89,1,Naomi Ichiriu; Yesenia Garcia,Naomi Ichiriu=done; Yesenia Garcia=done,Naomi Ichiriu=2026-08-19T20:14:21.665202; Yesenia Garcia=2026-09-04T04:48:30.630353,2,true,2026-09-05T03:16:16.822062,,0,0,0,0,0,0
3414,0001489393,LyondellBasell Industries N.V.,2020,0001489393-20-000009,false,false,true,106,1,Naomi Ichiriu; Yesenia Garcia,Naomi Ichiriu=done; Yesenia Garcia=done,Naomi Ichiriu=2026-08-29T21:52:54.307341; Yesenia Garcia=2026-09-04T04:48:32.619966,2,true,2026-09-05T03:16:14.475454,,0,0,0,0,0,0
3058,0001489393,LyondellBasell Industries N.V.,2021,0001489393-21-000007,false,false,true,176,3,Naomi Ichiriu; Yesenia Garcia,Naomi Ichiriu=done; Yesenia Garcia=done,Naomi Ichiriu=2026-08-19T20:14:30.791202; Yesenia Garcia=2026-09-04T04:48:34.500962,2,true,2026-09-05T03:16:12.307914,,0,0,0,0,0,0
3056,0001489393,LyondellBasell Industries N.V.,2022,0001489393-22-000009,false,false,true,208,5,Naomi Ichiriu; Yesenia Garcia,Naomi Ichiriu=done; Yesenia Garcia=done,Naomi Ichiriu=2026-08-19T20:13:24.226762; Yesenia Garcia=2026-09-04T04:48:36.417119,2,true,2026-09-05T03:16:08.682412,,0,0,0,0,0,0
3055,0001489393,LyondellBasell Industries N.V.,2023,0001489393-23-000006,false,false,true,216,5,Naomi Ichiriu; Yesenia Garcia,Naomi Ichiriu=done; Yesenia Garcia=done,Naomi Ichiriu=2026-08-19T20:13:14.619003; Yesenia Garcia=2026-09-04T04:48:38.390405,2,true,2026-09-05T03:16:02.592373,,0,0,0,0,0,0
3054,0001489393,LyondellBasell Industries N.V.,2024,0001489393-24-000012,false,false,true,247,25,Naomi Ichiriu; Yesenia Garcia,Naomi Ichiriu=done; Yesenia Garcia=done,Naomi Ichiriu=2026-08-27T02:19:31.664686; Yesenia Garcia=2026-09-04T04:48:40.259320,2,true,2026-09-05T04:12:41.023060,,0,0,0,0,0,0
3053,0001489393,LyondellBasell Industries N.V.,2025,0001489393-25-000008,false,false,false,481,103,Naomi Ichiriu; Yesenia Garcia,Naomi Ichiriu=done; Yesenia Garcia=done,Naomi Ichiriu=2026-08-31T00:27:07.572110; Yesenia Garcia=2026-09-04T04:52:56.073472,2,true,2026-10-01T16:00:46.930626,,7,1,0,6,0,8
3052,0001489393,LyondellBasell Industries N.V.,2026,0001489393-26-000012,false,false,false,416,103,Naomi Ichiriu; Yesenia Garcia,Naomi Ichiriu=done; Yesenia Garcia=done,Naomi Ichiriu=2026-08-31T00:29:48.076313; Yesenia Garcia=2026-09-04T04:53:57.693609,2,true,2026-10-01T16:00:22.660232,,7,2,0,5,0,6
3441,0001510295,Marathon Petroleum Corp,2019,0001510295-19-000014,false,false,true,56,5,Yesenia Garcia; Naomi Ichiriu,Yesenia Garcia=done; Naomi Ichiriu=done,Yesenia Garcia=2026-08-31T04:31:29.307943; Naomi Ichiriu=2026-09-22T17:02:45.274223,2,true,2026-09-30T19:28:16.776658,,0,0,0,0,0,0
3442,0001510295,Marathon Petroleum Corp,2020,0001510295-20-000006,false,false,true,58,5,Yesenia Garcia; Naomi Ichiriu,Yesenia Garcia=done; Naomi Ichiriu=done,Yesenia Garcia=2026-08-31T04:31:59.956840; Naomi Ichiriu=2026-09-22T17:02:43.182163,2,true,2026-09-30T19:28:14.258698,,0,0,0,0,0,0
3443,0001510295,Marathon Petroleum Corp,2021,0001510295-21-000027,false,false,true,165,5,Yesenia Garcia; Naomi Ichiriu,Yesenia Garcia=done; Naomi Ichiriu=done,Yesenia Garcia=2026-08-31T04:32:25.446527; Naomi Ichiriu=2026-09-22T17:02:33.955098,2,true,2026-09-30T19:28:12.765422,,0,0,0,0,0,0
3444,0001510295,Marathon Petroleum Corp,2022,0001510295-22-000011,false,false,true,86,6,Yesenia Garcia; Naomi Ichiriu,Yesenia Garcia=done; Naomi Ichiriu=done,Yesenia Garcia=2026-08-31T04:32:49.814790; Naomi Ichiriu=2026-09-22T17:02:30.458029,2,true,2026-09-30T19:28:07.039088,,0,0,0,0,0,0
3445,0001510295,Marathon Petroleum Corp,2023,0001510295-23-000012,false,false,true,83,6,Yesenia Garcia; Naomi Ichiriu,Yesenia Garcia=done; Naomi Ichiriu=done,Yesenia Garcia=2026-08-31T04:33:32.160086; Naomi Ichiriu=2026-09-22T17:02:28.176848,2,true,2026-09-30T19:28:04.862916,,0,0,0,0,0,0
3446,0001510295,Marathon Petroleum Corp,2024,0001510295-24-000015,false,false,true,120,23,Yesenia Garcia; Naomi Ichiriu,Yesenia Garcia=done; Naomi Ichiriu=done,Yesenia Garcia=2026-08-31T04:34:12.677374; Naomi Ichiriu=2026-09-27T04:31:19.321503,2,true,2026-10-01T16:04:19.554954,,1,0,0,1,0,1
3447,0001510295,Marathon Petroleum Corp,2025,0001510295-25-000012,false,false,false,150,48,Yesenia Garcia; Naomi Ichiriu,Yesenia Garcia=done; Naomi Ichiriu=done,Yesenia Garcia=2026-08-31T04:35:33.505787; Naomi Ichiriu=2026-09-27T04:33:25.154126,2,false,,,5,3,2,0,0,0
3448,0001510295,Marathon Petroleum Corp,2026,0001510295-26-000009,false,false,false,145,48,Yesenia Garcia; Naomi Ichiriu,Yesenia Garcia=done; Naomi Ichiriu=done,Yesenia Garcia=2026-08-31T04:36:57.087871; Naomi Ichiriu=2026-09-27T04:35:37.616562,2,false,,,5,2,3,0,0,0
3595,0001048286,MARRIOTT INTERNATIONAL INC /MD/,2018,0001628280-18-001756,false,false,true,242,2,Yesenia Garcia; Naomi Ichiriu,Yesenia Garcia=done; Naomi Ichiriu=done,Yesenia Garcia=2026-09-02T08:05:57.265524; Naomi Ichiriu=2026-09-22T17:03:42.165040,2,true,2026-09-30T19:27:52.333789,,0,0,0,0,0,0
3596,0001048286,MARRIOTT INTERNATIONAL INC /MD/,2019,0001628280-19-002337,false,false,true,461,3,Yesenia Garcia; Naomi Ichiriu,Yesenia Garcia=done; Naomi Ichiriu=done,Yesenia Garcia=2026-09-02T08:06:14.587173; Naomi Ichiriu=2026-09-22T17:03:48.948353,2,true,2026-09-30T19:27:50.752930,,0,0,0,0,0,0
3597,0001048286,MARRIOTT INTERNATIONAL INC /MD/,2020,0001628280-20-002376,false,false,true,363,5,Yesenia Garcia; Naomi Ichiriu,Yesenia Garcia=done; Naomi Ichiriu=done,Yesenia Garcia=2026-09-02T08:06:31.596679; Naomi Ichiriu=2026-09-22T17:03:32.443805,2,true,2026-09-30T19:27:49.203784,,0,0,0,0,0,0
3598,0001048286,MARRIOTT INTERNATIONAL INC /MD/,2021,0001628280-21-002433,false,false,true,276,6,Yesenia Garcia; Naomi Ichiriu,Yesenia Garcia=done; Naomi Ichiriu=done,Yesenia Garcia=2026-09-02T08:06:52.631355; Naomi Ichiriu=2026-09-22T17:03:31.170223,2,true,2026-09-30T19:27:47.544844,,0,0,0,0,0,0
3599,0001048286,MARRIOTT INTERNATIONAL INC /MD/,2022,0001628280-22-002666,false,false,true,369,8,Yesenia Garcia; Naomi Ichiriu,Yesenia Garcia=done; Naomi Ichiriu=done,Yesenia Garcia=2026-09-02T08:07:13.266549; Naomi Ichiriu=2026-09-22T17:03:05.218938,2,true,2026-09-30T19:27:46.227795,,0,0,0,0,0,0
3600,0001048286,MARRIOTT INTERNATIONAL INC /MD/,2023,0001628280-23-003485,false,false,true,326,7,Yesenia Garcia; Naomi Ichiriu,Yesenia Garcia=done; Naomi Ichiriu=done,Yesenia Garcia=2026-09-02T08:07:36.943589; Naomi Ichiriu=2026-09-22T17:02:50.060827,2,true,2026-09-30T19:27:44.323082,,0,0,0,0,0,0
3601,0001048286,MARRIOTT INTERNATIONAL INC /MD/,2024,0001628280-24-004372,false,false,true,363,22,Yesenia Garcia; Naomi Ichiriu,Yesenia Garcia=done; Naomi Ichiriu=done,Yesenia Garcia=2026-09-02T08:08:00.526617; Naomi Ichiriu=2026-09-22T17:02:47.862415,2,true,2026-09-30T19:14:39.702799,,0,0,0,0,0,0
3602,0001048286,MARRIOTT INTERNATIONAL INC /MD/,2025,0001628280-25-004818,false,false,false,275,108,Yesenia Garcia; Naomi Ichiriu,Yesenia Garcia=done; Naomi Ichiriu=done,Yesenia Garcia=2026-09-02T08:09:32.566841; Naomi Ichiriu=2026-09-27T03:45:55.058928,2,false,,,5,1,4,0,0,0
3603,0001048286,MARRIOTT INTERNATIONAL INC /MD/,2026,0001048286-26-000007,false,false,false,282,123,Yesenia Garcia; Naomi Ichiriu,Yesenia Garcia=done; Naomi Ichiriu=done,Yesenia Garcia=2026-09-02T08:12:53.833958; Naomi Ichiriu=2026-09-27T03:53:58.986402,2,false,,,13,4,5,1,0,2
4228,0000062709,"MARSH & MCLENNAN COMPANIES, INC.",2015,0000062709-15-000005,false,false,false,54,1,Joseline Viveros; Amali Oakley,Joseline Viveros=done; Amali Oakley=done,Joseline Viveros=2026-09-21T05:27:52.929048; Amali Oakley=2026-09-22T05:18:25.251858,2,true,2026-09-22T05:18:28.922774,,0,0,0,0,0,0
4229,0000062709,"MARSH & MCLENNAN COMPANIES, INC.",2016,0000062709-16-000040,false,false,false,171,3,Joseline Viveros; Amali Oakley,Joseline Viveros=done; Amali Oakley=done,Joseline Viveros=2026-09-21T05:28:20.286109; Amali Oakley=2026-09-22T05:19:26.665461,2,true,2026-09-22T05:20:17.815159,,0,0,0,0,0,0
4230,0000062709,"MARSH & MCLENNAN COMPANIES, INC.",2017,0000062709-17-000008,false,false,false,212,5,Joseline Viveros; Amali Oakley,Joseline Viveros=done; Amali Oakley=done,Joseline Viveros=2026-09-21T05:29:00.719989; Amali Oakley=2026-09-22T05:19:53.027463,2,true,2026-09-22T05:19:59.866964,,0,0,0,0,0,0
4231,0000062709,"MARSH & MCLENNAN COMPANIES, INC.",2018,0000062709-18-000007,false,false,false,265,34,Joseline Viveros; Amali Oakley,Joseline Viveros=done; Amali Oakley=done,Joseline Viveros=2026-09-21T05:34:39.274877; Amali Oakley=2026-09-22T05:21:03.804454,2,true,2026-09-26T05:21:59.570664,,1,0,0,1,1,2
4233,0000062709,"MARSH & MCLENNAN COMPANIES, INC.",2019,0000062709-19-000010,false,false,false,270,42,Joseline Viveros; Amali Oakley,Joseline Viveros=done; Amali Oakley=done,Joseline Viveros=2026-09-21T05:46:44.795960; Amali Oakley=2026-09-22T05:23:09.959464,2,true,2026-09-27T13:25:21.910042,,1,0,0,1,1,4
4234,0000062709,"MARSH & MCLENNAN COMPANIES, INC.",2020,0000062709-20-000010,false,false,false,521,46,Joseline Viveros; Amali Oakley,Joseline Viveros=done; Amali Oakley=done,Joseline Viveros=2026-09-21T05:49:13.878964; Amali Oakley=2026-09-22T05:24:56.833399,2,true,2026-09-27T13:25:57.972743,,2,1,0,1,1,2
4235,0000062709,"MARSH & MCLENNAN COMPANIES, INC.",2021,0000062709-21-000008,false,false,false,431,69,Joseline Viveros; Amali Oakley,Joseline Viveros=done; Amali Oakley=done,Joseline Viveros=2026-09-21T05:53:54.580003; Amali Oakley=2026-09-22T05:26:26.923129,2,true,2026-09-27T13:26:26.025830,,2,0,0,2,1,4
4236,0000062709,"MARSH & MCLENNAN COMPANIES, INC.",2022,0000062709-22-000009,false,false,false,438,60,Joseline Viveros; Amali Oakley,Joseline Viveros=done; Amali Oakley=done,Joseline Viveros=2026-09-21T05:53:30.201357; Amali Oakley=2026-09-23T01:52:55.261978,2,true,2026-09-27T13:26:46.997289,,2,0,0,2,1,4
4237,0000062709,"MARSH & MCLENNAN COMPANIES, INC.",2023,0000062709-23-000014,false,false,false,278,88,Joseline Viveros; Amali Oakley,Joseline Viveros=done; Amali Oakley=done,Joseline Viveros=2026-09-21T05:59:01.433386; Amali Oakley=2026-09-23T01:57:03.207161,2,true,2026-09-27T13:27:17.541752,,3,0,0,3,1,6
4238,0000062709,"MARSH & MCLENNAN COMPANIES, INC.",2024,0000062709-24-000016,false,false,false,672,205,Joseline Viveros; Amali Oakley,Joseline Viveros=done; Amali Oakley=done,Joseline Viveros=2026-09-21T06:13:30.327143; Amali Oakley=2026-09-23T02:20:46.930838,2,false,,,18,3,2,13,1,24
4239,0000062709,"MARSH & MCLENNAN COMPANIES, INC.",2025,0000062709-25-000015,false,false,false,838,221,Joseline Viveros; Amali Oakley,Joseline Viveros=done; Amali Oakley=done,Joseline Viveros=2026-09-21T06:42:12.079186; Amali Oakley=2026-09-23T03:57:42.850342,2,false,,,36,14,12,8,0,15
4240,0000062709,"MARSH & MCLENNAN COMPANIES, INC.",2026,0000062709-26-000022,false,false,false,1168,237,Joseline Viveros; Amali Oakley,Joseline Viveros=done; Amali Oakley=done,Joseline Viveros=2026-09-21T06:56:41.966294; Amali Oakley=2026-09-24T03:35:28.725985,2,false,,,40,18,20,0,0,0
4149,0000916076,MARTIN MARIETTA MATERIALS INC,2015,0001193125-15-060008,false,false,true,68,2,Naomi Ichiriu; Yesenia Garcia,Naomi Ichiriu=done; Yesenia Garcia=done,Naomi Ichiriu=2026-09-18T06:00:43.439354; Yesenia Garcia=2026-09-28T06:58:01.686571,2,true,2026-09-28T07:00:10.599715,,0,0,0,0,0,0
4150,0000916076,MARTIN MARIETTA MATERIALS INC,2016,0001193125-16-473754,false,false,true,90,2,Naomi Ichiriu; Yesenia Garcia,Naomi Ichiriu=done; Yesenia Garcia=done,Naomi Ichiriu=2026-09-18T06:01:18.140199; Yesenia Garcia=2026-09-28T06:58:05.922715,2,true,2026-09-28T07:00:13.730816,,0,0,0,0,0,0
4151,0000916076,MARTIN MARIETTA MATERIALS INC,2017,0001193125-17-056282,false,false,true,63,2,Naomi Ichiriu; Yesenia Garcia,Naomi Ichiriu=done; Yesenia Garcia=done,Naomi Ichiriu=2026-09-18T06:01:13.984500; Yesenia Garcia=2026-09-28T06:58:08.623990,2,true,2026-09-28T07:00:16.006294,,0,0,0,0,0,0
4152,0000916076,MARTIN MARIETTA MATERIALS INC,2018,0001193125-18-055887,false,false,true,67,2,Naomi Ichiriu; Yesenia Garcia,Naomi Ichiriu=done; Yesenia Garcia=done,Naomi Ichiriu=2026-09-21T15:45:24.516141; Yesenia Garcia=2026-09-28T06:58:11.328064,2,true,2026-09-28T07:00:19.221117,,0,0,0,0,0,0
4153,0000916076,MARTIN MARIETTA MATERIALS INC,2019,0001193125-19-049961,false,false,true,42,2,Naomi Ichiriu; Yesenia Garcia,Naomi Ichiriu=done; Yesenia Garcia=done,Naomi Ichiriu=2026-09-18T06:03:36.028794; Yesenia Garcia=2026-09-28T06:58:14.291563,2,true,2026-09-28T07:00:21.788106,,0,0,0,0,0,0
4154,0000916076,MARTIN MARIETTA MATERIALS INC,2020,0001564590-20-005784,false,false,true,67,5,Naomi Ichiriu; Yesenia Garcia,Naomi Ichiriu=done; Yesenia Garcia=done,Naomi Ichiriu=2026-09-18T06:03:31.310453; Yesenia Garcia=2026-09-28T06:58:16.367956,2,true,2026-09-28T07:00:24.020596,,0,0,0,0,0,0
4155,0000916076,MARTIN MARIETTA MATERIALS INC,2021,0001564590-21-006959,false,false,true,67,5,Naomi Ichiriu; Yesenia Garcia,Naomi Ichiriu=done; Yesenia Garcia=done,Naomi Ichiriu=2026-09-21T15:44:31.533007; Yesenia Garcia=2026-09-28T06:58:18.598666,2,true,2026-09-28T07:00:26.937216,,0,0,0,0,0,0
4156,0000916076,MARTIN MARIETTA MATERIALS INC,2022,0001564590-22-005965,false,false,true,62,6,Naomi Ichiriu; Yesenia Garcia,Naomi Ichiriu=done; Yesenia Garcia=done,Naomi Ichiriu=2026-09-21T15:44:28.815872; Yesenia Garcia=2026-09-28T06:58:20.565373,2,true,2026-09-28T07:00:30.382695,,0,0,0,0,0,0
4157,0000916076,MARTIN MARIETTA MATERIALS INC,2023,0000950170-23-004361,false,false,true,87,4,Naomi Ichiriu; Yesenia Garcia,Naomi Ichiriu=done; Yesenia Garcia=done,Naomi Ichiriu=2026-09-21T15:44:34.044357; Yesenia Garcia=2026-09-28T06:58:22.705362,2,true,2026-09-28T07:00:33.260489,,0,0,0,0,0,0
4158,0000916076,MARTIN MARIETTA MATERIALS INC,2024,0000950170-24-019275,false,false,true,98,21,Naomi Ichiriu; Yesenia Garcia,Naomi Ichiriu=done; Yesenia Garcia=done,Naomi Ichiriu=2026-09-21T15:44:39.716138; Yesenia Garcia=2026-09-28T06:58:24.627879,2,true,2026-09-28T07:00:36.246774,,0,0,0,0,0,0
4159,0000916076,MARTIN MARIETTA MATERIALS INC,2025,0000950170-25-024770,false,false,true,103,25,Naomi Ichiriu; Yesenia Garcia,Naomi Ichiriu=done; Yesenia Garcia=done,Naomi Ichiriu=2026-09-21T15:45:00.072067; Yesenia Garcia=2026-09-28T06:58:52.350929,2,true,2026-09-28T07:00:39.025246,,1,1,0,0,0,0
4160,0000916076,MARTIN MARIETTA MATERIALS INC,2026,0001193125-26-059193,false,false,true,159,29,Naomi Ichiriu; Yesenia Garcia,Naomi Ichiriu=done; Yesenia Garcia=done,Naomi Ichiriu=2026-09-21T15:45:16.346491; Yesenia Garcia=2026-09-28T06:59:07.925700,2,true,2026-09-28T07:00:42.289876,,1,1,0,0,0,0
2266,0000062996,MASCO CORP /DE/,2015,0001047469-15-000803,false,false,true,52,1,Akshitha Venkataraman; Naomi Ichiriu,Akshitha Venkataraman=done; Naomi Ichiriu=done,Akshitha Venkataraman=2026-08-17T05:44:01.488954; Naomi Ichiriu=2026-07-22T22:16:26.541688,2,true,2026-08-17T14:57:12.991180,,0,0,0,0,0,0
2267,0000062996,MASCO CORP /DE/,2016,0001047469-16-010135,false,false,true,43,1,Akshitha Venkataraman; Naomi Ichiriu,Akshitha Venkataraman=done; Naomi Ichiriu=done,Akshitha Venkataraman=2026-08-17T05:44:03.865937; Naomi Ichiriu=2026-07-22T22:30:35.574302,2,true,2026-08-17T14:57:16.588050,,0,0,0,0,0,0
2268,0000062996,MASCO CORP /DE/,2017,0000062996-17-000008,false,false,true,40,1,Akshitha Venkataraman; Naomi Ichiriu,Akshitha Venkataraman=done; Naomi Ichiriu=done,Akshitha Venkataraman=2026-08-17T05:44:06.189700; Naomi Ichiriu=2026-07-22T22:30:48.913153,2,true,2026-08-17T14:57:18.886927,,0,0,0,0,0,0
2271,0000062996,MASCO CORP /DE/,2018,0000062996-18-000015,false,false,true,44,1,Akshitha Venkataraman; Naomi Ichiriu,Akshitha Venkataraman=done; Naomi Ichiriu=done,Akshitha Venkataraman=2026-08-17T05:44:22.642518; Naomi Ichiriu=2026-07-22T22:31:42.418822,2,true,2026-08-17T14:57:21.482570,,0,0,0,0,0,0
2270,0000062996,MASCO CORP /DE/,2019,0000062996-19-000011,false,false,true,52,2,Akshitha Venkataraman; Naomi Ichiriu,Akshitha Venkataraman=done; Naomi Ichiriu=done,Akshitha Venkataraman=2026-08-17T05:44:24.839192; Naomi Ichiriu=2026-07-22T22:31:21.381413,2,true,2026-08-17T14:57:24.975110,,0,0,0,0,0,0
2273,0000062996,MASCO CORP /DE/,2020,0000062996-20-000006,false,false,true,54,2,Akshitha Venkataraman; Naomi Ichiriu,Akshitha Venkataraman=done; Naomi Ichiriu=done,Akshitha Venkataraman=2026-08-17T05:44:30.567627; Naomi Ichiriu=2026-07-22T22:32:06.217103,2,true,2026-08-17T14:57:27.603525,,0,0,0,0,0,0
2272,0000062996,MASCO CORP /DE/,2021,0000062996-21-000008,false,false,true,45,2,Akshitha Venkataraman; Naomi Ichiriu,Akshitha Venkataraman=done; Naomi Ichiriu=done,Akshitha Venkataraman=2026-08-17T05:44:37.023844; Naomi Ichiriu=2026-07-22T22:31:58.663120,2,true,2026-08-17T14:57:30.193990,,0,0,0,0,0,0
2274,0000062996,MASCO CORP /DE/,2022,0000062996-22-000011,false,false,true,46,3,Akshitha Venkataraman; Naomi Ichiriu,Akshitha Venkataraman=done; Naomi Ichiriu=done,Akshitha Venkataraman=2026-08-17T05:44:42.731803; Naomi Ichiriu=2026-07-22T22:32:28.427891,2,true,2026-08-17T14:57:33.357374,,0,0,0,0,0,0
2275,0000062996,MASCO CORP /DE/,2023,0000062996-23-000008,false,false,true,141,4,Akshitha Venkataraman; Naomi Ichiriu,Akshitha Venkataraman=done; Naomi Ichiriu=done,Akshitha Venkataraman=2026-08-17T06:43:09.678857; Naomi Ichiriu=2026-07-22T22:32:39.247003,2,true,2026-08-17T14:57:37.861865,,0,0,0,0,0,0
2276,0000062996,MASCO CORP /DE/,2024,0000062996-24-000006,false,false,true,147,23,Akshitha Venkataraman; Naomi Ichiriu,Akshitha Venkataraman=done; Naomi Ichiriu=done,Akshitha Venkataraman=2026-08-17T06:43:27.935261; Naomi Ichiriu=2026-07-22T22:32:51.478089,2,true,2026-08-17T14:57:40.698435,,0,0,0,0,0,0
2277,0000062996,MASCO CORP /DE/,2025,0000062996-25-000004,false,false,true,151,24,Akshitha Venkataraman; Naomi Ichiriu,Akshitha Venkataraman=done; Naomi Ichiriu=done,Akshitha Venkataraman=2026-08-17T06:52:20.668472; Naomi Ichiriu=2026-07-22T22:33:10.732099,2,true,2026-08-17T14:57:43.432356,,0,0,0,0,0,0
2269,0000062996,MASCO CORP /DE/,2026,0000062996-26-000005,false,false,true,168,23,Akshitha Venkataraman; Naomi Ichiriu,Akshitha Venkataraman=done; Naomi Ichiriu=done,Akshitha Venkataraman=2026-08-17T06:53:01.641360; Naomi Ichiriu=2026-08-10T15:46:39.254265,2,true,2026-08-17T15:01:00.780337,,2,1,0,1,0,2
2278,0000063754,MCCORMICK & CO INC,2015,0000063754-15-000013,false,false,true,41,1,Akshitha Venkataraman; Naomi Ichiriu,Akshitha Venkataraman=done; Naomi Ichiriu=done,Akshitha Venkataraman=2026-08-17T00:37:12.033167; Naomi Ichiriu=2026-07-22T22:34:16.299260,2,true,2026-08-17T14:52:53.456971,,0,0,0,0,0,0
2279,0000063754,MCCORMICK & CO INC,2016,0000063754-16-000063,false,false,true,42,1,Akshitha Venkataraman; Naomi Ichiriu,Akshitha Venkataraman=done; Naomi Ichiriu=done,Akshitha Venkataraman=2026-08-17T00:37:18.690675; Naomi Ichiriu=2026-07-22T22:34:22.512926,2,true,2026-08-17T14:52:57.959697,,0,0,0,0,0,0
2284,0000063754,MCCORMICK & CO INC,2017,0000063754-17-000014,false,false,true,41,1,Akshitha Venkataraman; Naomi Ichiriu,Akshitha Venkataraman=done; Naomi Ichiriu=done,Akshitha Venkataraman=2026-08-17T00:37:25.042315; Naomi Ichiriu=2026-07-22T22:35:14.601376,2,true,2026-08-17T14:53:01.244874,,0,0,0,0,0,0
2280,0000063754,MCCORMICK & CO INC,2018,0000063754-18-000008,false,false,true,42,1,Akshitha Venkataraman; Naomi Ichiriu,Akshitha Venkataraman=done; Naomi Ichiriu=done,Akshitha Venkataraman=2026-08-17T00:37:30.550881; Naomi Ichiriu=2026-07-22T22:34:29.027694,2,true,2026-08-22T17:00:36.234113,,0,0,0,0,0,0
2282,0000063754,MCCORMICK & CO INC,2019,0000063754-19-000017,false,false,true,41,1,Akshitha Venkataraman; Naomi Ichiriu,Akshitha Venkataraman=done; Naomi Ichiriu=done,Akshitha Venkataraman=2026-08-17T00:37:35.914592; Naomi Ichiriu=2026-07-22T22:34:56.398684,2,true,2026-08-17T14:53:04.685392,,0,0,0,0,0,0
2283,0000063754,MCCORMICK & CO INC,2020,0000063754-20-000022,false,false,true,42,1,Akshitha Venkataraman; Naomi Ichiriu,Akshitha Venkataraman=done; Naomi Ichiriu=done,Akshitha Venkataraman=2026-08-17T00:37:42.379416; Naomi Ichiriu=2026-07-22T22:34:50.483078,2,true,2026-08-17T14:53:08.281469,,0,0,0,0,0,0
2288,0000063754,MCCORMICK & CO INC,2021,0000063754-21-000020,false,false,false,43,1,Naomi Ichiriu,Naomi Ichiriu=done,Naomi Ichiriu=2026-07-22T22:38:23.896060,2,false,,,0,0,0,0,0,0
2285,0000063754,MCCORMICK & CO INC,2022,0000063754-22-000005,false,false,true,47,2,Akshitha Venkataraman; Naomi Ichiriu,Akshitha Venkataraman=done; Naomi Ichiriu=done,Akshitha Venkataraman=2026-08-17T00:37:49.502011; Naomi Ichiriu=2026-07-22T22:35:27.027767,2,true,2026-08-17T14:53:15.653227,,0,0,0,0,0,0
2286,0000063754,MCCORMICK & CO INC,2023,0000063754-23-000005,false,false,true,46,2,Akshitha Venkataraman; Naomi Ichiriu,Akshitha Venkataraman=done; Naomi Ichiriu=done,Akshitha Venkataraman=2026-08-17T00:48:41.340867; Naomi Ichiriu=2026-07-22T22:38:14.952292,2,true,2026-08-22T16:55:46.647227,,0,0,0,0,0,0
2287,0000063754,MCCORMICK & CO INC,2024,0000063754-24-000027,false,false,true,72,5,Akshitha Venkataraman; Naomi Ichiriu,Akshitha Venkataraman=done; Naomi Ichiriu=done,Akshitha Venkataraman=2026-08-17T00:49:28.670251; Naomi Ichiriu=2026-07-22T22:47:22.334817,2,true,2026-08-22T16:56:30.177513,,3,1,0,2,0,2
2289,0000063754,MCCORMICK & CO INC,2025,0000063754-25-000005,false,false,true,325,27,Akshitha Venkataraman; Naomi Ichiriu,Akshitha Venkataraman=done; Naomi Ichiriu=done,Akshitha Venkataraman=2026-08-17T03:15:52.913313; Naomi Ichiriu=2026-07-22T22:48:23.814083,2,true,2026-08-22T16:58:28.533541,,6,2,0,4,0,4
2281,0000063754,MCCORMICK & CO INC,2026,0000063754-26-000037,false,false,false,330,31,Akshitha Venkataraman; Naomi Ichiriu,Akshitha Venkataraman=done; Naomi Ichiriu=done,Akshitha Venkataraman=2026-08-17T03:25:48.185985; Naomi Ichiriu=2026-08-10T15:53:36.287325,2,false,,,9,4,3,2,0,3
1747,0000063908,MCDONALDS CORP,2024,0000063908-24-000072,false,false,true,6,1,Naomi Ichiriu; Yesenia Garcia,Naomi Ichiriu=done; Yesenia Garcia=done,Naomi Ichiriu=2026-07-14T05:11:07.491710; Yesenia Garcia=2026-08-03T07:20:04.067639,2,true,2026-08-10T15:54:17.801977,,0,0,0,0,0,0
1748,0000063908,MCDONALDS CORP,2025,0000063908-25-000012,false,false,true,6,1,Naomi Ichiriu; Yesenia Garcia,Naomi Ichiriu=done; Yesenia Garcia=done,Naomi Ichiriu=2026-07-14T05:11:31.182521; Yesenia Garcia=2026-08-03T07:20:05.857793,2,true,2026-08-10T15:54:15.552596,,0,0,0,0,0,0
2469,0000063908,MCDONALDS CORP,2026,0000063908-26-000035,false,false,true,6,1,Yesenia Garcia; Naomi Ichiriu,Yesenia Garcia=done; Naomi Ichiriu=done,Yesenia Garcia=2026-09-21T01:29:16.626038; Naomi Ichiriu=2026-08-10T15:53:53.755086,2,true,2026-09-21T01:30:04.521920,,0,0,0,0,0,0
2290,0000927653,MCKESSON CORP,2015,0001628280-15-004098,false,false,true,121,4,Yesenia Garcia; Naomi Ichiriu,Yesenia Garcia=done; Naomi Ichiriu=done,Yesenia Garcia=2026-08-10T01:00:59.411207; Naomi Ichiriu=2026-07-22T22:46:37.512540,2,true,2026-08-10T16:10:29.627438,,0,0,0,0,0,0
2291,0000927653,MCKESSON CORP,2016,0000927653-16-000020,false,false,true,60,3,Yesenia Garcia; Naomi Ichiriu,Yesenia Garcia=done; Naomi Ichiriu=done,Yesenia Garcia=2026-08-10T01:01:06.189577; Naomi Ichiriu=2026-07-22T22:46:26.719793,2,true,2026-08-10T16:09:59.898306,,0,0,0,0,0,0
2296,0000927653,MCKESSON CORP,2020,0000927653-20-000033,false,false,true,43,3,Yesenia Garcia; Naomi Ichiriu,Yesenia Garcia=done; Naomi Ichiriu=done,Yesenia Garcia=2026-08-10T01:01:12.360162; Naomi Ichiriu=2026-07-22T22:49:15.563487,2,true,2026-08-10T16:10:04.130409,,0,0,0,0,0,0
2297,0000927653,MCKESSON CORP,2021,0000927653-21-000039,false,false,true,90,6,Yesenia Garcia; Naomi Ichiriu,Yesenia Garcia=done; Naomi Ichiriu=done,Yesenia Garcia=2026-08-10T01:01:19.282268; Naomi Ichiriu=2026-07-22T22:49:26.050238,2,true,2026-08-10T16:10:07.403487,,0,0,0,0,0,0
2298,0000927653,MCKESSON CORP,2022,0000927653-22-000051,false,false,true,325,8,Yesenia Garcia; Naomi Ichiriu,Yesenia Garcia=done; Naomi Ichiriu=done,Yesenia Garcia=2026-08-10T01:01:26.120888; Naomi Ichiriu=2026-07-22T22:49:51.281521,2,true,2026-08-10T16:10:14.579401,,0,0,0,0,0,0
2300,0000927653,MCKESSON CORP,2023,0000927653-23-000038,false,false,true,354,8,Yesenia Garcia; Naomi Ichiriu,Yesenia Garcia=done; Naomi Ichiriu=done,Yesenia Garcia=2026-08-10T01:01:34.215544; Naomi Ichiriu=2026-07-22T22:50:45.888923,2,true,2026-08-10T16:10:19.594056,,0,0,0,0,0,0
2302,0000927653,MCKESSON CORP,2024,0000927653-24-000035,false,false,false,508,148,Yesenia Garcia; Naomi Ichiriu,Yesenia Garcia=done; Naomi Ichiriu=done,Yesenia Garcia=2026-08-10T01:04:31.570574; Naomi Ichiriu=2026-07-22T22:52:14.480730,2,false,,,6,0,2,4,0,6
2301,0000927653,MCKESSON CORP,2025,0000927653-25-000036,false,false,false,564,156,Yesenia Garcia; Naomi Ichiriu,Yesenia Garcia=done; Naomi Ichiriu=done,Yesenia Garcia=2026-08-10T04:54:31.884465; Naomi Ichiriu=2026-07-22T22:55:44.536425,2,false,,,23,0,2,15,0,24
2299,0000927653,MCKESSON CORP,2026,0000927653-26-000069,false,false,false,553,179,Yesenia Garcia; Naomi Ichiriu,Yesenia Garcia=done; Naomi Ichiriu=done,Yesenia Garcia=2026-08-10T05:13:52.442877; Naomi Ichiriu=2026-08-10T16:06:09.572071,2,false,,,25,7,4,14,0,21
1110,0001326801,"Meta Platforms, Inc.",2024,0001326801-24-000012,false,false,false,4068,387,,,,0,false,,,0,0,0,0,0,0
1113,0001326801,"Meta Platforms, Inc.",2026,0001628280-26-003942,false,false,false,3987,764,Yesenia Garcia; Akshitha Venkataraman,Yesenia Garcia=in_progress; Akshitha Venkataraman=in_progress,Yesenia Garcia=; Akshitha Venkataraman=,2,false,,,0,0,0,0,0,0
3784,0001099219,METLIFE INC,2015,0000937834-15-000009,false,false,false,63,2,Yesenia Garcia,Yesenia Garcia=done,Yesenia Garcia=2026-09-12T04:16:21.941852,2,false,,,0,0,0,0,0,0
3785,0001099219,METLIFE INC,2016,0000937834-16-000077,false,false,false,59,2,Yesenia Garcia,Yesenia Garcia=done,Yesenia Garcia=2026-09-12T04:16:56.677712,2,false,,,0,0,0,0,0,0
3786,0001099219,METLIFE INC,2017,0000937834-17-000003,false,false,false,146,9,Yesenia Garcia,Yesenia Garcia=done,Yesenia Garcia=2026-09-12T04:17:22.255909,2,false,,,0,0,0,0,0,0
3787,0001099219,METLIFE INC,2018,0000937834-18-000005,false,false,false,126,15,Yesenia Garcia,Yesenia Garcia=done,Yesenia Garcia=2026-09-12T04:17:44.397599,2,false,,,0,0,0,0,0,0
3788,0001099219,METLIFE INC,2019,0001099219-19-000008,false,false,false,167,13,Yesenia Garcia,Yesenia Garcia=done,Yesenia Garcia=2026-09-12T04:18:09.723031,2,false,,,0,0,0,0,0,0
3789,0001099219,METLIFE INC,2020,0001099219-20-000064,false,false,false,311,11,Yesenia Garcia,Yesenia Garcia=done,Yesenia Garcia=2026-09-12T04:18:39.793292,2,false,,,0,0,0,0,0,0
3790,0001099219,METLIFE INC,2021,0001099219-21-000050,false,false,false,647,15,Yesenia Garcia,Yesenia Garcia=done,Yesenia Garcia=2026-09-12T04:19:04.015580,2,false,,,0,0,0,0,0,0
3791,0001099219,METLIFE INC,2022,0001099219-22-000014,false,false,false,710,29,Yesenia Garcia,Yesenia Garcia=done,Yesenia Garcia=2026-09-12T04:19:36.204737,2,false,,,0,0,0,0,0,0
3792,0001099219,METLIFE INC,2023,0001099219-23-000045,false,false,false,715,30,Yesenia Garcia,Yesenia Garcia=done,Yesenia Garcia=2026-09-12T04:20:06.278651,2,false,,,0,0,0,0,0,0
3793,0001099219,METLIFE INC,2024,0001099219-24-000035,false,false,false,582,183,Yesenia Garcia,Yesenia Garcia=done,Yesenia Garcia=2026-09-12T04:27:22.665203,2,false,,,4,4,0,0,0,0
3794,0001099219,METLIFE INC,2025,0001099219-25-000044,false,false,false,1093,245,Yesenia Garcia,Yesenia Garcia=in_progress,Yesenia Garcia=,2,false,,,0,0,0,0,0,0
3630,0001037646,METTLER TOLEDO INTERNATIONAL INC/,2015,0001037646-15-000008,false,false,true,56,1,Yesenia Garcia; Naomi Ichiriu,Yesenia Garcia=done; Naomi Ichiriu=done,Yesenia Garcia=2026-09-04T01:32:34.267233; Naomi Ichiriu=2026-09-22T17:04:05.328282,2,true,2026-09-29T18:31:12.416265,,0,0,0,0,0,0
3631,0001037646,METTLER TOLEDO INTERNATIONAL INC/,2016,0001037646-16-000043,false,false,true,65,1,Yesenia Garcia; Naomi Ichiriu,Yesenia Garcia=done; Naomi Ichiriu=done,Yesenia Garcia=2026-09-04T01:33:06.859954; Naomi Ichiriu=2026-09-22T17:04:03.212565,2,true,2026-09-29T18:31:14.714483,,0,0,0,0,0,0
3632,0001037646,METTLER TOLEDO INTERNATIONAL INC/,2017,0001037646-17-000004,false,false,true,154,4,Yesenia Garcia; Naomi Ichiriu,Yesenia Garcia=done; Naomi Ichiriu=done,Yesenia Garcia=2026-09-04T01:33:35.934918; Naomi Ichiriu=2026-09-22T17:04:00.234976,2,true,2026-09-29T18:31:17.405306,,0,0,0,0,0,0
3633,0001037646,METTLER TOLEDO INTERNATIONAL INC/,2018,0001037646-18-000006,false,false,true,162,4,Yesenia Garcia; Naomi Ichiriu,Yesenia Garcia=done; Naomi Ichiriu=done,Yesenia Garcia=2026-09-04T01:34:04.298254; Naomi Ichiriu=2026-09-22T17:03:58.410917,2,true,2026-09-29T18:31:20.131580,,0,0,0,0,0,0
3634,0001037646,METTLER TOLEDO INTERNATIONAL INC/,2019,0001037646-19-000010,false,false,true,212,12,Yesenia Garcia; Naomi Ichiriu,Yesenia Garcia=done; Naomi Ichiriu=done,Yesenia Garcia=2026-09-04T01:34:36.356093; Naomi Ichiriu=2026-09-22T17:03:55.487028,2,true,2026-09-29T18:31:22.447952,,0,0,0,0,0,0
3635,0001037646,METTLER TOLEDO INTERNATIONAL INC/,2020,0001037646-20-000005,false,false,true,232,15,Yesenia Garcia; Naomi Ichiriu,Yesenia Garcia=done; Naomi Ichiriu=done,Yesenia Garcia=2026-09-04T01:35:19.348821; Naomi Ichiriu=2026-09-22T17:03:53.287851,2,true,2026-09-29T18:31:24.439484,,0,0,0,0,0,0
3636,0001037646,METTLER TOLEDO INTERNATIONAL INC/,2021,0001037646-21-000008,false,false,true,165,13,Yesenia Garcia; Naomi Ichiriu,Yesenia Garcia=done; Naomi Ichiriu=done,Yesenia Garcia=2026-09-04T01:36:16.644987; Naomi Ichiriu=2026-09-26T23:44:20.841979,2,true,2026-09-29T18:31:26.503767,,0,0,0,0,0,0
3637,0001037646,METTLER TOLEDO INTERNATIONAL INC/,2022,0001037646-22-000008,false,false,true,163,13,Yesenia Garcia; Naomi Ichiriu,Yesenia Garcia=done; Naomi Ichiriu=done,Yesenia Garcia=2026-09-04T01:36:49.548818; Naomi Ichiriu=2026-09-22T17:03:47.008770,2,true,2026-09-29T18:31:28.557629,,0,0,0,0,0,0
3638,0001037646,METTLER TOLEDO INTERNATIONAL INC/,2023,0001037646-23-000005,false,false,true,164,13,Yesenia Garcia; Naomi Ichiriu,Yesenia Garcia=done; Naomi Ichiriu=done,Yesenia Garcia=2026-09-04T01:37:22.528061; Naomi Ichiriu=2026-09-22T17:03:44.058016,2,true,2026-09-29T18:31:30.398537,,0,0,0,0,0,0
3639,0001037646,METTLER TOLEDO INTERNATIONAL INC/,2024,0001037646-24-000007,false,false,false,362,86,Yesenia Garcia; Naomi Ichiriu,Yesenia Garcia=done; Naomi Ichiriu=done,Yesenia Garcia=2026-09-04T01:55:40.230562; Naomi Ichiriu=2026-09-26T23:51:10.517095,2,false,,,12,1,7,0,0,0
3640,0001037646,METTLER TOLEDO INTERNATIONAL INC/,2025,0001037646-25-000012,false,false,false,444,110,Yesenia Garcia; Naomi Ichiriu,Yesenia Garcia=done; Naomi Ichiriu=done,Yesenia Garcia=2026-09-04T02:07:46.035876; Naomi Ichiriu=2026-09-26T23:50:51.139384,2,false,,,10,3,7,0,0,0
3641,0001037646,METTLER TOLEDO INTERNATIONAL INC/,2026,0001037646-26-000011,false,false,false,342,82,Yesenia Garcia; Naomi Ichiriu,Yesenia Garcia=done; Naomi Ichiriu=done,Yesenia Garcia=2026-09-04T02:14:47.931579; Naomi Ichiriu=2026-09-26T23:47:09.470639,2,false,,,9,2,7,0,0,0
2729,0000723125,MICRON TECHNOLOGY INC,2017,0000723125-17-000131,false,false,false,493,2,Akshitha Venkataraman; Yesenia Garcia,Akshitha Venkataraman=done; Yesenia Garcia=done,Akshitha Venkataraman=2026-08-17T15:00:11.727153; Yesenia Garcia=2026-08-24T06:01:06.155332,2,false,,,0,0,0,0,0,0
2728,0000723125,MICRON TECHNOLOGY INC,2018,0000723125-18-000092,false,false,false,611,11,Akshitha Venkataraman; Yesenia Garcia,Akshitha Venkataraman=done; Yesenia Garcia=done,Akshitha Venkataraman=2026-08-17T14:59:48.628268; Yesenia Garcia=2026-08-24T06:01:46.456002,2,false,,,0,0,0,0,0,0
2731,0000723125,MICRON TECHNOLOGY INC,2019,0000723125-19-000094,false,false,false,636,12,Akshitha Venkataraman; Yesenia Garcia,Akshitha Venkataraman=done; Yesenia Garcia=done,Akshitha Venkataraman=2026-08-17T15:01:25.543231; Yesenia Garcia=2026-08-24T06:02:11.291884,2,false,,,0,0,0,0,0,0
2732,0000723125,MICRON TECHNOLOGY INC,2020,0000723125-20-000082,false,false,false,1055,34,Akshitha Venkataraman; Yesenia Garcia,Akshitha Venkataraman=done; Yesenia Garcia=done,Akshitha Venkataraman=2026-08-17T15:02:26.574682; Yesenia Garcia=2026-08-24T06:02:46.784429,2,false,,,0,0,0,0,0,0
2733,0000723125,MICRON TECHNOLOGY INC,2021,0000723125-21-000065,false,false,false,1141,12,Akshitha Venkataraman; Yesenia Garcia,Akshitha Venkataraman=done; Yesenia Garcia=done,Akshitha Venkataraman=2026-08-17T15:04:25.590297; Yesenia Garcia=2026-08-24T06:03:12.172807,2,false,,,0,0,0,0,0,0
2734,0000723125,MICRON TECHNOLOGY INC,2022,0000723125-22-000048,false,false,false,1150,49,Akshitha Venkataraman; Yesenia Garcia,Akshitha Venkataraman=done; Yesenia Garcia=done,Akshitha Venkataraman=2026-08-17T15:05:13.000318; Yesenia Garcia=2026-08-24T06:03:41.240370,2,false,,,0,0,0,0,0,0
2735,0000723125,MICRON TECHNOLOGY INC,2023,0000723125-23-000054,false,false,false,1575,51,Akshitha Venkataraman; Yesenia Garcia,Akshitha Venkataraman=done; Yesenia Garcia=done,Akshitha Venkataraman=2026-08-17T15:07:11.100689; Yesenia Garcia=2026-08-24T06:07:19.640403,2,false,,,2,1,1,0,0,0
2736,0000723125,MICRON TECHNOLOGY INC,2024,0000723125-24-000027,false,false,false,3095,431,Akshitha Venkataraman; Yesenia Garcia,Akshitha Venkataraman=done; Yesenia Garcia=in_progress,Akshitha Venkataraman=2026-08-17T15:09:46.558157; Yesenia Garcia=,2,false,,,11,0,11,0,0,0
2737,0000723125,MICRON TECHNOLOGY INC,2025,0000723125-25-000028,false,false,false,2152,296,Akshitha Venkataraman; Yesenia Garcia,Akshitha Venkataraman=done; Yesenia Garcia=in_progress,Akshitha Venkataraman=2026-08-17T15:15:22.755184; Yesenia Garcia=,2,false,,,17,0,17,0,0,0
937,0000789019,MICROSOFT CORP,2015,0001193125-15-272806,false,false,false,238,6,,,,0,false,,,0,0,0,0,0,0
938,0000789019,MICROSOFT CORP,2016,0001193125-16-662209,false,false,false,178,5,,,,0,false,,,0,0,0,0,0,0
939,0000789019,MICROSOFT CORP,2017,0001564590-17-014900,false,false,false,620,14,,,,0,false,,,0,0,0,0,0,0
940,0000789019,MICROSOFT CORP,2018,0001564590-18-019062,false,false,false,1059,31,,,,0,false,,,0,0,0,0,0,0
941,0000789019,MICROSOFT CORP,2019,0001564590-19-027952,false,false,false,1377,36,,,,0,false,,,0,0,0,0,0,0
942,0000789019,MICROSOFT CORP,2020,0001564590-20-034944,false,false,false,1081,36,,,,0,false,,,0,0,0,0,0,0
934,0000789019,MICROSOFT CORP,2023,0000950170-23-035122,false,false,false,3280,90,,,,0,false,,,0,0,0,0,0,0
935,0000789019,MICROSOFT CORP,2024,0000950170-24-087843,false,false,false,4125,168,,,,0,false,,,0,0,0,0,0,0
936,0000789019,MICROSOFT CORP,2025,0000950170-25-100235,false,false,false,3911,150,,,,0,false,,,0,0,0,0,0,0
1750,0000912595,MID AMERICA APARTMENT COMMUNITIES INC.,2015,0000912595-15-000007,false,false,true,181,4,Naomi Ichiriu; Yesenia Garcia,Naomi Ichiriu=done; Yesenia Garcia=done,Naomi Ichiriu=2026-07-14T05:18:56.295168; Yesenia Garcia=2026-07-18T06:16:08.668469,2,true,2026-07-24T06:42:17.091351,,0,0,0,0,0,0
1751,0000912595,MID AMERICA APARTMENT COMMUNITIES INC.,2016,0000912595-16-000032,false,false,true,172,4,Naomi Ichiriu; Yesenia Garcia,Naomi Ichiriu=done; Yesenia Garcia=done,Naomi Ichiriu=2026-07-14T05:19:06.155631; Yesenia Garcia=2026-07-18T06:16:14.957041,2,true,2026-07-24T06:42:19.902428,,0,0,0,0,0,0
1752,0000912595,MID AMERICA APARTMENT COMMUNITIES INC.,2017,0000912595-17-000005,false,false,true,172,4,Naomi Ichiriu; Yesenia Garcia,Naomi Ichiriu=done; Yesenia Garcia=done,Naomi Ichiriu=2026-07-14T05:19:43.579215; Yesenia Garcia=2026-07-18T06:16:20.448734,2,true,2026-07-24T06:42:25.883511,,0,0,0,0,0,0
1753,0000912595,MID AMERICA APARTMENT COMMUNITIES INC.,2018,0000912595-18-000011,false,false,true,175,4,Naomi Ichiriu; Yesenia Garcia,Naomi Ichiriu=done; Yesenia Garcia=done,Naomi Ichiriu=2026-07-14T05:18:50.289519; Yesenia Garcia=2026-07-18T06:16:25.581012,2,true,2026-07-24T06:42:41.332118,,0,0,0,0,0,0
1754,0000912595,MID AMERICA APARTMENT COMMUNITIES INC.,2019,0000912595-19-000015,false,false,true,175,4,Naomi Ichiriu; Yesenia Garcia,Naomi Ichiriu=done; Yesenia Garcia=done,Naomi Ichiriu=2026-07-14T05:20:05.132787; Yesenia Garcia=2026-07-18T06:16:30.553311,2,true,2026-07-24T06:42:47.598857,,0,0,0,0,0,0
1759,0000912595,MID AMERICA APARTMENT COMMUNITIES INC.,2020,0001564590-20-005582,false,false,true,179,4,Naomi Ichiriu; Yesenia Garcia,Naomi Ichiriu=done; Yesenia Garcia=done,Naomi Ichiriu=2026-07-14T05:21:52.208152; Yesenia Garcia=2026-07-18T06:16:35.666056,2,true,2026-07-24T06:42:54.721957,,0,0,0,0,0,0
1755,0000912595,MID AMERICA APARTMENT COMMUNITIES INC.,2021,0001564590-21-006666,false,false,true,189,4,Naomi Ichiriu; Yesenia Garcia,Naomi Ichiriu=done; Yesenia Garcia=done,Naomi Ichiriu=2026-07-14T05:20:33.065655; Yesenia Garcia=2026-07-18T06:16:40.268490,2,true,2026-07-24T06:42:58.402935,,0,0,0,0,0,0
1758,0000912595,MID AMERICA APARTMENT COMMUNITIES INC.,2022,0000950170-22-001423,false,false,true,183,4,Naomi Ichiriu; Yesenia Garcia,Naomi Ichiriu=done; Yesenia Garcia=done,Naomi Ichiriu=2026-07-14T05:20:38.809665; Yesenia Garcia=2026-07-18T06:16:45.026870,2,true,2026-07-24T06:43:00.985607,,0,0,0,0,0,0
1760,0000912595,MID AMERICA APARTMENT COMMUNITIES INC.,2023,0000950170-23-002778,false,false,true,173,4,Naomi Ichiriu; Yesenia Garcia,Naomi Ichiriu=done; Yesenia Garcia=done,Naomi Ichiriu=2026-07-14T05:22:47.488075; Yesenia Garcia=2026-07-18T06:16:49.971219,2,true,2026-07-24T06:43:03.584324,,0,0,0,0,0,0
1756,0000912595,MID AMERICA APARTMENT COMMUNITIES INC.,2024,0000950170-24-013275,false,false,true,227,30,Naomi Ichiriu; Yesenia Garcia,Naomi Ichiriu=done; Yesenia Garcia=done,Naomi Ichiriu=2026-07-14T05:20:50.574907; Yesenia Garcia=2026-07-18T06:17:00.319155,2,true,2026-07-24T06:43:07.002777,,0,0,0,0,0,0
1757,0000912595,MID AMERICA APARTMENT COMMUNITIES INC.,2025,0000950170-25-016287,false,false,true,222,29,Naomi Ichiriu; Yesenia Garcia,Naomi Ichiriu=done; Yesenia Garcia=done,Naomi Ichiriu=2026-07-14T05:22:13.524572; Yesenia Garcia=2026-07-18T06:17:15.458835,2,true,2026-07-24T06:43:11.615202,,0,0,0,0,0,0
1761,0000912595,MID AMERICA APARTMENT COMMUNITIES INC.,2026,0001193125-26-041208,false,false,true,214,29,Naomi Ichiriu; Yesenia Garcia,Naomi Ichiriu=done; Yesenia Garcia=done,Naomi Ichiriu=2026-07-14T05:22:51.728638; Yesenia Garcia=2026-07-18T06:17:29.937289,2,true,2026-07-24T06:43:16.142533,,0,0,0,0,0,0
4232,0001682852,"Moderna, Inc.",2019,0001682852-19-000009,false,false,false,3630,306,Joseline Viveros; Alexa Bishop,Joseline Viveros=done; Alexa Bishop=done,Joseline Viveros=2026-09-21T05:40:12.607500; Alexa Bishop=2026-09-27T19:34:57.248537,2,false,,,0,0,0,0,0,0
4241,0001682852,"Moderna, Inc.",2020,0001682852-20-000006,false,false,false,3802,355,Joseline Viveros; Alexa Bishop,Joseline Viveros=done; Alexa Bishop=done,Joseline Viveros=2026-09-21T16:35:03.182652; Alexa Bishop=2026-09-28T19:09:03.058768,2,false,,,0,0,0,0,0,0
4242,0001682852,"Moderna, Inc.",2021,0001682852-21-000006,false,false,false,1934,134,Joseline Viveros; Alexa Bishop,Joseline Viveros=done; Alexa Bishop=done,Joseline Viveros=2026-09-21T16:42:00.218255; Alexa Bishop=2026-09-28T19:17:30.571228,2,false,,,1,0,1,0,0,0
4243,0001682852,"Moderna, Inc.",2022,0001682852-22-000012,false,false,false,1803,224,Joseline Viveros; Alexa Bishop,Joseline Viveros=done; Alexa Bishop=done,Joseline Viveros=2026-09-21T16:47:12.153412; Alexa Bishop=2026-09-28T19:22:07.826045,2,false,,,1,1,0,0,0,0
4244,0001682852,"Moderna, Inc.",2023,0001682852-23-000011,false,false,false,1146,123,Joseline Viveros; Alexa Bishop,Joseline Viveros=done; Alexa Bishop=done,Joseline Viveros=2026-09-21T16:53:23.231192; Alexa Bishop=2026-09-28T19:27:01.471394,2,false,,,1,1,0,0,0,0
4245,0001682852,"Moderna, Inc.",2024,0001682852-24-000015,false,false,false,1083,323,Joseline Viveros; Alexa Bishop,Joseline Viveros=done; Alexa Bishop=done,Joseline Viveros=2026-09-21T17:08:34.660374; Alexa Bishop=2026-09-28T19:43:19.142589,2,false,,,15,5,8,0,0,0
4246,0001682852,"Moderna, Inc.",2025,0001682852-25-000022,false,false,false,1208,326,Joseline Viveros; Alexa Bishop,Joseline Viveros=done; Alexa Bishop=in_progress,Joseline Viveros=2026-09-21T17:21:21.198140; Alexa Bishop=,2,false,,,9,0,9,0,0,0
4247,0001682852,"Moderna, Inc.",2026,0001682852-26-000033,false,false,false,1537,403,Joseline Viveros,Joseline Viveros=done,Joseline Viveros=2026-09-21T17:31:21.307265,2,false,,,17,17,0,0,0,0
352,0000024545,MOLSON COORS BEVERAGE CO,2015,0000024545-15-000004,false,false,true,95,1,Naomi Ichiriu; Akshitha Venkataraman,Naomi Ichiriu=done; Akshitha Venkataraman=done,Naomi Ichiriu=2026-07-14T05:24:12.955480; Akshitha Venkataraman=2026-08-10T07:06:09.064132,2,true,2026-08-10T18:39:52.889226,,0,0,0,0,0,0
353,0000024545,MOLSON COORS BEVERAGE CO,2016,0000024545-16-000054,false,false,true,92,1,Naomi Ichiriu; Akshitha Venkataraman,Naomi Ichiriu=done; Akshitha Venkataraman=done,Naomi Ichiriu=2026-07-14T05:24:17.559472; Akshitha Venkataraman=2026-08-10T07:06:12.088760,2,true,2026-08-10T18:39:55.506408,,0,0,0,0,0,0
354,0000024545,MOLSON COORS BEVERAGE CO,2017,0000024545-17-000005,false,false,true,94,1,Naomi Ichiriu; Akshitha Venkataraman,Naomi Ichiriu=done; Akshitha Venkataraman=done,Naomi Ichiriu=2026-07-14T05:24:21.711109; Akshitha Venkataraman=2026-08-10T07:06:14.635878,2,true,2026-08-10T18:39:58.158277,,0,0,0,0,0,0
355,0000024545,MOLSON COORS BEVERAGE CO,2018,0000024545-18-000009,false,false,true,69,1,Naomi Ichiriu; Akshitha Venkataraman,Naomi Ichiriu=done; Akshitha Venkataraman=done,Naomi Ichiriu=2026-07-14T05:24:26.945931; Akshitha Venkataraman=2026-08-10T07:06:17.335283,2,true,2026-08-10T18:40:00.590230,,0,0,0,0,0,0
356,0000024545,MOLSON COORS BEVERAGE CO,2019,0000024545-19-000007,false,false,true,69,1,Naomi Ichiriu; Akshitha Venkataraman,Naomi Ichiriu=done; Akshitha Venkataraman=done,Naomi Ichiriu=2026-07-14T05:24:31.905090; Akshitha Venkataraman=2026-08-10T07:06:19.937095,2,true,2026-08-10T18:40:03.271052,,0,0,0,0,0,0
357,0000024545,MOLSON COORS BEVERAGE CO,2020,0000024545-20-000005,false,false,true,66,1,Naomi Ichiriu; Akshitha Venkataraman,Naomi Ichiriu=done; Akshitha Venkataraman=done,Naomi Ichiriu=2026-07-14T05:24:41.078427; Akshitha Venkataraman=2026-08-10T07:06:25.552240,2,true,2026-08-10T18:40:05.586237,,0,0,0,0,0,0
358,0000024545,MOLSON COORS BEVERAGE CO,2021,0000024545-21-000004,false,false,true,64,1,Naomi Ichiriu; Akshitha Venkataraman,Naomi Ichiriu=done; Akshitha Venkataraman=done,Naomi Ichiriu=2026-07-14T05:24:46.495996; Akshitha Venkataraman=2026-08-10T07:06:28.151341,2,true,2026-08-10T18:40:19.623991,,0,0,0,0,0,0
359,0000024545,MOLSON COORS BEVERAGE CO,2022,0000024545-22-000005,false,false,true,1383,12,Naomi Ichiriu; Akshitha Venkataraman,Naomi Ichiriu=done; Akshitha Venkataraman=done,Naomi Ichiriu=2026-07-14T05:25:28.712199; Akshitha Venkataraman=2026-08-10T07:06:39.284022,2,true,2026-08-10T18:40:25.189252,,0,0,0,0,0,0
360,0000024545,MOLSON COORS BEVERAGE CO,2023,0000024545-23-000006,false,false,true,266,12,Naomi Ichiriu; Akshitha Venkataraman,Naomi Ichiriu=done; Akshitha Venkataraman=done,Naomi Ichiriu=2026-07-14T05:25:42.896956; Akshitha Venkataraman=2026-08-10T07:06:56.550931,2,true,2026-08-10T18:40:29.306945,,0,0,0,0,0,0
361,0000024545,MOLSON COORS BEVERAGE CO,2024,0000024545-24-000005,false,false,true,327,35,Naomi Ichiriu; Akshitha Venkataraman,Naomi Ichiriu=done; Akshitha Venkataraman=done,Naomi Ichiriu=2026-07-14T05:30:20.076671; Akshitha Venkataraman=2026-08-10T07:08:10.353026,2,true,2026-08-17T16:45:30.750706,,9,1,0,8,0,14
362,0000024545,MOLSON COORS BEVERAGE CO,2025,0000024545-25-000007,false,false,true,370,34,Naomi Ichiriu; Akshitha Venkataraman,Naomi Ichiriu=done; Akshitha Venkataraman=done,Naomi Ichiriu=2026-07-14T05:46:14.166516; Akshitha Venkataraman=2026-08-10T07:11:51.993042,2,true,2026-08-17T16:48:26.268147,,11,2,0,9,0,11
363,0000024545,MOLSON COORS BEVERAGE CO,2026,0000024545-26-000006,false,false,true,333,35,Naomi Ichiriu; Akshitha Venkataraman,Naomi Ichiriu=done; Akshitha Venkataraman=done,Naomi Ichiriu=2026-08-10T16:09:52.944246; Akshitha Venkataraman=2026-08-10T07:21:33.480952,2,true,2026-08-17T16:53:10.842702,,10,1,0,9,0,13
1762,0001103982,"Mondelez International, Inc.",2015,0001193125-15-055355,false,false,true,43,1,Naomi Ichiriu; Yesenia Garcia,Naomi Ichiriu=done; Yesenia Garcia=done,Naomi Ichiriu=2026-07-14T05:53:51.463076; Yesenia Garcia=2026-07-25T17:15:24.673288,2,true,2026-07-26T19:30:57.644772,,0,0,0,0,0,0
1763,0001103982,"Mondelez International, Inc.",2016,0001193125-16-469394,false,false,true,41,1,Naomi Ichiriu; Yesenia Garcia,Naomi Ichiriu=done; Yesenia Garcia=done,Naomi Ichiriu=2026-07-14T05:53:38.542068; Yesenia Garcia=2026-07-25T17:15:29.904482,2,true,2026-07-26T19:31:00.340517,,0,0,0,0,0,0
1764,0001103982,"Mondelez International, Inc.",2017,0001193125-17-055858,false,false,true,46,4,Naomi Ichiriu; Yesenia Garcia,Naomi Ichiriu=done; Yesenia Garcia=done,Naomi Ichiriu=2026-07-14T05:53:45.407656; Yesenia Garcia=2026-07-25T17:15:35.880782,2,true,2026-07-26T19:31:02.855256,,0,0,0,0,0,0
1765,0001103982,"Mondelez International, Inc.",2018,0001193125-18-037332,false,false,true,99,7,Naomi Ichiriu; Yesenia Garcia,Naomi Ichiriu=done; Yesenia Garcia=done,Naomi Ichiriu=2026-07-14T05:54:37.099326; Yesenia Garcia=2026-07-25T17:15:48.218155,2,true,2026-07-26T17:34:27.579768,,0,0,0,0,0,0
1766,0001103982,"Mondelez International, Inc.",2019,0001103982-19-000005,false,false,true,304,7,Naomi Ichiriu; Yesenia Garcia,Naomi Ichiriu=done; Yesenia Garcia=done,Naomi Ichiriu=2026-07-14T05:55:01.251503; Yesenia Garcia=2026-07-25T17:16:11.686541,2,true,2026-07-26T17:26:29.371895,,0,0,0,0,0,0
1767,0001103982,"Mondelez International, Inc.",2020,0001103982-20-000003,false,false,true,293,9,Naomi Ichiriu; Yesenia Garcia,Naomi Ichiriu=done; Yesenia Garcia=done,Naomi Ichiriu=2026-07-14T05:55:51.594803; Yesenia Garcia=2026-07-25T17:17:21.018968,2,true,2026-07-26T17:26:33.695149,,0,0,0,0,0,0
1768,0001103982,"Mondelez International, Inc.",2021,0001103982-21-000004,false,false,true,279,7,Naomi Ichiriu; Yesenia Garcia,Naomi Ichiriu=done; Yesenia Garcia=done,Naomi Ichiriu=2026-07-14T06:12:15.544449; Yesenia Garcia=2026-07-25T17:17:39.411428,2,true,2026-07-26T17:26:37.905813,,0,0,0,0,0,0
1769,0001103982,"Mondelez International, Inc.",2022,0001103982-22-000003,false,false,true,284,8,Naomi Ichiriu; Yesenia Garcia,Naomi Ichiriu=done; Yesenia Garcia=done,Naomi Ichiriu=2026-07-14T06:12:29.775637; Yesenia Garcia=2026-07-25T17:18:13.605487,2,true,2026-07-26T17:26:42.252809,,0,0,0,0,0,0
1770,0001103982,"Mondelez International, Inc.",2023,0001103982-23-000006,false,false,true,75,6,Naomi Ichiriu; Yesenia Garcia,Naomi Ichiriu=done; Yesenia Garcia=done,Naomi Ichiriu=2026-07-14T06:12:56.805495; Yesenia Garcia=2026-07-25T17:18:31.323262,2,true,2026-07-26T17:26:45.066127,,0,0,0,0,0,0
1771,0001103982,"Mondelez International, Inc.",2024,0001103982-24-000019,false,false,true,390,44,Naomi Ichiriu; Yesenia Garcia,Naomi Ichiriu=done; Yesenia Garcia=done,Naomi Ichiriu=2026-07-14T05:57:59.316518; Yesenia Garcia=2026-07-25T17:25:19.695142,2,true,2026-07-26T17:26:50.864534,,3,3,0,0,0,0
1772,0001103982,"Mondelez International, Inc.",2025,0001103982-25-000030,false,false,true,477,49,Naomi Ichiriu; Yesenia Garcia,Naomi Ichiriu=done; Yesenia Garcia=done,Naomi Ichiriu=2026-07-14T06:11:33.084159; Yesenia Garcia=2026-07-25T17:27:02.314376,2,true,2026-07-27T03:28:30.459533,,5,2,0,3,0,3
1773,0001103982,"Mondelez International, Inc.",2026,0001628280-26-005345,false,false,true,464,55,Naomi Ichiriu; Yesenia Garcia,Naomi Ichiriu=done; Yesenia Garcia=done,Naomi Ichiriu=2026-07-14T06:14:14.306208; Yesenia Garcia=2026-07-25T17:30:01.285261,2,true,2026-09-30T15:43:38.568296,,8,0,0,8,0,11
3689,0001280452,MONOLITHIC POWER SYSTEMS INC,2021,0001437749-21-004587,false,false,false,43,1,Yesenia Garcia,Yesenia Garcia=done,Yesenia Garcia=2026-09-06T01:25:17.089621,2,false,,,0,0,0,0,0,0
3690,0001280452,MONOLITHIC POWER SYSTEMS INC,2022,0001437749-22-004460,false,false,false,107,4,Yesenia Garcia,Yesenia Garcia=done,Yesenia Garcia=2026-09-06T01:25:42.533315,2,false,,,0,0,0,0,0,0
3691,0001280452,MONOLITHIC POWER SYSTEMS INC,2023,0001437749-23-004540,false,false,false,186,7,Yesenia Garcia,Yesenia Garcia=done,Yesenia Garcia=2026-09-06T01:26:15.482839,2,false,,,0,0,0,0,0,0
3692,0001280452,MONOLITHIC POWER SYSTEMS INC,2024,0001437749-24-006133,false,false,false,605,127,Yesenia Garcia,Yesenia Garcia=in_progress,Yesenia Garcia=,2,false,,,0,0,0,0,0,0
4161,0000865752,Monster Beverage Corp,2015,0001104659-15-015731,false,false,false,28,3,Naomi Ichiriu,Naomi Ichiriu=done,Naomi Ichiriu=2026-09-18T06:05:11.982277,2,false,,,0,0,0,0,0,0
4162,0000865752,Monster Beverage Corp,2016,0001104659-16-100960,false,false,false,29,3,Naomi Ichiriu,Naomi Ichiriu=done,Naomi Ichiriu=2026-09-18T06:09:55.108550,2,false,,,0,0,0,0,0,0
4163,0000865752,Monster Beverage Corp,2017,0001104659-17-013048,false,false,false,30,4,Naomi Ichiriu,Naomi Ichiriu=done,Naomi Ichiriu=2026-09-18T06:08:22.479041,2,false,,,0,0,0,0,0,0
4164,0000865752,Monster Beverage Corp,2018,0001104659-18-014057,false,false,false,32,5,Naomi Ichiriu,Naomi Ichiriu=done,Naomi Ichiriu=2026-09-18T06:08:18.916365,2,false,,,0,0,0,0,0,0
4165,0000865752,Monster Beverage Corp,2019,0001104659-19-011581,false,false,false,36,5,Naomi Ichiriu,Naomi Ichiriu=done,Naomi Ichiriu=2026-09-18T06:08:27.638971,2,false,,,0,0,0,0,0,0
4166,0000865752,Monster Beverage Corp,2020,0001104659-20-027209,false,false,false,48,8,Naomi Ichiriu,Naomi Ichiriu=done,Naomi Ichiriu=2026-09-18T06:09:58.063566,2,false,,,0,0,0,0,0,0
4167,0000865752,Monster Beverage Corp,2021,0001104659-21-029943,false,false,false,234,13,Naomi Ichiriu,Naomi Ichiriu=done,Naomi Ichiriu=2026-09-18T06:09:50.836971,2,false,,,0,0,0,0,0,0
4168,0000865752,Monster Beverage Corp,2022,0001104659-22-028182,false,false,false,237,12,Naomi Ichiriu,Naomi Ichiriu=done,Naomi Ichiriu=2026-09-18T06:10:18.561373,2,false,,,0,0,0,0,0,0
4169,0000865752,Monster Beverage Corp,2023,0001104659-23-027245,false,false,false,183,10,Naomi Ichiriu,Naomi Ichiriu=done,Naomi Ichiriu=2026-09-18T06:10:01.934495,2,false,,,0,0,0,0,0,0
4170,0000865752,Monster Beverage Corp,2024,0001104659-24-029425,false,false,false,214,23,Naomi Ichiriu,Naomi Ichiriu=done,Naomi Ichiriu=2026-09-18T06:10:14.952888,2,false,,,0,0,0,0,0,0
4171,0000865752,Monster Beverage Corp,2025,0001410578-25-000248,false,false,false,207,29,Naomi Ichiriu,Naomi Ichiriu=done,Naomi Ichiriu=2026-09-21T19:52:19.948508,2,false,,,0,0,0,0,0,0
4172,0000865752,Monster Beverage Corp,2026,0001104659-26-020831,false,false,false,392,132,Naomi Ichiriu,Naomi Ichiriu=done,Naomi Ichiriu=2026-09-26T23:37:37.494721,2,false,,,13,9,0,0,0,0
2325,0001059556,MOODYS CORP /DE/,2015,0001193125-15-063352,false,false,true,120,4,Yesenia Garcia; Naomi Ichiriu,Yesenia Garcia=done; Naomi Ichiriu=done,Yesenia Garcia=2026-08-10T05:15:17.147523; Naomi Ichiriu=2026-07-23T00:31:04.847859,2,true,2026-08-10T19:04:05.073791,,0,0,0,0,0,0
2326,0001059556,MOODYS CORP /DE/,2016,0001193125-16-476427,false,false,true,110,4,Yesenia Garcia; Naomi Ichiriu,Yesenia Garcia=done; Naomi Ichiriu=done,Yesenia Garcia=2026-08-10T05:15:19.743886; Naomi Ichiriu=2026-07-23T00:30:53.884315,2,true,2026-08-10T19:04:09.263058,,0,0,0,0,0,0
2327,0001059556,MOODYS CORP /DE/,2017,0001193125-17-054522,false,false,true,367,7,Yesenia Garcia; Naomi Ichiriu,Yesenia Garcia=done; Naomi Ichiriu=done,Yesenia Garcia=2026-08-10T05:15:22.267546; Naomi Ichiriu=2026-07-23T00:31:31.872986,2,true,2026-08-10T19:04:14.094544,,0,0,0,0,0,0
2328,0001059556,MOODYS CORP /DE/,2018,0001193125-18-058986,false,false,true,6831,22,Yesenia Garcia; Naomi Ichiriu,Yesenia Garcia=done; Naomi Ichiriu=done,Yesenia Garcia=2026-08-10T05:15:24.795660; Naomi Ichiriu=2026-07-23T00:30:44.141937,2,true,2026-08-10T19:04:19.574464,,0,0,0,0,0,0
2329,0001059556,MOODYS CORP /DE/,2019,0001193125-19-048576,false,false,true,5530,54,Yesenia Garcia; Naomi Ichiriu,Yesenia Garcia=done; Naomi Ichiriu=done,Yesenia Garcia=2026-08-10T05:15:36.995824; Naomi Ichiriu=2026-07-23T00:45:17.975145,2,true,2026-08-10T19:04:24.242626,,0,0,0,0,0,0
2330,0001059556,MOODYS CORP /DE/,2020,0001059556-20-000005,false,false,true,4917,23,Yesenia Garcia; Naomi Ichiriu,Yesenia Garcia=done; Naomi Ichiriu=done,Yesenia Garcia=2026-08-10T05:15:42.807216; Naomi Ichiriu=2026-07-23T00:45:27.205168,2,true,2026-08-10T19:04:29.288227,,0,0,0,0,0,0
2331,0001059556,MOODYS CORP /DE/,2021,0001059556-21-000010,false,false,true,2257,18,Yesenia Garcia; Naomi Ichiriu,Yesenia Garcia=done; Naomi Ichiriu=done,Yesenia Garcia=2026-08-10T05:15:48.192570; Naomi Ichiriu=2026-07-23T00:47:37.515027,2,true,2026-08-10T19:04:33.719519,,0,0,0,0,0,0
2333,0001059556,MOODYS CORP /DE/,2022,0001059556-22-000012,false,false,true,5375,21,Yesenia Garcia; Naomi Ichiriu,Yesenia Garcia=done; Naomi Ichiriu=done,Yesenia Garcia=2026-08-10T05:15:55.474825; Naomi Ichiriu=2026-07-23T00:57:52.754682,2,true,2026-08-10T19:04:38.498796,,0,0,0,0,0,0
2332,0001059556,MOODYS CORP /DE/,2023,0001059556-23-000016,false,false,true,5023,17,Yesenia Garcia; Naomi Ichiriu,Yesenia Garcia=done; Naomi Ichiriu=done,Yesenia Garcia=2026-08-10T05:16:38.567101; Naomi Ichiriu=2026-07-23T00:59:25.955375,2,true,2026-08-10T19:04:43.660964,,0,0,0,0,0,0
2336,0001059556,MOODYS CORP /DE/,2024,0001059556-24-000017,false,false,false,5076,190,Yesenia Garcia; Naomi Ichiriu,Yesenia Garcia=done; Naomi Ichiriu=done,Yesenia Garcia=2026-08-10T05:19:52.412520; Naomi Ichiriu=2026-07-23T01:16:40.985037,2,false,,,10,5,1,4,0,7
2335,0001059556,MOODYS CORP /DE/,2025,0001059556-25-000025,false,false,false,1593,249,Yesenia Garcia; Naomi Ichiriu,Yesenia Garcia=done; Naomi Ichiriu=done,Yesenia Garcia=2026-08-10T05:35:32.736828; Naomi Ichiriu=2026-07-23T01:35:28.230556,2,false,,,17,7,1,8,0,13
2334,0001059556,MOODYS CORP /DE/,2026,0001628280-26-009136,false,false,false,1902,264,Yesenia Garcia; Naomi Ichiriu,Yesenia Garcia=done; Naomi Ichiriu=done,Yesenia Garcia=2026-08-10T05:54:35.269163; Naomi Ichiriu=2026-08-10T19:24:43.089549,2,false,,,24,7,3,14,0,18
2337,0000895421,MORGAN STANLEY,2015,0001193125-15-071980,false,false,true,2034,8,Akshitha Venkataraman; Naomi Ichiriu,Akshitha Venkataraman=done; Naomi Ichiriu=done,Akshitha Venkataraman=2026-07-27T13:05:42.172560; Naomi Ichiriu=2026-07-23T01:09:39.601894,2,true,2026-07-27T17:27:02.955104,,0,0,0,0,0,0
2338,0000895421,MORGAN STANLEY,2016,0001193125-16-473553,false,false,true,1593,4,Akshitha Venkataraman; Naomi Ichiriu,Akshitha Venkataraman=done; Naomi Ichiriu=done,Akshitha Venkataraman=2026-07-27T13:05:50.205369; Naomi Ichiriu=2026-07-23T01:10:40.902029,2,true,2026-07-27T17:27:09.906815,,0,0,0,0,0,0
2339,0000895421,MORGAN STANLEY,2017,0001193125-17-059212,false,false,true,1727,5,Akshitha Venkataraman; Naomi Ichiriu,Akshitha Venkataraman=done; Naomi Ichiriu=done,Akshitha Venkataraman=2026-07-27T13:05:53.145933; Naomi Ichiriu=2026-07-23T01:35:57.331193,2,true,2026-07-27T17:27:16.922390,,0,0,0,0,0,0
2340,0000895421,MORGAN STANLEY,2018,0001193125-18-060831,false,false,true,8161,10,Akshitha Venkataraman; Naomi Ichiriu,Akshitha Venkataraman=done; Naomi Ichiriu=done,Akshitha Venkataraman=2026-07-27T13:05:57.224732; Naomi Ichiriu=2026-07-23T01:37:28.718774,2,true,2026-07-27T17:27:23.495283,,0,0,0,0,0,0
2341,0000895421,MORGAN STANLEY,2019,0001193125-19-051943,false,false,true,7549,14,Akshitha Venkataraman; Naomi Ichiriu,Akshitha Venkataraman=done; Naomi Ichiriu=done,Akshitha Venkataraman=2026-07-27T13:06:00.579118; Naomi Ichiriu=2026-07-23T01:37:09.881351,2,true,2026-07-27T17:27:28.856736,,0,0,0,0,0,0
2342,0000895421,MORGAN STANLEY,2020,0000895421-20-000265,false,false,true,7900,15,Akshitha Venkataraman; Naomi Ichiriu,Akshitha Venkataraman=done; Naomi Ichiriu=done,Akshitha Venkataraman=2026-07-27T13:06:04.546372; Naomi Ichiriu=2026-07-23T01:37:14.597417,2,true,2026-07-27T17:27:34.852586,,0,0,0,0,0,0
2343,0000895421,MORGAN STANLEY,2021,0000895421-21-000286,false,false,true,7889,17,Akshitha Venkataraman; Naomi Ichiriu,Akshitha Venkataraman=done; Naomi Ichiriu=done,Akshitha Venkataraman=2026-07-27T13:06:08.149136; Naomi Ichiriu=2026-07-23T01:37:30.674870,2,true,2026-07-27T17:27:41.321208,,0,0,0,0,0,0
2344,0000895421,MORGAN STANLEY,2022,0000895421-22-000400,false,false,true,7427,16,Akshitha Venkataraman; Naomi Ichiriu,Akshitha Venkataraman=done; Naomi Ichiriu=done,Akshitha Venkataraman=2026-07-27T13:06:12.097967; Naomi Ichiriu=2026-07-23T01:38:40.716473,2,true,2026-07-27T17:27:46.838528,,0,0,0,0,0,0
2345,0000895421,MORGAN STANLEY,2023,0000895421-23-000284,false,false,true,7502,16,Akshitha Venkataraman; Naomi Ichiriu,Akshitha Venkataraman=done; Naomi Ichiriu=done,Akshitha Venkataraman=2026-07-27T13:10:16.116998; Naomi Ichiriu=2026-07-23T01:49:36.582676,2,true,2026-07-27T17:26:51.854770,,0,0,0,0,0,0
2347,0000895421,MORGAN STANLEY,2024,0000895421-24-000300,false,false,true,11500,66,Akshitha Venkataraman; Naomi Ichiriu,Akshitha Venkataraman=done; Naomi Ichiriu=done,Akshitha Venkataraman=2026-07-27T13:12:45.600224; Naomi Ichiriu=2026-07-23T01:53:56.547968,2,true,2026-07-27T17:34:08.962842,,5,0,0,5,0,5
2348,0000895421,MORGAN STANLEY,2025,0000895421-25-000304,false,false,true,11646,70,Akshitha Venkataraman; Naomi Ichiriu,Akshitha Venkataraman=done; Naomi Ichiriu=done,Akshitha Venkataraman=2026-07-27T13:22:49.926940; Naomi Ichiriu=2026-07-23T01:59:19.700973,2,true,2026-08-17T17:49:59.009862,,8,1,0,5,1,10
2346,0000895421,MORGAN STANLEY,2026,0000895421-26-000086,false,false,true,11597,72,Akshitha Venkataraman; Naomi Ichiriu,Akshitha Venkataraman=done; Naomi Ichiriu=done,Akshitha Venkataraman=2026-07-27T13:25:47.919859; Naomi Ichiriu=2026-07-23T01:38:51.980660,2,true,2026-08-17T17:51:02.241196,,10,0,0,10,4,13
2618,0001285785,MOSAIC CO,2015,0001618034-15-000005,false,false,true,74,1,Naomi Ichiriu; Yesenia Garcia,Naomi Ichiriu=done; Yesenia Garcia=done,Naomi Ichiriu=2026-08-13T07:55:46.853761; Yesenia Garcia=2026-08-31T05:15:13.031928,2,true,2026-08-31T06:28:29.745090,,0,0,0,0,0,0
2619,0001285785,MOSAIC CO,2016,0001618034-16-000025,false,false,true,79,1,Naomi Ichiriu; Yesenia Garcia,Naomi Ichiriu=done; Yesenia Garcia=done,Naomi Ichiriu=2026-08-13T07:56:27.502508; Yesenia Garcia=2026-08-31T05:15:15.104986,2,true,2026-08-31T06:28:23.867869,,0,0,0,0,0,0
2620,0001285785,MOSAIC CO,2017,0001618034-17-000005,false,false,true,86,1,Naomi Ichiriu; Yesenia Garcia,Naomi Ichiriu=done; Yesenia Garcia=done,Naomi Ichiriu=2026-08-13T07:56:30.841021; Yesenia Garcia=2026-08-31T05:15:17.120885,2,true,2026-08-31T06:28:19.762828,,0,0,0,0,0,0
2622,0001285785,MOSAIC CO,2018,0001618034-18-000003,false,false,true,85,1,Naomi Ichiriu; Yesenia Garcia,Naomi Ichiriu=done; Yesenia Garcia=done,Naomi Ichiriu=2026-08-13T07:57:17.034769; Yesenia Garcia=2026-08-31T05:15:19.151789,2,true,2026-08-31T06:28:16.341770,,0,0,0,0,0,0
2623,0001285785,MOSAIC CO,2019,0001618034-19-000004,false,false,true,76,1,Naomi Ichiriu; Yesenia Garcia,Naomi Ichiriu=done; Yesenia Garcia=done,Naomi Ichiriu=2026-08-13T07:57:29.980623; Yesenia Garcia=2026-08-31T05:15:26.518213,2,true,2026-08-31T06:28:10.638897,,0,0,0,0,0,0
2624,0001285785,MOSAIC CO,2020,0001618034-20-000003,false,false,true,79,1,Naomi Ichiriu; Yesenia Garcia,Naomi Ichiriu=done; Yesenia Garcia=done,Naomi Ichiriu=2026-08-13T07:57:33.948271; Yesenia Garcia=2026-08-31T05:15:28.436401,2,true,2026-08-31T06:28:03.404113,,0,0,0,0,0,0
2625,0001285785,MOSAIC CO,2021,0001618034-21-000003,false,false,true,67,1,Naomi Ichiriu; Yesenia Garcia,Naomi Ichiriu=done; Yesenia Garcia=done,Naomi Ichiriu=2026-08-13T07:57:43.048300; Yesenia Garcia=2026-08-31T05:15:30.139455,2,true,2026-08-31T06:27:52.154616,,0,0,0,0,0,0
2626,0001285785,MOSAIC CO,2022,0001618034-22-000004,false,false,true,67,1,Naomi Ichiriu; Yesenia Garcia,Naomi Ichiriu=done; Yesenia Garcia=done,Naomi Ichiriu=2026-08-13T07:58:13.955175; Yesenia Garcia=2026-08-31T05:15:31.763521,2,true,2026-08-31T06:25:58.399670,,0,0,0,0,0,0
2629,0001285785,MOSAIC CO,2023,0001618034-23-000003,false,false,true,63,1,Naomi Ichiriu; Yesenia Garcia,Naomi Ichiriu=done; Yesenia Garcia=done,Naomi Ichiriu=2026-08-13T07:58:35.460880; Yesenia Garcia=2026-08-31T05:15:33.563856,2,true,2026-08-31T06:25:55.859084,,0,0,0,0,0,0
2630,0001285785,MOSAIC CO,2024,0001618034-24-000004,false,false,true,160,19,Naomi Ichiriu; Yesenia Garcia,Naomi Ichiriu=done; Yesenia Garcia=done,Naomi Ichiriu=2026-08-13T07:59:09.606166; Yesenia Garcia=2026-08-31T05:15:35.724034,2,true,2026-08-31T06:27:56.128337,,0,0,0,0,0,0
2714,0001285785,MOSAIC CO,2025,0001618034-25-000003,false,false,true,156,21,Naomi Ichiriu; Yesenia Garcia,Naomi Ichiriu=done; Yesenia Garcia=done,Naomi Ichiriu=2026-08-15T10:44:22.188281; Yesenia Garcia=2026-08-31T05:15:37.712772,2,true,2026-08-31T06:25:53.944427,,0,0,0,0,0,0
2715,0001285785,MOSAIC CO,2026,0001285785-26-000017,false,false,true,154,20,Naomi Ichiriu; Yesenia Garcia,Naomi Ichiriu=done; Yesenia Garcia=done,Naomi Ichiriu=2026-08-15T10:44:35.089576; Yesenia Garcia=2026-08-31T05:15:39.762452,2,true,2026-08-31T06:24:23.681088,,0,0,0,0,0,0
2637,0000068505,"Motorola Solutions, Inc.",2019,0000068505-19-000006,false,false,false,3771,9,Naomi Ichiriu,Naomi Ichiriu=done,Naomi Ichiriu=2026-08-13T08:01:58.816650,2,false,,,0,0,0,0,0,0
2642,0000068505,"Motorola Solutions, Inc.",2020,0000068505-20-000006,false,false,false,4321,19,Naomi Ichiriu,Naomi Ichiriu=done,Naomi Ichiriu=2026-08-13T08:11:14.413452,2,false,,,11,10,0,0,0,0
2643,0000068505,"Motorola Solutions, Inc.",2021,0000068505-21-000008,false,false,false,3414,147,Naomi Ichiriu,Naomi Ichiriu=done,Naomi Ichiriu=2026-08-13T08:05:57.533872,2,false,,,9,9,0,0,0,0
2644,0000068505,"Motorola Solutions, Inc.",2022,0000068505-22-000010,false,false,false,3501,182,Naomi Ichiriu,Naomi Ichiriu=done,Naomi Ichiriu=2026-08-13T08:09:09.268657,2,false,,,13,12,0,0,0,0
2645,0000068505,"Motorola Solutions, Inc.",2023,0000068505-23-000015,false,false,false,1674,230,Naomi Ichiriu,Naomi Ichiriu=done,Naomi Ichiriu=2026-08-13T08:24:14.748480,2,false,,,13,11,0,0,0,0
2711,0000068505,"Motorola Solutions, Inc.",2024,0000068505-24-000008,false,false,false,996,215,Naomi Ichiriu,Naomi Ichiriu=done,Naomi Ichiriu=2026-08-15T10:49:30.219668,2,false,,,22,15,0,0,0,0
2712,0000068505,"Motorola Solutions, Inc.",2025,0000068505-25-000012,false,false,false,820,229,Naomi Ichiriu,Naomi Ichiriu=done,Naomi Ichiriu=2026-08-15T13:32:16.896354,2,false,,,28,17,0,0,0,0
2713,0000068505,"Motorola Solutions, Inc.",2026,0000068505-26-000010,false,false,false,1400,320,Naomi Ichiriu,Naomi Ichiriu=done,Naomi Ichiriu=2026-08-15T13:32:22.025495,2,false,,,30,20,0,0,0,0
3390,0001408198,MSCI Inc.,2015,0001193125-15-069699,false,false,false,2654,7,Naomi Ichiriu,Naomi Ichiriu=done,Naomi Ichiriu=2026-08-29T21:15:29.649597,2,false,,,0,0,0,0,0,0
3391,0001408198,MSCI Inc.,2016,0001193125-16-482334,false,false,false,3035,9,Naomi Ichiriu,Naomi Ichiriu=done,Naomi Ichiriu=2026-08-29T21:15:28.840215,2,false,,,0,0,0,0,0,0
3392,0001408198,MSCI Inc.,2017,0001564590-17-002336,false,false,false,2117,7,Naomi Ichiriu,Naomi Ichiriu=done,Naomi Ichiriu=2026-08-29T21:15:27.089776,2,false,,,0,0,0,0,0,0
3393,0001408198,MSCI Inc.,2018,0001564590-18-003147,false,false,false,2960,8,Naomi Ichiriu,Naomi Ichiriu=done,Naomi Ichiriu=2026-08-29T21:15:26.004449,2,false,,,0,0,0,0,0,0
3394,0001408198,MSCI Inc.,2019,0001564590-19-003885,false,false,false,4118,20,Naomi Ichiriu,Naomi Ichiriu=done,Naomi Ichiriu=2026-08-29T21:15:11.350055,2,false,,,0,0,0,0,0,0
3395,0001408198,MSCI Inc.,2020,0001564590-20-004992,false,false,false,2999,17,Naomi Ichiriu,Naomi Ichiriu=done,Naomi Ichiriu=2026-09-09T05:25:25.719448,2,false,,,0,0,0,0,0,0
3396,0001408198,MSCI Inc.,2021,0001564590-21-005811,false,false,false,3073,14,Naomi Ichiriu,Naomi Ichiriu=done,Naomi Ichiriu=2026-09-09T05:25:51.647307,2,false,,,0,0,0,0,0,0
3416,0001408198,MSCI Inc.,2022,0001564590-22-004803,false,false,false,3186,13,Naomi Ichiriu,Naomi Ichiriu=done,Naomi Ichiriu=2026-09-09T05:25:16.622155,2,false,,,0,0,0,0,0,0
3717,0001408198,MSCI Inc.,2023,0001408198-23-000011,false,false,false,3034,13,Naomi Ichiriu,Naomi Ichiriu=done,Naomi Ichiriu=2026-09-09T17:11:31.911988,2,false,,,0,0,0,0,0,0
3718,0001408198,MSCI Inc.,2024,0001408198-24-000030,false,false,false,3486,191,Naomi Ichiriu,Naomi Ichiriu=done,Naomi Ichiriu=2026-09-09T17:17:20.661898,2,false,,,11,10,0,0,0,0
3720,0001408198,MSCI Inc.,2025,0001408198-25-000053,false,false,false,3696,253,Naomi Ichiriu,Naomi Ichiriu=done,Naomi Ichiriu=2026-09-14T17:34:21.066477,2,false,,,19,16,0,0,0,0
3719,0001408198,MSCI Inc.,2026,0001408198-26-000011,false,false,false,1253,306,Naomi Ichiriu,Naomi Ichiriu=done,Naomi Ichiriu=2026-09-14T18:14:47.146326,2,false,,,47,42,0,0,0,0
560,0000036270,M&T BANK CORP,2017,0001564590-17-002016,false,false,false,66,1,,,,0,false,,,0,0,0,0,0,0
562,0000036270,M&T BANK CORP,2019,0001564590-19-003467,false,false,false,95,2,,,,0,false,,,0,0,0,0,0,0
563,0000036270,M&T BANK CORP,2020,0001564590-20-005365,false,false,false,91,2,,,,0,false,,,0,0,0,0,0,0
564,0000036270,M&T BANK CORP,2021,0001564590-21-007188,false,false,false,136,2,,,,0,false,,,0,0,0,0,0,0
565,0000036270,M&T BANK CORP,2022,0001564590-22-005400,false,false,false,118,3,,,,0,false,,,0,0,0,0,0,0
556,0000036270,M&T BANK CORP,2023,0000950170-23-003804,false,false,false,1005,11,,,,0,false,,,0,0,0,0,0,0
557,0000036270,M&T BANK CORP,2024,0000950170-24-017990,false,false,false,630,49,,,,0,false,,,0,0,0,0,0,0
566,0000036270,M&T BANK CORP,2025,0001628280-25-006267,false,false,false,899,51,,,,0,false,,,0,0,0,0,0,0
555,0000036270,M&T BANK CORP,2026,0000036270-26-000010,false,false,false,3913,60,,,,0,false,,,0,0,0,0,0,0
2394,0001120193,"NASDAQ, INC.",2015,0001120193-15-000003,false,false,false,193,5,Akshitha Venkataraman; Yesenia Garcia,Akshitha Venkataraman=done; Yesenia Garcia=done,Akshitha Venkataraman=2026-07-27T14:53:31.911344; Yesenia Garcia=2026-07-25T16:40:34.433411,2,true,2026-09-14T03:21:42.217465,,0,0,0,0,0,0
2395,0001120193,"NASDAQ, INC.",2016,0001120193-16-000020,false,false,false,313,8,Akshitha Venkataraman; Yesenia Garcia,Akshitha Venkataraman=done; Yesenia Garcia=done,Akshitha Venkataraman=2026-07-27T14:53:38.069578; Yesenia Garcia=2026-07-25T16:41:19.917484,2,true,2026-09-14T03:21:46.041564,,0,0,0,0,0,0
2396,0001120193,"NASDAQ, INC.",2017,0001120193-17-000003,false,false,false,619,10,Akshitha Venkataraman; Yesenia Garcia,Akshitha Venkataraman=done; Yesenia Garcia=done,Akshitha Venkataraman=2026-07-27T14:53:41.618688; Yesenia Garcia=2026-07-25T16:42:27.087782,2,true,2026-09-14T03:21:50.346797,,0,0,0,0,0,0
2397,0001120193,"NASDAQ, INC.",2018,0001120193-18-000003,false,false,false,689,14,Akshitha Venkataraman; Yesenia Garcia,Akshitha Venkataraman=done; Yesenia Garcia=done,Akshitha Venkataraman=2026-07-27T14:53:48.292231; Yesenia Garcia=2026-07-25T16:43:32.416721,2,true,2026-09-14T03:21:53.857752,,0,0,0,0,0,0
2398,0001120193,"NASDAQ, INC.",2019,0001120193-19-000002,false,false,false,517,10,Akshitha Venkataraman; Yesenia Garcia,Akshitha Venkataraman=done; Yesenia Garcia=done,Akshitha Venkataraman=2026-07-27T14:53:53.359559; Yesenia Garcia=2026-07-25T16:44:54.694477,2,true,2026-09-14T03:21:57.275252,,0,0,0,0,0,0
2399,0001120193,"NASDAQ, INC.",2020,0001120193-20-000004,false,false,false,438,10,Akshitha Venkataraman; Yesenia Garcia,Akshitha Venkataraman=done; Yesenia Garcia=done,Akshitha Venkataraman=2026-07-27T14:53:57.240349; Yesenia Garcia=2026-07-25T16:46:06.921591,2,true,2026-09-14T03:22:00.636935,,0,0,0,0,0,0
2400,0001120193,"NASDAQ, INC.",2021,0001120193-21-000011,false,false,false,738,12,Akshitha Venkataraman; Yesenia Garcia,Akshitha Venkataraman=done; Yesenia Garcia=done,Akshitha Venkataraman=2026-07-27T14:54:00.809745; Yesenia Garcia=2026-07-25T16:47:30.076873,2,true,2026-09-14T03:22:03.867789,,0,0,0,0,0,0
2401,0001120193,"NASDAQ, INC.",2022,0001120193-22-000007,false,false,false,474,11,Akshitha Venkataraman; Yesenia Garcia,Akshitha Venkataraman=done; Yesenia Garcia=done,Akshitha Venkataraman=2026-07-27T14:55:45.684125; Yesenia Garcia=2026-07-25T16:48:16.215883,2,true,2026-09-14T03:22:07.476366,,0,0,0,0,0,0
2402,0001120193,"NASDAQ, INC.",2023,0001120193-23-000014,false,false,false,915,26,Akshitha Venkataraman; Yesenia Garcia,Akshitha Venkataraman=done; Yesenia Garcia=done,Akshitha Venkataraman=2026-07-27T14:55:55.629262; Yesenia Garcia=2026-07-25T16:49:37.454366,2,true,2026-09-14T03:22:11.432748,,0,0,0,0,0,0
2403,0001120193,"NASDAQ, INC.",2024,0001120193-24-000006,false,false,false,988,220,Akshitha Venkataraman; Yesenia Garcia,Akshitha Venkataraman=done; Yesenia Garcia=done,Akshitha Venkataraman=2026-07-27T15:10:24.174472; Yesenia Garcia=2026-07-25T16:53:33.951031,2,false,,,13,1,7,5,0,13
2404,0001120193,"NASDAQ, INC.",2025,0001120193-25-000008,false,false,false,3553,266,Akshitha Venkataraman; Yesenia Garcia,Akshitha Venkataraman=done; Yesenia Garcia=done,Akshitha Venkataraman=2026-07-27T15:21:48.628608; Yesenia Garcia=2026-07-25T17:09:18.924015,2,false,,,17,5,11,1,0,12
2405,0001120193,"NASDAQ, INC.",2026,0001628280-26-007703,false,false,false,4988,389,Akshitha Venkataraman; Yesenia Garcia,Akshitha Venkataraman=done; Yesenia Garcia=done,Akshitha Venkataraman=2026-07-27T15:29:40.829195; Yesenia Garcia=2026-07-27T03:14:37.050226,2,false,,,79,4,20,0,0,3
1774,0001564708,NEWS CORP,2015,0001193125-15-288946,false,false,true,37,1,Akshitha Venkataraman; Naomi Ichiriu,Akshitha Venkataraman=done; Naomi Ichiriu=done,Akshitha Venkataraman=2026-07-26T17:15:43.466410; Naomi Ichiriu=2026-07-14T06:21:45.060110,2,true,2026-07-27T15:54:13.235827,,0,0,0,0,0,0
1775,0001564708,NEWS CORP,2016,0001193125-16-679975,false,false,true,41,1,Akshitha Venkataraman; Naomi Ichiriu,Akshitha Venkataraman=done; Naomi Ichiriu=done,Akshitha Venkataraman=2026-07-26T17:15:47.363223; Naomi Ichiriu=2026-07-14T06:21:52.474814,2,true,2026-07-27T15:54:16.410536,,0,0,0,0,0,0
1776,0001564708,NEWS CORP,2017,0001193125-17-257248,false,false,true,45,1,Akshitha Venkataraman; Naomi Ichiriu,Akshitha Venkataraman=done; Naomi Ichiriu=done,Akshitha Venkataraman=2026-07-26T17:15:51.128653; Naomi Ichiriu=2026-07-14T06:22:02.940223,2,true,2026-07-27T15:54:19.915291,,0,0,0,0,0,0
1777,0001564708,NEWS CORP,2018,0001193125-18-249117,false,false,true,42,1,Akshitha Venkataraman; Naomi Ichiriu,Akshitha Venkataraman=done; Naomi Ichiriu=done,Akshitha Venkataraman=2026-07-26T17:15:57.845311; Naomi Ichiriu=2026-07-14T06:23:43.428315,2,true,2026-07-27T15:54:23.876090,,0,0,0,0,0,0
1778,0001564708,NEWS CORP,2019,0001193125-19-219463,false,false,true,43,1,Akshitha Venkataraman; Naomi Ichiriu,Akshitha Venkataraman=done; Naomi Ichiriu=done,Akshitha Venkataraman=2026-07-26T17:16:00.318608; Naomi Ichiriu=2026-07-14T06:23:51.817303,2,true,2026-07-27T15:54:27.363231,,0,0,0,0,0,0
1780,0001564708,NEWS CORP,2020,0001564708-20-000022,false,false,true,72,3,Akshitha Venkataraman; Naomi Ichiriu,Akshitha Venkataraman=done; Naomi Ichiriu=done,Akshitha Venkataraman=2026-07-26T17:16:03.084876; Naomi Ichiriu=2026-07-14T06:25:34.741686,2,true,2026-07-27T15:54:31.566491,,0,0,0,0,0,0
1779,0001564708,NEWS CORP,2021,0001564708-21-000029,false,false,true,111,5,Akshitha Venkataraman; Naomi Ichiriu,Akshitha Venkataraman=done; Naomi Ichiriu=done,Akshitha Venkataraman=2026-07-26T17:16:10.979865; Naomi Ichiriu=2026-07-14T06:25:23.562585,2,true,2026-07-27T15:54:36.486254,,0,0,0,0,0,0
1783,0001564708,NEWS CORP,2022,0001564708-22-000265,false,false,true,155,7,Akshitha Venkataraman; Naomi Ichiriu,Akshitha Venkataraman=done; Naomi Ichiriu=done,Akshitha Venkataraman=2026-07-26T17:16:36.004852; Naomi Ichiriu=2026-07-14T06:31:35.836128,2,true,2026-07-27T15:54:41.385111,,0,0,0,0,0,0
1781,0001564708,NEWS CORP,2023,0001564708-23-000368,false,false,true,1238,169,Akshitha Venkataraman; Naomi Ichiriu,Akshitha Venkataraman=done; Naomi Ichiriu=done,Akshitha Venkataraman=2026-07-26T17:19:33.652580; Naomi Ichiriu=2026-07-14T06:30:54.898284,2,true,2026-07-30T19:33:18.358106,,13,5,0,7,0,7
1784,0001564708,NEWS CORP,2024,0001564708-24-000408,false,false,false,1545,213,Akshitha Venkataraman; Naomi Ichiriu,Akshitha Venkataraman=done; Naomi Ichiriu=done,Akshitha Venkataraman=2026-07-26T17:49:09.690073; Naomi Ichiriu=2026-07-14T06:44:36.424941,2,false,,,20,5,2,13,0,18
1782,0001564708,NEWS CORP,2025,0001564708-25-000419,false,false,false,1310,241,Akshitha Venkataraman; Naomi Ichiriu,Akshitha Venkataraman=done; Naomi Ichiriu=done,Akshitha Venkataraman=2026-07-27T05:57:16.730039; Naomi Ichiriu=2026-07-14T07:05:33.443674,2,false,,,41,16,13,12,0,24
2358,0000753308,NEXTERA ENERGY INC,2024,0000753308-24-000008,false,false,true,88,26,Akshitha Venkataraman; Naomi Ichiriu,Akshitha Venkataraman=done; Naomi Ichiriu=done,Akshitha Venkataraman=2026-08-02T17:45:41.016713; Naomi Ichiriu=2026-07-23T02:28:52.325497,2,true,2026-08-04T21:23:13.020638,,1,1,0,0,0,0
2359,0000753308,NEXTERA ENERGY INC,2025,0000753308-25-000011,false,false,true,90,27,Akshitha Venkataraman; Naomi Ichiriu,Akshitha Venkataraman=done; Naomi Ichiriu=done,Akshitha Venkataraman=2026-08-02T17:46:19.545070; Naomi Ichiriu=2026-07-23T02:27:29.195109,2,true,2026-08-17T07:47:42.883302,,2,1,0,1,0,1
2360,0000753308,NEXTERA ENERGY INC,2026,0000753308-26-000015,false,false,true,422,62,Naomi Ichiriu; Akshitha Venkataraman,Naomi Ichiriu=done; Akshitha Venkataraman=done,Naomi Ichiriu=2026-07-23T02:28:03.808445; Akshitha Venkataraman=2026-08-02T17:48:24.410331,2,true,2026-08-17T17:13:12.521606,,6,0,0,6,0,8
3030,0000320187,"NIKE, Inc.",2020,0000320187-20-000047,false,false,false,36,1,Naomi Ichiriu,Naomi Ichiriu=done,Naomi Ichiriu=2026-08-19T20:01:14.119256,2,false,,,0,0,0,0,0,0
3031,0000320187,"NIKE, Inc.",2021,0000320187-21-000028,false,false,false,35,1,Naomi Ichiriu,Naomi Ichiriu=done,Naomi Ichiriu=2026-08-19T20:01:19.518004,2,false,,,0,0,0,0,0,0
3032,0000320187,"NIKE, Inc.",2022,0000320187-22-000038,false,false,false,40,1,Naomi Ichiriu,Naomi Ichiriu=done,Naomi Ichiriu=2026-08-19T20:01:25.943565,2,false,,,0,0,0,0,0,0
3034,0000320187,"NIKE, Inc.",2024,0000320187-24-000044,false,false,false,223,101,Naomi Ichiriu,Naomi Ichiriu=done,Naomi Ichiriu=2026-08-19T20:02:45.234687,2,false,,,2,2,0,0,0,0
3035,0000320187,"NIKE, Inc.",2025,0000320187-25-000047,false,false,false,259,117,Naomi Ichiriu,Naomi Ichiriu=done,Naomi Ichiriu=2026-08-19T20:04:04.495026,2,false,,,3,3,0,0,0,0
3037,0001133421,NORTHROP GRUMMAN CORP /DE/,2015,0001133421-15-000008,false,false,true,57,1,Yesenia Garcia; Naomi Ichiriu,Yesenia Garcia=done; Naomi Ichiriu=done,Yesenia Garcia=2026-09-02T07:53:37.054256; Naomi Ichiriu=2026-08-19T19:53:34.319345,2,true,2026-09-07T22:17:53.154371,,0,0,0,0,0,0
3038,0001133421,NORTHROP GRUMMAN CORP /DE/,2016,0001133421-16-000065,false,false,true,58,1,Yesenia Garcia; Naomi Ichiriu,Yesenia Garcia=done; Naomi Ichiriu=done,Yesenia Garcia=2026-09-02T07:53:39.569783; Naomi Ichiriu=2026-08-19T19:57:04.942861,2,true,2026-09-07T22:17:57.189859,,0,0,0,0,0,0
3039,0001133421,NORTHROP GRUMMAN CORP /DE/,2017,0001133421-17-000008,false,false,true,923,15,Yesenia Garcia; Naomi Ichiriu,Yesenia Garcia=done; Naomi Ichiriu=done,Yesenia Garcia=2026-09-02T07:53:42.050790; Naomi Ichiriu=2026-08-19T19:57:00.555086,2,true,2026-09-07T22:18:00.913069,,0,0,0,0,0,0
3040,0001133421,NORTHROP GRUMMAN CORP /DE/,2018,0001133421-18-000005,false,false,true,1382,16,Naomi Ichiriu; Yesenia Garcia,Naomi Ichiriu=done; Yesenia Garcia=done,Naomi Ichiriu=2026-08-19T19:57:11.201214; Yesenia Garcia=2026-09-02T07:53:44.301577,2,true,2026-09-07T22:18:03.627023,,0,0,0,0,0,0
3041,0001133421,NORTHROP GRUMMAN CORP /DE/,2019,0001133421-19-000007,false,false,true,1609,14,Yesenia Garcia; Naomi Ichiriu,Yesenia Garcia=done; Naomi Ichiriu=done,Yesenia Garcia=2026-09-02T07:53:46.762630; Naomi Ichiriu=2026-08-19T19:59:37.555479,2,true,2026-09-07T22:18:06.727823,,0,0,0,0,0,0
3042,0001133421,NORTHROP GRUMMAN CORP /DE/,2020,0001133421-20-000006,false,false,true,1150,11,Yesenia Garcia; Naomi Ichiriu,Yesenia Garcia=done; Naomi Ichiriu=done,Yesenia Garcia=2026-09-02T07:53:49.819060; Naomi Ichiriu=2026-08-19T19:59:35.937497,2,true,2026-09-07T22:18:09.864486,,0,0,0,0,0,0
3074,0001133421,NORTHROP GRUMMAN CORP /DE/,2021,0001133421-21-000006,false,false,true,613,8,Yesenia Garcia; Naomi Ichiriu,Yesenia Garcia=done; Naomi Ichiriu=done,Yesenia Garcia=2026-09-02T07:53:52.607211; Naomi Ichiriu=2026-08-19T20:21:29.220525,2,true,2026-09-07T22:18:13.439823,,0,0,0,0,0,0
3075,0001133421,NORTHROP GRUMMAN CORP /DE/,2022,0001133421-22-000004,false,false,true,1578,12,Yesenia Garcia; Naomi Ichiriu,Yesenia Garcia=done; Naomi Ichiriu=done,Yesenia Garcia=2026-09-02T08:01:01.906503; Naomi Ichiriu=2026-08-27T02:22:42.464311,2,true,2026-09-27T06:31:16.709025,,1,0,0,1,0,1
3249,0001133421,NORTHROP GRUMMAN CORP /DE/,2023,0001133421-23-000006,false,false,true,1486,9,Yesenia Garcia; Naomi Ichiriu,Yesenia Garcia=done; Naomi Ichiriu=done,Yesenia Garcia=2026-09-02T08:01:26.297394; Naomi Ichiriu=2026-08-29T21:55:22.265697,2,true,2026-09-27T06:31:43.347601,,1,0,0,1,0,1
3251,0001133421,NORTHROP GRUMMAN CORP /DE/,2024,0001133421-24-000006,false,false,true,368,25,Yesenia Garcia; Naomi Ichiriu,Yesenia Garcia=done; Naomi Ichiriu=done,Yesenia Garcia=2026-09-02T08:02:22.101652; Naomi Ichiriu=2026-08-29T21:56:07.031646,2,true,2026-09-27T06:32:02.234160,,1,0,0,1,0,1
3411,0001133421,NORTHROP GRUMMAN CORP /DE/,2025,0001133421-25-000006,false,false,true,480,38,Naomi Ichiriu; Yesenia Garcia,Naomi Ichiriu=done; Yesenia Garcia=done,Naomi Ichiriu=2026-08-31T00:57:00.562944; Yesenia Garcia=2026-09-02T08:02:08.121071,2,true,2026-09-27T06:32:18.147756,,2,0,0,2,0,2
3252,0001133421,NORTHROP GRUMMAN CORP /DE/,2026,0001133421-26-000003,false,false,true,682,50,Yesenia Garcia; Naomi Ichiriu,Yesenia Garcia=done; Naomi Ichiriu=done,Yesenia Garcia=2026-09-02T08:05:12.012666; Naomi Ichiriu=2026-08-31T00:32:50.413171,2,true,2026-09-29T14:50:54.672892,,14,2,0,8,1,15
3998,0001013871,"NRG ENERGY, INC.",2015,0001013871-15-000004,false,false,false,25,1,Amali Oakley; Alexa Bishop,Amali Oakley=done; Alexa Bishop=done,Amali Oakley=2026-09-15T21:16:11.832123; Alexa Bishop=2026-09-23T19:41:59.347468,2,true,2026-09-28T20:22:17.304755,,0,0,0,0,0,0
3999,0001013871,"NRG ENERGY, INC.",2016,0001013871-16-000022,false,false,false,24,1,Amali Oakley; Alexa Bishop,Amali Oakley=done; Alexa Bishop=done,Amali Oakley=2026-09-15T21:17:21.567563; Alexa Bishop=2026-09-23T19:42:29.289749,2,true,2026-09-29T04:20:00.737558,,0,0,0,0,0,0
4000,0001013871,"NRG ENERGY, INC.",2017,0001013871-17-000007,false,false,false,6,1,Amali Oakley; Alexa Bishop,Amali Oakley=done; Alexa Bishop=done,Amali Oakley=2026-09-15T21:17:40.818894; Alexa Bishop=2026-09-23T19:43:31.587445,2,true,2026-09-29T04:37:11.990523,,0,0,0,0,0,0
4001,0001013871,"NRG ENERGY, INC.",2018,0001013871-18-000011,false,false,false,6,1,Amali Oakley; Alexa Bishop,Amali Oakley=done; Alexa Bishop=done,Amali Oakley=2026-09-15T21:17:55.389564; Alexa Bishop=2026-09-23T19:44:27.843973,2,true,2026-09-29T04:37:21.959710,,0,0,0,0,0,0
4002,0001013871,"NRG ENERGY, INC.",2019,0001013871-19-000007,false,false,false,5,1,Amali Oakley; Alexa Bishop,Amali Oakley=done; Alexa Bishop=done,Amali Oakley=2026-09-15T21:18:10.555630; Alexa Bishop=2026-09-23T19:44:54.106178,2,true,2026-09-29T04:37:31.709383,,0,0,0,0,0,0
4003,0001013871,"NRG ENERGY, INC.",2020,0001013871-20-000013,false,false,false,6,1,Amali Oakley; Alexa Bishop,Amali Oakley=done; Alexa Bishop=done,Amali Oakley=2026-09-15T21:18:26.541333; Alexa Bishop=2026-09-23T19:45:37.209013,2,true,2026-09-29T04:37:41.329056,,0,0,0,0,0,0
4004,0001013871,"NRG ENERGY, INC.",2021,0001013871-21-000005,false,false,false,7,1,Amali Oakley; Alexa Bishop,Amali Oakley=done; Alexa Bishop=done,Amali Oakley=2026-09-15T21:18:45.387510; Alexa Bishop=2026-09-23T19:49:00.639767,2,true,2026-09-29T04:37:51.127769,,0,0,0,0,0,0
4005,0001013871,"NRG ENERGY, INC.",2022,0001013871-22-000010,false,false,false,7,1,Amali Oakley; Alexa Bishop,Amali Oakley=done; Alexa Bishop=done,Amali Oakley=2026-09-15T21:19:04.800861; Alexa Bishop=2026-09-23T19:49:57.623509,2,true,2026-09-29T04:38:01.087980,,0,0,0,0,0,0
4006,0001013871,"NRG ENERGY, INC.",2023,0001013871-23-000004,false,false,false,53,3,Amali Oakley; Alexa Bishop,Amali Oakley=done; Alexa Bishop=done,Amali Oakley=2026-09-15T21:19:33.969901; Alexa Bishop=2026-09-23T19:53:01.585107,2,true,2026-09-29T04:38:11.081678,,0,0,0,0,0,0
4007,0001013871,"NRG ENERGY, INC.",2024,0001013871-24-000005,false,false,false,1120,30,Amali Oakley; Alexa Bishop,Amali Oakley=done; Alexa Bishop=done,Amali Oakley=2026-09-15T21:26:44.011695; Alexa Bishop=2026-09-23T19:59:19.273808,2,true,2026-09-30T03:59:25.923506,,3,0,0,3,0,3
4008,0001013871,"NRG ENERGY, INC.",2025,0001013871-25-000006,false,false,false,2080,231,Amali Oakley; Alexa Bishop,Amali Oakley=done; Alexa Bishop=done,Amali Oakley=2026-09-24T03:45:17.850979; Alexa Bishop=2026-09-23T20:20:45.373459,2,false,,,16,4,1,8,0,18
4260,0001013871,"NRG ENERGY, INC.",2026,0001013871-26-000004,false,false,false,2454,204,Alexa Bishop; Amali Oakley,Alexa Bishop=done; Amali Oakley=done,Alexa Bishop=2026-09-27T19:22:33.734685; Amali Oakley=2026-09-24T04:16:20.178279,2,false,,,17,10,7,0,0,0
4202,0000073309,NUCOR CORP,2018,0001193125-18-064018,false,false,false,46,1,Joseline Viveros; Alexa Bishop,Joseline Viveros=done; Alexa Bishop=done,Joseline Viveros=2026-09-19T17:27:57.145408; Alexa Bishop=2026-09-23T04:41:42.088404,4,true,2026-09-23T20:50:44.444138,,0,0,0,0,0,0
3398,0000073309,NUCOR CORP,2019,0001193125-19-057744,false,false,false,42,1,Naomi Ichiriu; Yesenia Garcia; Joseline Viveros; Alexa Bishop,Naomi Ichiriu=done; Yesenia Garcia=done; Joseline Viveros=done; Alexa Bishop=done,Naomi Ichiriu=2026-08-29T21:27:54.723830; Yesenia Garcia=2026-09-12T07:02:09.564058; Joseline Viveros=2026-09-19T17:28:24.009744; Alexa Bishop=2026-09-23T04:42:17.089197,4,true,2026-09-13T18:55:36.247129,,0,0,0,0,0,0
3536,0000073309,NUCOR CORP,2020,0001564590-20-007794,false,false,false,44,1,Naomi Ichiriu; Yesenia Garcia; Joseline Viveros; Alexa Bishop,Naomi Ichiriu=done; Yesenia Garcia=done; Joseline Viveros=done; Alexa Bishop=done,Naomi Ichiriu=2026-09-09T05:21:25.262398; Yesenia Garcia=2026-09-12T07:02:12.256092; Joseline Viveros=2026-09-19T17:28:39.451768; Alexa Bishop=2026-09-23T04:42:59.660595,4,true,2026-09-13T18:55:34.136978,,0,0,0,0,0,0
3537,0000073309,NUCOR CORP,2021,0001564590-21-009503,false,false,false,48,1,Naomi Ichiriu; Yesenia Garcia; Joseline Viveros; Alexa Bishop,Naomi Ichiriu=done; Yesenia Garcia=done; Joseline Viveros=done; Alexa Bishop=done,Naomi Ichiriu=2026-09-09T05:20:43.809343; Yesenia Garcia=2026-09-12T07:02:13.876528; Joseline Viveros=2026-09-19T17:28:55.145416; Alexa Bishop=2026-09-23T04:43:37.004005,4,true,2026-09-13T18:55:31.768516,,0,0,0,0,0,0
3539,0000073309,NUCOR CORP,2024,0000950170-24-021195,false,false,false,204,33,Naomi Ichiriu; Yesenia Garcia; Joseline Viveros; Alexa Bishop,Naomi Ichiriu=done; Yesenia Garcia=done; Joseline Viveros=done; Alexa Bishop=done,Naomi Ichiriu=2026-09-09T05:20:51.074979; Yesenia Garcia=2026-09-12T07:02:19.820558; Joseline Viveros=2026-09-19T17:29:21.640238; Alexa Bishop=2026-09-23T04:45:07.519310,4,true,2026-09-13T18:55:29.390538,,0,0,0,0,0,0
3540,0000073309,NUCOR CORP,2025,0000950170-25-028427,false,false,false,442,44,Naomi Ichiriu; Yesenia Garcia; Joseline Viveros; Alexa Bishop,Naomi Ichiriu=done; Yesenia Garcia=done; Joseline Viveros=done; Alexa Bishop=done,Naomi Ichiriu=2026-09-09T05:21:03.635860; Yesenia Garcia=2026-09-12T07:02:22.680552; Joseline Viveros=2026-09-19T17:29:51.561765; Alexa Bishop=2026-09-23T04:48:44.230696,4,true,2026-09-13T18:55:27.259513,,0,0,0,0,0,0
3541,0000073309,NUCOR CORP,2026,0001193125-26-071575,false,false,false,562,48,Naomi Ichiriu; Yesenia Garcia; Joseline Viveros; Alexa Bishop,Naomi Ichiriu=done; Yesenia Garcia=done; Joseline Viveros=done; Alexa Bishop=done,Naomi Ichiriu=2026-09-09T05:21:19.821271; Yesenia Garcia=2026-09-12T07:02:24.523652; Joseline Viveros=2026-09-19T17:30:26.746457; Alexa Bishop=2026-09-23T04:50:30.019369,4,true,2026-09-13T18:55:24.660010,,0,0,0,0,0,0
1109,0001045810,NVIDIA CORP,2024,0001045810-24-000029,false,false,false,3059,514,,,,0,false,,,0,0,0,0,0,0
1921,0000797468,OCCIDENTAL PETROLEUM CORP /DE/,2023,0000797468-23-000011,false,false,false,68,1,Akshitha Venkataraman; Yesenia Garcia,Akshitha Venkataraman=done; Yesenia Garcia=done,Akshitha Venkataraman=2026-07-27T06:20:24.169955; Yesenia Garcia=2026-07-18T04:28:19.024059,2,true,2026-07-27T16:23:08.205918,,0,0,0,0,0,0
1922,0000797468,OCCIDENTAL PETROLEUM CORP /DE/,2024,0000797468-24-000034,false,false,false,220,30,Akshitha Venkataraman; Yesenia Garcia,Akshitha Venkataraman=done; Yesenia Garcia=done,Akshitha Venkataraman=2026-07-27T06:20:34.151131; Yesenia Garcia=2026-07-18T04:33:33.787208,2,true,2026-07-27T16:23:12.472630,,0,0,0,0,0,0
1923,0000797468,OCCIDENTAL PETROLEUM CORP /DE/,2025,0000797468-25-000029,false,false,false,299,35,Akshitha Venkataraman; Yesenia Garcia,Akshitha Venkataraman=done; Yesenia Garcia=done,Akshitha Venkataraman=2026-07-27T06:21:20.516356; Yesenia Garcia=2026-07-18T04:35:57.069016,2,true,2026-07-27T16:23:37.066198,,2,1,0,1,0,1
1924,0000797468,OCCIDENTAL PETROLEUM CORP /DE/,2026,0001628280-26-009059,false,false,false,240,35,Akshitha Venkataraman; Yesenia Garcia,Akshitha Venkataraman=done; Yesenia Garcia=done,Akshitha Venkataraman=2026-07-27T06:22:09.673675; Yesenia Garcia=2026-07-18T04:38:14.597375,2,true,2026-07-27T16:27:28.952160,,8,1,0,2,0,2
3935,0000878927,"OLD DOMINION FREIGHT LINE, INC.",2015,0000878927-15-000006,false,false,false,36,1,Yesenia Garcia,Yesenia Garcia=done,Yesenia Garcia=2026-09-13T00:23:53.147537,2,false,,,0,0,0,0,0,0
3936,0000878927,"OLD DOMINION FREIGHT LINE, INC.",2016,0000878927-16-000055,false,false,false,37,1,Yesenia Garcia,Yesenia Garcia=done,Yesenia Garcia=2026-09-13T00:24:09.864668,2,false,,,0,0,0,0,0,0
3939,0000878927,"OLD DOMINION FREIGHT LINE, INC.",2019,0001564590-19-004755,false,false,false,45,1,Yesenia Garcia,Yesenia Garcia=done,Yesenia Garcia=2026-09-13T00:24:39.149831,2,false,,,0,0,0,0,0,0
3940,0000878927,"OLD DOMINION FREIGHT LINE, INC.",2020,0001564590-20-006626,false,false,false,42,1,Yesenia Garcia,Yesenia Garcia=done,Yesenia Garcia=2026-09-13T00:24:58.112530,2,false,,,0,0,0,0,0,0
3941,0000878927,"OLD DOMINION FREIGHT LINE, INC.",2021,0001564590-21-008056,false,false,false,44,1,Yesenia Garcia,Yesenia Garcia=done,Yesenia Garcia=2026-09-13T00:25:18.539469,2,false,,,0,0,0,0,0,0
3942,0000878927,"OLD DOMINION FREIGHT LINE, INC.",2022,0001564590-22-006303,false,false,false,47,1,Yesenia Garcia,Yesenia Garcia=done,Yesenia Garcia=2026-09-13T00:25:38.068731,2,false,,,0,0,0,0,0,0
3943,0000878927,"OLD DOMINION FREIGHT LINE, INC.",2023,0000950170-23-003783,false,false,false,44,1,Yesenia Garcia,Yesenia Garcia=done,Yesenia Garcia=2026-09-13T00:25:58.951734,2,false,,,0,0,0,0,0,0
3944,0000878927,"OLD DOMINION FREIGHT LINE, INC.",2024,0000950170-24-020176,false,false,false,109,23,Yesenia Garcia,Yesenia Garcia=done,Yesenia Garcia=2026-09-13T00:27:13.197066,2,false,,,2,2,0,0,0,0
3945,0000878927,"OLD DOMINION FREIGHT LINE, INC.",2025,0000950170-25-026661,false,false,false,129,65,Yesenia Garcia,Yesenia Garcia=in_progress,Yesenia Garcia=,2,false,,,0,0,0,0,0,0
437,0000029989,OMNICOM GROUP INC.,2016,0000029989-16-000015,false,false,false,47,1,Naomi Ichiriu,Naomi Ichiriu=done,Naomi Ichiriu=2026-09-16T15:42:33.235287,2,false,,,0,0,0,0,0,0
438,0000029989,OMNICOM GROUP INC.,2017,0000029989-17-000004,false,false,false,51,2,Naomi Ichiriu,Naomi Ichiriu=done,Naomi Ichiriu=2026-09-16T15:43:35.236720,2,false,,,0,0,0,0,0,0
439,0000029989,OMNICOM GROUP INC.,2018,0000029989-18-000004,false,false,false,56,4,Naomi Ichiriu,Naomi Ichiriu=done,Naomi Ichiriu=2026-09-16T15:42:47.611824,2,false,,,0,0,0,0,0,0
440,0000029989,OMNICOM GROUP INC.,2019,0000029989-19-000007,false,false,false,55,4,Naomi Ichiriu,Naomi Ichiriu=done,Naomi Ichiriu=2026-09-16T15:42:44.916633,2,false,,,0,0,0,0,0,0
441,0000029989,OMNICOM GROUP INC.,2020,0000029989-20-000005,false,false,false,49,4,Naomi Ichiriu,Naomi Ichiriu=done,Naomi Ichiriu=2026-09-16T15:42:42.581693,2,false,,,0,0,0,0,0,0
442,0000029989,OMNICOM GROUP INC.,2021,0000029989-21-000004,false,false,false,53,7,Naomi Ichiriu,Naomi Ichiriu=done,Naomi Ichiriu=2026-09-16T15:42:37.097683,2,false,,,0,0,0,0,0,0
443,0000029989,OMNICOM GROUP INC.,2022,0000029989-22-000012,false,false,false,53,6,Naomi Ichiriu,Naomi Ichiriu=done,Naomi Ichiriu=2026-09-16T15:44:04.281818,2,false,,,0,0,0,0,0,0
444,0000029989,OMNICOM GROUP INC.,2023,0000029989-23-000005,false,false,false,56,4,Naomi Ichiriu,Naomi Ichiriu=done,Naomi Ichiriu=2026-09-16T15:42:40.579953,2,false,,,0,0,0,0,0,0
445,0000029989,OMNICOM GROUP INC.,2024,0000029989-24-000007,false,false,false,349,51,Naomi Ichiriu,Naomi Ichiriu=done,Naomi Ichiriu=2026-09-16T15:47:29.031238,2,false,,,7,7,0,0,0,0
446,0000029989,OMNICOM GROUP INC.,2025,0000029989-25-000009,false,false,false,380,51,Naomi Ichiriu,Naomi Ichiriu=done,Naomi Ichiriu=2026-09-27T19:18:43.398637,2,false,,,5,5,0,0,0,0
447,0000029989,OMNICOM GROUP INC.,2026,0000029989-26-000006,false,false,false,1076,65,Naomi Ichiriu,Naomi Ichiriu=done,Naomi Ichiriu=2026-09-27T19:35:03.654242,2,false,,,16,14,0,0,0,0
2366,0001097864,ON SEMICONDUCTOR CORP,2018,0001193125-18-051397,false,false,true,322,19,Akshitha Venkataraman; Naomi Ichiriu,Akshitha Venkataraman=done; Naomi Ichiriu=done,Akshitha Venkataraman=2026-07-27T15:30:19.853883; Naomi Ichiriu=2026-07-23T02:33:01.642401,2,true,2026-07-27T18:53:20.050154,,0,0,0,0,0,0
2365,0001097864,ON SEMICONDUCTOR CORP,2019,0001193125-19-045025,false,false,true,399,29,Akshitha Venkataraman; Naomi Ichiriu,Akshitha Venkataraman=done; Naomi Ichiriu=done,Akshitha Venkataraman=2026-07-27T15:30:45.620609; Naomi Ichiriu=2026-07-23T02:32:50.642295,2,true,2026-07-27T18:53:23.286093,,0,0,0,0,0,0
2364,0001097864,ON SEMICONDUCTOR CORP,2020,0001193125-20-041751,false,false,true,179,18,Akshitha Venkataraman; Naomi Ichiriu,Akshitha Venkataraman=done; Naomi Ichiriu=done,Akshitha Venkataraman=2026-07-27T15:31:01.992666; Naomi Ichiriu=2026-07-23T02:32:36.341504,2,true,2026-07-27T18:53:26.328620,,0,0,0,0,0,0
2363,0001097864,ON SEMICONDUCTOR CORP,2021,0001628280-21-002219,false,false,true,328,23,Akshitha Venkataraman; Naomi Ichiriu,Akshitha Venkataraman=done; Naomi Ichiriu=done,Akshitha Venkataraman=2026-07-27T15:37:17.116867; Naomi Ichiriu=2026-07-23T02:32:24.455423,2,true,2026-07-27T18:53:30.401142,,0,0,0,0,0,0
2368,0001097864,ON SEMICONDUCTOR CORP,2022,0001628280-22-002416,false,false,true,149,18,Akshitha Venkataraman; Naomi Ichiriu,Akshitha Venkataraman=done; Naomi Ichiriu=done,Akshitha Venkataraman=2026-07-27T15:37:25.635959; Naomi Ichiriu=2026-07-23T02:34:06.313117,2,true,2026-07-27T18:53:33.755398,,0,0,0,0,0,0
2369,0001097864,ON SEMICONDUCTOR CORP,2023,0001628280-23-002350,false,false,true,256,23,Akshitha Venkataraman; Naomi Ichiriu,Akshitha Venkataraman=done; Naomi Ichiriu=done,Akshitha Venkataraman=2026-07-27T15:37:35.854630; Naomi Ichiriu=2026-07-23T02:34:24.070262,2,true,2026-07-27T18:53:37.866856,,0,0,0,0,0,0
2370,0001097864,ON SEMICONDUCTOR CORP,2024,0001628280-24-003201,false,false,true,507,119,Akshitha Venkataraman; Naomi Ichiriu,Akshitha Venkataraman=done; Naomi Ichiriu=done,Akshitha Venkataraman=2026-07-27T15:38:28.333082; Naomi Ichiriu=2026-07-23T02:43:06.741047,2,true,2026-07-27T19:58:37.055263,,1,0,0,1,0,1
2372,0001097864,ON SEMICONDUCTOR CORP,2025,0001628280-25-004557,false,false,false,796,166,Akshitha Venkataraman; Naomi Ichiriu,Akshitha Venkataraman=done; Naomi Ichiriu=done,Akshitha Venkataraman=2026-07-27T15:41:29.930086; Naomi Ichiriu=2026-07-23T02:46:28.136989,2,false,,,8,3,3,2,0,5
2371,0001097864,ON SEMICONDUCTOR CORP,2026,0001097864-26-000006,false,false,false,1515,242,Akshitha Venkataraman; Naomi Ichiriu,Akshitha Venkataraman=done; Naomi Ichiriu=done,Akshitha Venkataraman=2026-07-27T15:47:06.240470; Naomi Ichiriu=2026-08-11T06:20:11.516697,2,false,,,18,4,10,4,0,12
2319,0000075677,PACKAGING CORP OF AMERICA,2021,0001564590-21-008051,false,false,true,134,1,Naomi Ichiriu; Yesenia Garcia,Naomi Ichiriu=done; Yesenia Garcia=done,Naomi Ichiriu=2026-07-22T23:07:59.895352; Yesenia Garcia=2026-07-25T17:11:15.591185,2,true,2026-07-25T22:23:50.163579,,0,0,0,0,0,0
2321,0000075677,PACKAGING CORP OF AMERICA,2022,0000950170-22-001913,false,false,true,136,1,Naomi Ichiriu; Yesenia Garcia,Naomi Ichiriu=done; Yesenia Garcia=done,Naomi Ichiriu=2026-07-23T00:08:30.106322; Yesenia Garcia=2026-07-25T17:11:21.029094,2,true,2026-07-25T22:23:53.685735,,0,0,0,0,0,0
2323,0000075677,PACKAGING CORP OF AMERICA,2023,0000950170-23-003990,false,false,true,167,2,Naomi Ichiriu; Yesenia Garcia,Naomi Ichiriu=done; Yesenia Garcia=done,Naomi Ichiriu=2026-07-23T00:20:38.455302; Yesenia Garcia=2026-07-25T17:11:27.494658,2,true,2026-07-25T22:23:47.385694,,0,0,0,0,0,0
2324,0000075677,PACKAGING CORP OF AMERICA,2024,0000950170-24-022794,false,false,true,239,12,Naomi Ichiriu; Yesenia Garcia,Naomi Ichiriu=done; Yesenia Garcia=done,Naomi Ichiriu=2026-07-23T00:21:58.615961; Yesenia Garcia=2026-07-25T17:12:09.862537,2,true,2026-07-26T20:54:20.214031,,0,0,0,0,0,0
2406,0000075677,PACKAGING CORP OF AMERICA,2025,0000950170-25-028533,false,false,true,242,12,Naomi Ichiriu; Yesenia Garcia,Naomi Ichiriu=done; Yesenia Garcia=done,Naomi Ichiriu=2026-08-15T09:20:02.543099; Yesenia Garcia=2026-07-25T17:13:06.601730,2,true,2026-08-17T07:47:18.351014,,0,0,0,0,0,0
2320,0000075677,PACKAGING CORP OF AMERICA,2026,0001193125-26-074129,false,false,true,254,12,Naomi Ichiriu; Yesenia Garcia,Naomi Ichiriu=done; Yesenia Garcia=done,Naomi Ichiriu=2026-07-22T23:08:45.346903; Yesenia Garcia=2026-07-25T17:12:30.088328,2,true,2026-07-26T20:54:23.330606,,0,0,0,0,0,0
3542,0001321655,Palantir Technologies Inc.,2021,0001193125-21-060650,false,false,false,1547,343,Naomi Ichiriu; Yesenia Garcia,Naomi Ichiriu=done; Yesenia Garcia=in_progress,Naomi Ichiriu=2026-09-02T17:32:55.563878; Yesenia Garcia=,2,false,,,9,0,9,0,0,0
3543,0001321655,Palantir Technologies Inc.,2022,0001193125-22-050913,false,false,false,1049,317,Naomi Ichiriu; Yesenia Garcia,Naomi Ichiriu=done; Yesenia Garcia=in_progress,Naomi Ichiriu=2026-09-02T17:58:13.685379; Yesenia Garcia=,2,false,,,9,0,9,0,0,0
3547,0001321655,Palantir Technologies Inc.,2023,0001321655-23-000011,false,false,false,1061,167,Naomi Ichiriu; Yesenia Garcia,Naomi Ichiriu=done; Yesenia Garcia=in_progress,Naomi Ichiriu=2026-09-02T18:32:25.143310; Yesenia Garcia=,2,false,,,11,0,9,0,0,0
3546,0001321655,Palantir Technologies Inc.,2024,0001321655-24-000022,false,false,false,1279,406,Naomi Ichiriu; Yesenia Garcia,Naomi Ichiriu=done; Yesenia Garcia=in_progress,Naomi Ichiriu=2026-09-05T05:03:47.280798; Yesenia Garcia=,2,false,,,19,0,18,0,0,0
3545,0001321655,Palantir Technologies Inc.,2025,0001321655-25-000022,false,false,false,1326,422,Naomi Ichiriu; Yesenia Garcia,Naomi Ichiriu=done; Yesenia Garcia=in_progress,Naomi Ichiriu=2026-09-05T05:17:41.474399; Yesenia Garcia=,2,false,,,28,0,24,0,0,0
3544,0001321655,Palantir Technologies Inc.,2026,0001321655-26-000011,false,false,false,1237,428,Naomi Ichiriu; Yesenia Garcia,Naomi Ichiriu=done; Yesenia Garcia=in_progress,Naomi Ichiriu=2026-09-05T05:28:54.145089; Yesenia Garcia=,2,false,,,38,0,28,0,0,0
2393,0002041610,Paramount Skydance Corp,2026,0002041610-26-000011,false,false,false,263,103,Akshitha Venkataraman; Yesenia Garcia,Akshitha Venkataraman=done; Yesenia Garcia=done,Akshitha Venkataraman=2026-07-27T13:49:51.009567; Yesenia Garcia=2026-07-25T16:11:58.074590,2,false,,,5,3,1,1,0,2
4197,0000723531,PAYCHEX INC,2018,0000723531-18-000026,false,false,false,45,1,Naomi Ichiriu,Naomi Ichiriu=done,Naomi Ichiriu=2026-09-19T17:03:02.583049,2,false,,,0,0,0,0,0,0
4196,0000723531,PAYCHEX INC,2019,0000723531-19-000032,false,false,false,365,5,Naomi Ichiriu,Naomi Ichiriu=done,Naomi Ichiriu=2026-09-19T17:02:57.743673,2,false,,,1,1,0,0,0,0
4195,0000723531,PAYCHEX INC,2020,0000723531-20-000048,false,false,false,148,4,Naomi Ichiriu,Naomi Ichiriu=done,Naomi Ichiriu=2026-09-19T17:03:17.658457,2,false,,,1,1,0,0,0,0
4193,0000723531,PAYCHEX INC,2021,0000723531-21-000035,false,false,false,211,4,Naomi Ichiriu,Naomi Ichiriu=done,Naomi Ichiriu=2026-09-19T17:04:21.219045,2,false,,,1,1,0,0,0,0
4194,0000723531,PAYCHEX INC,2022,0000950170-22-012734,false,false,false,304,6,Naomi Ichiriu,Naomi Ichiriu=done,Naomi Ichiriu=2026-09-19T17:04:39.131997,2,false,,,1,1,0,0,0,0
4192,0000723531,PAYCHEX INC,2023,0000950170-23-032988,false,false,false,563,36,Naomi Ichiriu,Naomi Ichiriu=done,Naomi Ichiriu=2026-09-20T21:59:27.384745,2,false,,,2,2,0,0,0,0
4191,0000723531,PAYCHEX INC,2024,0000950170-24-082958,false,false,false,4401,515,Naomi Ichiriu,Naomi Ichiriu=done,Naomi Ichiriu=2026-09-21T03:35:53.859652,2,false,,,13,9,0,0,0,0
4190,0000723531,PAYCHEX INC,2025,0000950170-25-095300,false,false,false,4795,565,Naomi Ichiriu,Naomi Ichiriu=done,Naomi Ichiriu=2026-09-21T03:46:47.829557,2,false,,,13,11,0,0,0,0
3079,0001633917,"PayPal Holdings, Inc.",2017,0001633917-17-000027,false,false,false,109,3,Naomi Ichiriu; Yesenia Garcia,Naomi Ichiriu=done; Yesenia Garcia=done,Naomi Ichiriu=2026-08-19T20:24:20.919224; Yesenia Garcia=2026-09-02T18:44:12.693491,2,true,2026-09-05T03:16:40.615395,,0,0,0,0,0,0
3078,0001633917,"PayPal Holdings, Inc.",2018,0001633917-18-000029,false,false,false,604,6,Yesenia Garcia; Naomi Ichiriu,Yesenia Garcia=done; Naomi Ichiriu=done,Yesenia Garcia=2026-09-02T18:44:15.656376; Naomi Ichiriu=2026-08-19T20:24:22.230062,2,true,2026-09-05T03:16:36.815522,,0,0,0,0,0,0
3077,0001633917,"PayPal Holdings, Inc.",2019,0001633917-19-000043,false,false,false,1315,14,Yesenia Garcia; Naomi Ichiriu,Yesenia Garcia=done; Naomi Ichiriu=done,Yesenia Garcia=2026-09-02T18:44:17.365750; Naomi Ichiriu=2026-08-19T20:24:24.501196,2,true,2026-09-05T03:16:34.093020,,0,0,0,0,0,0
3080,0001633917,"PayPal Holdings, Inc.",2020,0001633917-20-000028,false,false,false,3018,21,Naomi Ichiriu; Yesenia Garcia,Naomi Ichiriu=done; Yesenia Garcia=done,Naomi Ichiriu=2026-08-27T02:14:39.176373; Yesenia Garcia=2026-09-02T18:45:07.743564,2,false,,,3,1,1,0,0,2
3081,0001633917,"PayPal Holdings, Inc.",2021,0001633917-21-000018,false,false,false,2288,29,Yesenia Garcia; Naomi Ichiriu,Yesenia Garcia=done; Naomi Ichiriu=done,Yesenia Garcia=2026-09-02T18:45:36.027184; Naomi Ichiriu=2026-08-27T02:16:04.863772,2,false,,,2,0,1,1,0,2
3082,0001633917,"PayPal Holdings, Inc.",2022,0001633917-22-000027,false,false,false,2334,29,Yesenia Garcia; Naomi Ichiriu,Yesenia Garcia=done; Naomi Ichiriu=done,Yesenia Garcia=2026-09-02T18:45:53.851214; Naomi Ichiriu=2026-08-27T02:16:44.409547,2,false,,,2,1,1,0,0,1
3083,0001633917,"PayPal Holdings, Inc.",2023,0001633917-23-000033,false,false,false,2103,26,Yesenia Garcia; Naomi Ichiriu,Yesenia Garcia=done; Naomi Ichiriu=done,Yesenia Garcia=2026-09-02T18:46:15.990453; Naomi Ichiriu=2026-08-27T02:17:31.966049,2,false,,,2,1,1,0,0,1
3084,0001633917,"PayPal Holdings, Inc.",2024,0001633917-24-000024,false,false,false,2162,53,Yesenia Garcia; Naomi Ichiriu,Yesenia Garcia=done; Naomi Ichiriu=done,Yesenia Garcia=2026-09-02T18:46:31.828499; Naomi Ichiriu=2026-08-27T02:18:10.915127,2,false,,,2,1,1,0,0,1
3085,0001633917,"PayPal Holdings, Inc.",2025,0001633917-25-000019,false,false,false,2162,117,Naomi Ichiriu; Yesenia Garcia,Naomi Ichiriu=done; Yesenia Garcia=done,Naomi Ichiriu=2026-08-31T03:11:49.637394; Yesenia Garcia=2026-09-02T18:49:04.113498,2,false,,,15,2,8,2,0,6
3086,0001633917,"PayPal Holdings, Inc.",2026,0001633917-26-000024,false,false,false,1319,181,Naomi Ichiriu; Yesenia Garcia,Naomi Ichiriu=done; Yesenia Garcia=in_progress,Naomi Ichiriu=2026-08-31T03:20:34.921012; Yesenia Garcia=,2,false,,,25,0,17,0,0,0
1785,0000077360,PENTAIR plc,2015,0000077360-15-000007,false,false,false,155,1,Akshitha Venkataraman; Naomi Ichiriu,Akshitha Venkataraman=done; Naomi Ichiriu=done,Akshitha Venkataraman=2026-08-10T10:27:52.193255; Naomi Ichiriu=2026-07-14T08:04:47.087313,2,true,2026-08-10T20:15:23.878007,,0,0,0,0,0,0
1786,0000077360,PENTAIR plc,2016,0000077360-16-000058,false,false,false,94,1,Akshitha Venkataraman; Naomi Ichiriu,Akshitha Venkataraman=done; Naomi Ichiriu=done,Akshitha Venkataraman=2026-08-10T10:27:54.596175; Naomi Ichiriu=2026-07-14T08:04:56.555713,2,true,2026-08-10T20:15:26.149299,,0,0,0,0,0,0
1787,0000077360,PENTAIR plc,2017,0000077360-17-000008,false,false,false,139,1,Akshitha Venkataraman; Naomi Ichiriu,Akshitha Venkataraman=done; Naomi Ichiriu=done,Akshitha Venkataraman=2026-08-10T10:27:57.350140; Naomi Ichiriu=2026-07-14T08:09:54.561921,2,true,2026-08-10T20:15:29.014692,,0,0,0,0,0,0
1788,0000077360,PENTAIR plc,2018,0000077360-18-000007,false,false,false,84,1,Akshitha Venkataraman; Naomi Ichiriu,Akshitha Venkataraman=done; Naomi Ichiriu=done,Akshitha Venkataraman=2026-08-10T10:27:59.799414; Naomi Ichiriu=2026-07-14T08:07:02.181425,2,true,2026-08-10T20:15:31.397949,,0,0,0,0,0,0
1790,0000077360,PENTAIR plc,2023,0000077360-23-000006,false,false,true,195,5,Akshitha Venkataraman; Naomi Ichiriu,Akshitha Venkataraman=done; Naomi Ichiriu=done,Akshitha Venkataraman=2026-08-10T10:28:02.214790; Naomi Ichiriu=2026-07-14T08:07:28.312253,2,true,2026-08-10T20:15:35.787422,,0,0,0,0,0,0
1791,0000077360,PENTAIR plc,2024,0000077360-24-000007,false,false,true,346,41,Akshitha Venkataraman; Naomi Ichiriu,Akshitha Venkataraman=done; Naomi Ichiriu=done,Akshitha Venkataraman=2026-08-10T10:28:29.876697; Naomi Ichiriu=2026-07-14T08:08:01.631689,2,true,2026-08-10T20:16:07.513731,,1,0,0,1,0,1
1792,0000077360,PENTAIR plc,2025,0000077360-25-000006,false,false,false,350,41,Naomi Ichiriu,Naomi Ichiriu=done,Naomi Ichiriu=2026-07-14T08:09:47.448294,2,false,,,1,1,0,0,0,0
1861,0000077360,PENTAIR plc,2026,0000077360-26-000007,false,false,true,392,52,Akshitha Venkataraman; Naomi Ichiriu,Akshitha Venkataraman=done; Naomi Ichiriu=done,Akshitha Venkataraman=2026-08-10T10:31:05.261359; Naomi Ichiriu=2026-08-10T20:33:04.525042,2,true,2026-08-17T17:10:42.107978,,12,3,0,9,0,18
3087,0000077476,PEPSICO INC,2015,0000077476-15-000012,false,false,true,114,5,Naomi Ichiriu; Yesenia Garcia,Naomi Ichiriu=done; Yesenia Garcia=done,Naomi Ichiriu=2026-08-19T20:25:36.926147; Yesenia Garcia=2026-09-04T05:06:08.492306,2,true,2026-09-05T03:19:33.085126,,0,0,0,0,0,0
3090,0000077476,PEPSICO INC,2019,0000077476-19-000017,false,false,true,30,1,Naomi Ichiriu; Yesenia Garcia,Naomi Ichiriu=done; Yesenia Garcia=done,Naomi Ichiriu=2026-08-19T20:25:43.940586; Yesenia Garcia=2026-09-04T05:06:10.289532,2,true,2026-09-05T03:19:35.685892,,0,0,0,0,0,0
3095,0000077476,PEPSICO INC,2020,0000077476-20-000015,false,false,true,114,3,Naomi Ichiriu; Yesenia Garcia,Naomi Ichiriu=done; Yesenia Garcia=done,Naomi Ichiriu=2026-08-19T20:27:19.717411; Yesenia Garcia=2026-09-04T05:06:27.749438,2,true,2026-10-01T16:12:49.759644,,1,0,0,1,0,2
3096,0000077476,PEPSICO INC,2021,0000077476-21-000007,false,false,true,33,1,Naomi Ichiriu; Yesenia Garcia,Naomi Ichiriu=done; Yesenia Garcia=done,Naomi Ichiriu=2026-08-19T20:26:52.497166; Yesenia Garcia=2026-09-04T05:06:30.181364,2,true,2026-09-05T03:19:41.348040,,0,0,0,0,0,0
3097,0000077476,PEPSICO INC,2022,0000077476-22-000010,false,false,true,156,4,Naomi Ichiriu; Yesenia Garcia,Naomi Ichiriu=done; Yesenia Garcia=done,Naomi Ichiriu=2026-08-27T02:15:00.584471; Yesenia Garcia=2026-09-04T05:07:02.403335,2,true,2026-09-27T06:44:15.294967,,1,0,0,1,0,2
3191,0000077476,PEPSICO INC,2023,0000077476-23-000007,false,false,true,206,6,Naomi Ichiriu; Yesenia Garcia,Naomi Ichiriu=done; Yesenia Garcia=done,Naomi Ichiriu=2026-08-22T16:31:23.612582; Yesenia Garcia=2026-09-04T05:07:23.530882,2,true,2026-09-27T06:44:19.694804,,1,0,0,1,0,1
3247,0000077476,PEPSICO INC,2024,0000077476-24-000008,false,false,false,450,30,Naomi Ichiriu; Yesenia Garcia,Naomi Ichiriu=done; Yesenia Garcia=done,Naomi Ichiriu=2026-08-27T02:18:58.384252; Yesenia Garcia=2026-09-04T05:08:13.925956,2,false,,,3,0,1,2,0,5
3248,0000077476,PEPSICO INC,2025,0000077476-25-000007,false,false,true,423,37,Naomi Ichiriu; Yesenia Garcia,Naomi Ichiriu=done; Yesenia Garcia=done,Naomi Ichiriu=2026-08-27T02:22:07.364485; Yesenia Garcia=2026-09-04T05:11:33.127890,2,true,2026-10-01T16:08:32.176888,,7,3,0,4,0,4
3412,0000077476,PEPSICO INC,2026,0000077476-26-000007,false,false,true,506,44,Naomi Ichiriu; Yesenia Garcia,Naomi Ichiriu=done; Yesenia Garcia=done,Naomi Ichiriu=2026-08-31T06:11:15.262749; Yesenia Garcia=2026-09-04T05:19:05.395022,2,true,2026-10-01T16:11:08.695099,,11,1,0,9,0,16
3520,0000078003,PFIZER INC,2022,0000078003-22-000027,false,false,true,48,1,Yesenia Garcia; Naomi Ichiriu,Yesenia Garcia=done; Naomi Ichiriu=done,Yesenia Garcia=2026-08-31T05:56:16.873232; Naomi Ichiriu=2026-09-22T17:04:58.520034,2,true,2026-09-30T19:14:36.570702,,0,0,0,0,0,0
3522,0000078003,PFIZER INC,2024,0000078003-24-000039,false,false,false,226,38,Yesenia Garcia; Naomi Ichiriu,Yesenia Garcia=done; Naomi Ichiriu=done,Yesenia Garcia=2026-08-31T05:58:34.365428; Naomi Ichiriu=2026-09-24T01:24:16.368372,2,false,,,6,2,4,0,0,0
3523,0000078003,PFIZER INC,2025,0000078003-25-000054,false,false,false,539,105,Yesenia Garcia; Naomi Ichiriu,Yesenia Garcia=done; Naomi Ichiriu=done,Yesenia Garcia=2026-08-31T06:00:22.083247; Naomi Ichiriu=2026-09-24T04:18:21.726324,2,false,,,7,1,6,0,0,0
3524,0000078003,PFIZER INC,2026,0000078003-26-000026,false,false,false,826,180,Yesenia Garcia; Naomi Ichiriu,Yesenia Garcia=in_progress; Naomi Ichiriu=done,Yesenia Garcia=; Naomi Ichiriu=2026-09-26T21:05:35.000580,2,false,,,28,0,21,0,0,0
2309,0001413329,Philip Morris International Inc.,2019,0001413329-19-000007,false,false,true,30,1,Yesenia Garcia; Naomi Ichiriu,Yesenia Garcia=done; Naomi Ichiriu=done,Yesenia Garcia=2026-08-10T18:59:04.363580; Naomi Ichiriu=2026-07-22T22:59:09.947583,2,true,2026-08-10T20:11:08.048592,,0,0,0,0,0,0
2308,0001413329,Philip Morris International Inc.,2020,0001413329-20-000007,false,false,true,40,1,Yesenia Garcia; Naomi Ichiriu,Yesenia Garcia=done; Naomi Ichiriu=done,Yesenia Garcia=2026-08-10T18:59:06.709169; Naomi Ichiriu=2026-07-22T22:57:35.683747,2,true,2026-08-10T20:11:10.383988,,0,0,0,0,0,0
2311,0001413329,Philip Morris International Inc.,2021,0001413329-21-000007,false,false,true,33,3,Yesenia Garcia; Naomi Ichiriu,Yesenia Garcia=done; Naomi Ichiriu=done,Yesenia Garcia=2026-08-10T18:59:08.623411; Naomi Ichiriu=2026-07-22T22:59:33.639700,2,true,2026-08-10T20:11:14.552482,,0,0,0,0,0,0
2312,0001413329,Philip Morris International Inc.,2022,0001413329-22-000011,false,false,true,53,3,Yesenia Garcia; Naomi Ichiriu,Yesenia Garcia=done; Naomi Ichiriu=done,Yesenia Garcia=2026-08-10T18:59:10.212449; Naomi Ichiriu=2026-07-22T22:59:44.280549,2,true,2026-08-10T20:11:17.444830,,0,0,0,0,0,0
2313,0001413329,Philip Morris International Inc.,2023,0001413329-23-000025,false,false,true,63,4,Yesenia Garcia; Naomi Ichiriu,Yesenia Garcia=done; Naomi Ichiriu=done,Yesenia Garcia=2026-08-10T19:00:26.259531; Naomi Ichiriu=2026-07-23T00:08:16.709798,2,true,2026-09-27T05:30:02.402577,,2,0,0,2,0,2
2314,0001413329,Philip Morris International Inc.,2024,0001413329-24-000013,false,false,true,121,38,Yesenia Garcia; Naomi Ichiriu,Yesenia Garcia=done; Naomi Ichiriu=done,Yesenia Garcia=2026-08-10T19:01:23.774555; Naomi Ichiriu=2026-07-22T23:06:21.584592,2,true,2026-08-10T20:13:00.880791,,2,1,0,1,0,1
2315,0001413329,Philip Morris International Inc.,2025,0001413329-25-000013,false,false,true,126,41,Yesenia Garcia; Naomi Ichiriu,Yesenia Garcia=done; Naomi Ichiriu=done,Yesenia Garcia=2026-08-10T19:02:30.738230; Naomi Ichiriu=2026-07-23T00:21:41.669921,2,true,2026-09-27T05:30:47.225799,,3,1,0,2,0,2
2310,0001413329,Philip Morris International Inc.,2026,0001628280-26-005939,false,false,false,169,61,Yesenia Garcia; Naomi Ichiriu,Yesenia Garcia=done; Naomi Ichiriu=done,Yesenia Garcia=2026-08-24T08:07:19.316670; Naomi Ichiriu=2026-08-11T04:13:12.259996,2,false,,,12,4,0,7,0,8
2505,0001534701,Phillips 66,2015,0001534701-15-000038,false,false,false,45,1,Akshitha Venkataraman; Yesenia Garcia,Akshitha Venkataraman=done; Yesenia Garcia=done,Akshitha Venkataraman=2026-08-10T06:41:51.589167; Yesenia Garcia=2026-08-10T07:59:20.546390,2,true,2026-08-10T16:44:41.988879,,0,0,0,0,0,0
2506,0001534701,Phillips 66,2016,0001534701-16-000119,false,false,false,45,1,Akshitha Venkataraman; Yesenia Garcia,Akshitha Venkataraman=done; Yesenia Garcia=done,Akshitha Venkataraman=2026-08-10T06:42:32.819783; Yesenia Garcia=2026-08-10T07:59:23.669353,2,true,2026-08-10T16:44:44.608686,,0,0,0,0,0,0
2507,0001534701,Phillips 66,2017,0001534701-17-000051,false,false,false,43,1,Akshitha Venkataraman; Yesenia Garcia,Akshitha Venkataraman=done; Yesenia Garcia=done,Akshitha Venkataraman=2026-08-10T06:42:50.479686; Yesenia Garcia=2026-08-10T07:59:26.462822,2,true,2026-08-10T16:44:47.209678,,0,0,0,0,0,0
2508,0001534701,Phillips 66,2018,0001534701-18-000065,false,false,false,44,1,Akshitha Venkataraman; Yesenia Garcia,Akshitha Venkataraman=done; Yesenia Garcia=done,Akshitha Venkataraman=2026-08-10T06:43:08.454657; Yesenia Garcia=2026-08-10T07:59:29.071751,2,true,2026-08-10T16:44:49.552177,,0,0,0,0,0,0
2509,0001534701,Phillips 66,2019,0001534701-19-000063,false,false,false,44,1,Akshitha Venkataraman; Yesenia Garcia,Akshitha Venkataraman=done; Yesenia Garcia=done,Akshitha Venkataraman=2026-08-10T06:59:49.902557; Yesenia Garcia=2026-08-10T07:59:31.686830,2,true,2026-08-10T16:44:52.703859,,0,0,0,0,0,0
2510,0001534701,Phillips 66,2020,0001534701-20-000070,false,false,false,45,1,Akshitha Venkataraman; Yesenia Garcia,Akshitha Venkataraman=done; Yesenia Garcia=done,Akshitha Venkataraman=2026-08-10T07:00:05.353438; Yesenia Garcia=2026-08-10T07:59:34.291830,2,true,2026-08-10T16:44:55.314692,,0,0,0,0,0,0
2511,0001534701,Phillips 66,2021,0001534701-21-000074,false,false,false,67,4,Akshitha Venkataraman; Yesenia Garcia,Akshitha Venkataraman=done; Yesenia Garcia=done,Akshitha Venkataraman=2026-08-10T07:00:32.205375; Yesenia Garcia=2026-08-10T07:59:37.085190,2,true,2026-08-10T16:44:57.925435,,0,0,0,0,0,0
2512,0001534701,Phillips 66,2022,0001534701-22-000078,false,false,false,64,4,Akshitha Venkataraman; Yesenia Garcia,Akshitha Venkataraman=done; Yesenia Garcia=done,Akshitha Venkataraman=2026-08-10T07:02:01.439183; Yesenia Garcia=2026-08-10T07:59:39.516599,2,true,2026-08-10T16:45:00.721430,,0,0,0,0,0,0
2513,0001534701,Phillips 66,2023,0001534701-23-000053,false,false,false,63,4,Yesenia Garcia; Akshitha Venkataraman,Yesenia Garcia=done; Akshitha Venkataraman=done,Yesenia Garcia=2026-08-10T07:59:42.214365; Akshitha Venkataraman=2026-08-10T07:03:00.388424,2,true,2026-08-10T16:45:03.865262,,0,0,0,0,0,0
2514,0001534701,Phillips 66,2024,0001534701-24-000078,false,false,false,158,31,Yesenia Garcia; Akshitha Venkataraman,Yesenia Garcia=done; Akshitha Venkataraman=done,Yesenia Garcia=2026-08-10T07:59:45.274161; Akshitha Venkataraman=2026-08-10T07:03:26.506621,2,true,2026-08-10T16:45:07.553481,,0,0,0,0,0,0
2515,0001534701,Phillips 66,2025,0001534701-25-000074,false,false,false,443,36,Akshitha Venkataraman; Yesenia Garcia,Akshitha Venkataraman=done; Yesenia Garcia=done,Akshitha Venkataraman=2026-08-10T07:04:18.595862; Yesenia Garcia=2026-08-10T08:01:23.025588,2,true,2026-08-17T16:35:01.186656,,3,0,0,3,1,4
2516,0001534701,Phillips 66,2026,0001534701-26-000006,false,false,false,314,34,Akshitha Venkataraman; Yesenia Garcia,Akshitha Venkataraman=done; Yesenia Garcia=done,Akshitha Venkataraman=2026-08-10T07:05:15.374493; Yesenia Garcia=2026-08-10T08:02:27.725891,2,true,2026-08-17T16:39:19.117388,,2,0,0,2,0,3
3487,0000764622,PINNACLE WEST CAPITAL CORP,2016,0000764622-16-000087,false,false,true,44,1,Yesenia Garcia; Naomi Ichiriu,Yesenia Garcia=done; Naomi Ichiriu=done,Yesenia Garcia=2026-08-31T05:26:42.450977; Naomi Ichiriu=2026-09-22T14:39:37.445700,2,true,2026-09-29T22:03:28.745891,,0,0,0,0,0,0
3488,0000764622,PINNACLE WEST CAPITAL CORP,2017,0000764622-17-000010,false,false,true,45,1,Yesenia Garcia; Naomi Ichiriu,Yesenia Garcia=done; Naomi Ichiriu=done,Yesenia Garcia=2026-08-31T05:26:59.080555; Naomi Ichiriu=2026-09-22T14:39:35.036179,2,true,2026-09-29T22:03:29.842839,,0,0,0,0,0,0
3489,0000764622,PINNACLE WEST CAPITAL CORP,2018,0000764622-18-000018,false,false,true,65,4,Yesenia Garcia; Naomi Ichiriu,Yesenia Garcia=done; Naomi Ichiriu=done,Yesenia Garcia=2026-08-31T05:27:15.294104; Naomi Ichiriu=2026-09-22T14:39:12.499390,2,true,2026-09-29T22:03:31.952764,,0,0,0,0,0,0
3490,0000764622,PINNACLE WEST CAPITAL CORP,2019,0000764622-19-000019,false,false,true,65,4,Yesenia Garcia; Naomi Ichiriu,Yesenia Garcia=done; Naomi Ichiriu=done,Yesenia Garcia=2026-08-31T05:27:32.213476; Naomi Ichiriu=2026-09-22T14:38:51.314934,2,true,2026-09-29T22:03:35.524287,,0,0,0,0,0,0
3491,0000764622,PINNACLE WEST CAPITAL CORP,2020,0000764622-20-000017,false,false,true,250,8,Yesenia Garcia; Naomi Ichiriu,Yesenia Garcia=done; Naomi Ichiriu=done,Yesenia Garcia=2026-08-31T05:27:54.711456; Naomi Ichiriu=2026-09-22T14:38:53.673994,2,true,2026-09-29T22:03:40.836444,,0,0,0,0,0,0
3492,0000764622,PINNACLE WEST CAPITAL CORP,2021,0000764622-21-000013,false,false,true,253,8,Yesenia Garcia; Naomi Ichiriu,Yesenia Garcia=done; Naomi Ichiriu=done,Yesenia Garcia=2026-08-31T05:28:12.980512; Naomi Ichiriu=2026-09-22T14:38:58.107661,2,true,2026-09-29T22:03:43.028032,,0,0,0,0,0,0
3493,0000764622,PINNACLE WEST CAPITAL CORP,2022,0000764622-22-000014,false,false,true,345,16,Yesenia Garcia; Naomi Ichiriu,Yesenia Garcia=done; Naomi Ichiriu=done,Yesenia Garcia=2026-08-31T05:28:32.684458; Naomi Ichiriu=2026-09-22T14:38:56.286308,2,true,2026-09-29T22:03:46.029167,,0,0,0,0,0,0
3494,0000764622,PINNACLE WEST CAPITAL CORP,2023,0000764622-23-000023,false,false,true,340,16,Yesenia Garcia; Naomi Ichiriu,Yesenia Garcia=done; Naomi Ichiriu=done,Yesenia Garcia=2026-08-31T05:28:51.943050; Naomi Ichiriu=2026-09-22T14:39:00.506471,2,true,2026-09-29T22:03:49.708025,,0,0,0,0,0,0
3495,0000764622,PINNACLE WEST CAPITAL CORP,2024,0000764622-24-000016,false,false,true,544,38,Yesenia Garcia; Naomi Ichiriu,Yesenia Garcia=done; Naomi Ichiriu=done,Yesenia Garcia=2026-08-31T05:29:31.915122; Naomi Ichiriu=2026-09-26T23:40:57.015677,2,true,2026-10-01T16:07:22.930544,,1,1,0,0,0,0
3496,0000764622,PINNACLE WEST CAPITAL CORP,2025,0000764622-25-000023,false,false,false,1060,42,Yesenia Garcia; Naomi Ichiriu,Yesenia Garcia=done; Naomi Ichiriu=done,Yesenia Garcia=2026-08-31T05:32:24.350411; Naomi Ichiriu=2026-09-26T23:40:30.665784,2,false,,,4,0,3,0,0,0
3497,0000764622,PINNACLE WEST CAPITAL CORP,2026,0000764622-26-000011,false,false,false,1036,145,Yesenia Garcia; Naomi Ichiriu,Yesenia Garcia=done; Naomi Ichiriu=done,Yesenia Garcia=2026-08-31T05:34:38.469722; Naomi Ichiriu=2026-09-26T23:39:14.305612,2,false,,,5,2,3,0,0,0
1952,0000079879,PPG INDUSTRIES INC,2024,0000079879-24-000040,false,false,false,86,27,Akshitha Venkataraman; Yesenia Garcia,Akshitha Venkataraman=done; Yesenia Garcia=done,Akshitha Venkataraman=2026-07-27T12:54:04.781167; Yesenia Garcia=2026-07-18T06:19:56.864448,2,true,2026-07-27T17:10:21.196444,,0,0,0,0,0,0
1954,0000079879,PPG INDUSTRIES INC,2025,0000079879-25-000034,false,false,false,111,29,Akshitha Venkataraman; Yesenia Garcia,Akshitha Venkataraman=done; Yesenia Garcia=done,Akshitha Venkataraman=2026-07-27T12:54:27.094202; Yesenia Garcia=2026-07-18T06:21:08.894696,2,true,2026-07-27T17:12:50.608058,,1,0,0,1,0,1
1955,0000079879,PPG INDUSTRIES INC,2026,0000079879-26-000046,false,false,false,120,46,Akshitha Venkataraman; Yesenia Garcia,Akshitha Venkataraman=done; Yesenia Garcia=done,Akshitha Venkataraman=2026-07-27T12:55:28.354714; Yesenia Garcia=2026-07-18T06:24:10.295106,2,true,2026-07-27T17:18:41.300699,,9,1,0,7,1,7
3422,0001113169,PRICE T ROWE GROUP INC,2019,0001113169-19-000011,false,false,true,48,2,Yesenia Garcia; Naomi Ichiriu,Yesenia Garcia=done; Naomi Ichiriu=done,Yesenia Garcia=2026-08-30T21:25:11.183126; Naomi Ichiriu=2026-09-22T14:38:32.682465,2,true,2026-09-30T19:14:34.322403,,0,0,0,0,0,0
3427,0001113169,PRICE T ROWE GROUP INC,2020,0001113169-20-000008,false,false,true,56,3,Yesenia Garcia; Naomi Ichiriu,Yesenia Garcia=done; Naomi Ichiriu=done,Yesenia Garcia=2026-08-30T21:25:51.521190; Naomi Ichiriu=2026-09-22T14:38:48.804063,2,true,2026-09-30T19:14:32.215518,,0,0,0,0,0,0
3428,0001113169,PRICE T ROWE GROUP INC,2021,0001113169-21-000006,false,false,true,51,3,Yesenia Garcia; Naomi Ichiriu,Yesenia Garcia=done; Naomi Ichiriu=done,Yesenia Garcia=2026-08-30T21:26:19.672981; Naomi Ichiriu=2026-09-22T14:38:47.196924,2,true,2026-09-30T19:14:30.071893,,0,0,0,0,0,0
3429,0001113169,PRICE T ROWE GROUP INC,2022,0001113169-22-000005,false,false,true,49,3,Yesenia Garcia; Naomi Ichiriu,Yesenia Garcia=done; Naomi Ichiriu=done,Yesenia Garcia=2026-08-30T21:26:48.647090; Naomi Ichiriu=2026-09-22T14:38:44.926468,2,true,2026-09-30T19:14:27.773356,,0,0,0,0,0,0
3430,0001113169,PRICE T ROWE GROUP INC,2023,0001113169-23-000007,false,false,true,331,6,Yesenia Garcia; Naomi Ichiriu,Yesenia Garcia=done; Naomi Ichiriu=done,Yesenia Garcia=2026-08-30T21:27:06.980105; Naomi Ichiriu=2026-09-22T14:38:38.926489,2,true,2026-09-30T19:14:25.357090,,0,0,0,0,0,0
3431,0001113169,PRICE T ROWE GROUP INC,2024,0001113169-24-000007,false,false,false,456,39,Yesenia Garcia; Naomi Ichiriu,Yesenia Garcia=done; Naomi Ichiriu=done,Yesenia Garcia=2026-08-30T21:28:21.088869; Naomi Ichiriu=2026-09-26T23:21:57.135165,2,false,,,4,1,3,0,0,0
3432,0001113169,PRICE T ROWE GROUP INC,2025,0001113169-25-000007,false,false,false,454,148,Yesenia Garcia; Naomi Ichiriu,Yesenia Garcia=done; Naomi Ichiriu=done,Yesenia Garcia=2026-08-31T02:24:12.257682; Naomi Ichiriu=2026-09-26T23:20:44.702557,2,false,,,14,6,8,0,0,0
3435,0001113169,PRICE T ROWE GROUP INC,2026,0001628280-26-008002,false,false,false,454,145,Yesenia Garcia; Naomi Ichiriu,Yesenia Garcia=done; Naomi Ichiriu=done,Yesenia Garcia=2026-08-31T02:33:27.565022; Naomi Ichiriu=2026-09-26T23:13:46.526824,2,false,,,19,8,11,0,0,0
1793,0000080424,PROCTER & GAMBLE Co,2015,0000080424-15-000070,false,false,true,,,Akshitha Venkataraman; Naomi Ichiriu,Akshitha Venkataraman=done; Naomi Ichiriu=done,Akshitha Venkataraman=2026-08-10T10:54:57.583647; Naomi Ichiriu=2026-07-14T08:15:53.097786,2,true,2026-08-10T20:04:51.213034,,0,0,0,0,0,0
1794,0000080424,PROCTER & GAMBLE Co,2016,0000080424-16-000212,false,false,true,,,Akshitha Venkataraman; Naomi Ichiriu,Akshitha Venkataraman=done; Naomi Ichiriu=done,Akshitha Venkataraman=2026-08-10T10:55:00.583461; Naomi Ichiriu=2026-07-14T08:16:29.912455,2,true,2026-08-10T20:04:54.193526,,0,0,0,0,0,0
1795,0000080424,PROCTER & GAMBLE Co,2017,0000080424-17-000047,false,false,true,,,Akshitha Venkataraman; Naomi Ichiriu,Akshitha Venkataraman=done; Naomi Ichiriu=done,Akshitha Venkataraman=2026-08-10T10:55:03.047746; Naomi Ichiriu=2026-07-14T08:16:52.068916,2,true,2026-08-10T20:04:56.848170,,0,0,0,0,0,0
1796,0000080424,PROCTER & GAMBLE Co,2018,0000080424-18-000055,false,false,true,59,5,Akshitha Venkataraman; Naomi Ichiriu,Akshitha Venkataraman=done; Naomi Ichiriu=done,Akshitha Venkataraman=2026-08-10T10:55:05.182720; Naomi Ichiriu=2026-07-14T08:17:09.699534,2,true,2026-08-10T20:05:01.514275,,0,0,0,0,0,0
1797,0000080424,PROCTER & GAMBLE Co,2019,0000080424-19-000050,false,false,true,59,5,Akshitha Venkataraman; Naomi Ichiriu,Akshitha Venkataraman=done; Naomi Ichiriu=done,Akshitha Venkataraman=2026-08-10T10:55:09.189188; Naomi Ichiriu=2026-07-14T08:15:37.664017,2,true,2026-08-10T20:06:23.707659,,0,0,0,0,0,0
1801,0000080424,PROCTER & GAMBLE Co,2020,0000080424-20-000053,false,false,true,52,3,Akshitha Venkataraman; Naomi Ichiriu,Akshitha Venkataraman=done; Naomi Ichiriu=done,Akshitha Venkataraman=2026-08-10T10:55:11.807752; Naomi Ichiriu=2026-07-14T08:20:21.721998,2,true,2026-08-10T20:06:26.343370,,0,0,0,0,0,0
1799,0000080424,PROCTER & GAMBLE Co,2021,0000080424-21-000100,false,false,true,68,4,Akshitha Venkataraman; Naomi Ichiriu,Akshitha Venkataraman=done; Naomi Ichiriu=done,Akshitha Venkataraman=2026-08-10T10:55:13.992443; Naomi Ichiriu=2026-07-14T08:17:25.424104,2,true,2026-08-10T20:06:29.598451,,0,0,0,0,0,0
1798,0000080424,PROCTER & GAMBLE Co,2022,0000080424-22-000064,false,false,true,69,4,Akshitha Venkataraman; Naomi Ichiriu,Akshitha Venkataraman=done; Naomi Ichiriu=done,Akshitha Venkataraman=2026-08-10T10:55:16.330620; Naomi Ichiriu=2026-07-14T08:18:38.431204,2,true,2026-08-10T20:06:33.825352,,0,0,0,0,0,0
1803,0000080424,PROCTER & GAMBLE Co,2023,0000080424-23-000073,false,false,true,106,5,Akshitha Venkataraman; Naomi Ichiriu,Akshitha Venkataraman=done; Naomi Ichiriu=done,Akshitha Venkataraman=2026-08-10T10:55:26.073626; Naomi Ichiriu=2026-07-14T08:20:38.630754,2,true,2026-08-10T20:06:37.652474,,0,0,0,0,0,0
1802,0000080424,PROCTER & GAMBLE Co,2024,0000080424-24-000083,false,false,true,204,34,Akshitha Venkataraman; Naomi Ichiriu,Akshitha Venkataraman=done; Naomi Ichiriu=done,Akshitha Venkataraman=2026-08-10T10:56:27.926995; Naomi Ichiriu=2026-07-14T08:21:19.729737,2,true,2026-08-17T17:11:36.442140,,5,0,0,5,0,5
1800,0000080424,PROCTER & GAMBLE Co,2025,0000080424-25-000076,false,false,true,204,36,Akshitha Venkataraman; Naomi Ichiriu,Akshitha Venkataraman=done; Naomi Ichiriu=done,Akshitha Venkataraman=2026-08-10T11:00:37.197253; Naomi Ichiriu=2026-07-14T08:19:46.638038,2,true,2026-08-17T17:12:19.217536,,6,0,0,6,0,6
3774,0001045609,"Prologis, Inc.",2017,0001564590-17-001559,false,false,true,42,1,Yesenia Garcia; Naomi Ichiriu,Yesenia Garcia=done; Naomi Ichiriu=done,Yesenia Garcia=2026-09-12T03:59:41.260261; Naomi Ichiriu=2026-09-22T14:37:43.625515,2,true,2026-09-30T19:14:22.919009,,0,0,0,0,0,0
3775,0001045609,"Prologis, Inc.",2018,0001564590-18-002228,false,false,true,43,1,Yesenia Garcia; Naomi Ichiriu,Yesenia Garcia=done; Naomi Ichiriu=done,Yesenia Garcia=2026-09-12T04:00:13.632625; Naomi Ichiriu=2026-09-22T14:37:41.339758,2,true,2026-09-30T19:14:20.781711,,0,0,0,0,0,0
3776,0001045609,"Prologis, Inc.",2019,0001564590-19-002872,false,false,true,45,1,Yesenia Garcia; Naomi Ichiriu,Yesenia Garcia=done; Naomi Ichiriu=done,Yesenia Garcia=2026-09-12T04:00:34.336638; Naomi Ichiriu=2026-09-22T14:37:38.396794,2,true,2026-09-30T19:14:18.570502,,0,0,0,0,0,0
3777,0001045609,"Prologis, Inc.",2020,0001564590-20-004096,false,false,true,42,1,Yesenia Garcia; Naomi Ichiriu,Yesenia Garcia=done; Naomi Ichiriu=done,Yesenia Garcia=2026-09-12T04:01:08.275760; Naomi Ichiriu=2026-09-22T14:37:35.984412,2,true,2026-09-30T19:14:16.015308,,0,0,0,0,0,0
3778,0001045609,"Prologis, Inc.",2021,0001564590-21-005312,false,false,true,49,1,Yesenia Garcia; Naomi Ichiriu,Yesenia Garcia=done; Naomi Ichiriu=done,Yesenia Garcia=2026-09-12T04:02:00.014720; Naomi Ichiriu=2026-09-22T14:37:33.701937,2,true,2026-09-30T19:14:13.182269,,0,0,0,0,0,0
3779,0001045609,"Prologis, Inc.",2022,0001564590-22-004436,false,false,true,50,1,Yesenia Garcia; Naomi Ichiriu,Yesenia Garcia=done; Naomi Ichiriu=done,Yesenia Garcia=2026-09-12T04:04:40.399517; Naomi Ichiriu=2026-09-22T14:37:58.943789,2,true,2026-09-30T19:14:10.968378,,0,0,0,0,0,0
3780,0001045609,"Prologis, Inc.",2023,0001564590-23-001902,false,false,true,51,1,Yesenia Garcia; Naomi Ichiriu,Yesenia Garcia=done; Naomi Ichiriu=done,Yesenia Garcia=2026-09-12T04:05:34.215168; Naomi Ichiriu=2026-09-22T14:38:21.705013,2,true,2026-09-30T19:14:08.041469,,0,0,0,0,0,0
3781,0001045609,"Prologis, Inc.",2024,0000950170-24-014539,false,false,true,146,24,Yesenia Garcia; Naomi Ichiriu,Yesenia Garcia=done; Naomi Ichiriu=done,Yesenia Garcia=2026-09-12T04:06:00.788218; Naomi Ichiriu=2026-09-22T14:38:18.328075,2,true,2026-09-30T19:14:05.523456,,0,0,0,0,0,0
3782,0001045609,"Prologis, Inc.",2025,0000950170-25-021272,false,false,true,309,24,Yesenia Garcia; Naomi Ichiriu,Yesenia Garcia=done; Naomi Ichiriu=done,Yesenia Garcia=2026-09-12T04:06:19.511738; Naomi Ichiriu=2026-09-22T14:38:16.631823,2,true,2026-09-30T19:14:03.130315,,0,0,0,0,0,0
3783,0001045609,"Prologis, Inc.",2026,0001193125-26-051453,false,false,false,672,78,Yesenia Garcia; Naomi Ichiriu,Yesenia Garcia=done; Naomi Ichiriu=done,Yesenia Garcia=2026-09-12T04:10:31.305377; Naomi Ichiriu=2026-09-26T23:07:00.216984,2,false,,,6,0,6,0,0,0
2763,0001393311,Public Storage,2015,0001393311-15-000005,false,false,false,75,1,Akshitha Venkataraman; Yesenia Garcia,Akshitha Venkataraman=done; Yesenia Garcia=done,Akshitha Venkataraman=2026-08-17T15:36:01.219541; Yesenia Garcia=2026-08-24T06:51:23.023884,2,true,2026-09-27T05:17:26.127900,,0,0,0,0,0,0
2764,0001393311,Public Storage,2016,0001393311-16-000036,false,false,false,84,1,Akshitha Venkataraman; Yesenia Garcia,Akshitha Venkataraman=done; Yesenia Garcia=done,Akshitha Venkataraman=2026-08-17T15:37:16.859141; Yesenia Garcia=2026-08-24T06:51:25.164817,2,true,2026-09-27T05:17:28.287063,,0,0,0,0,0,0
2765,0001393311,Public Storage,2017,0001393311-17-000008,false,false,false,84,1,Akshitha Venkataraman; Yesenia Garcia,Akshitha Venkataraman=done; Yesenia Garcia=done,Akshitha Venkataraman=2026-08-17T15:36:13.723670; Yesenia Garcia=2026-08-24T06:51:26.995295,2,true,2026-09-27T05:17:30.543171,,0,0,0,0,0,0
2766,0001393311,Public Storage,2018,0001393311-18-000004,false,false,false,90,1,Akshitha Venkataraman; Yesenia Garcia,Akshitha Venkataraman=done; Yesenia Garcia=done,Akshitha Venkataraman=2026-08-17T15:36:08.355906; Yesenia Garcia=2026-08-24T06:51:28.880136,2,true,2026-09-27T05:17:32.603507,,0,0,0,0,0,0
2767,0001393311,Public Storage,2019,0001393311-19-000004,false,false,false,75,1,Akshitha Venkataraman; Yesenia Garcia,Akshitha Venkataraman=done; Yesenia Garcia=done,Akshitha Venkataraman=2026-08-17T15:38:43.396304; Yesenia Garcia=2026-08-24T06:51:30.692124,2,true,2026-09-27T05:17:34.853240,,0,0,0,0,0,0
2768,0001393311,Public Storage,2020,0001393311-20-000008,false,false,false,45,1,Akshitha Venkataraman; Yesenia Garcia,Akshitha Venkataraman=done; Yesenia Garcia=done,Akshitha Venkataraman=2026-08-17T15:39:13.185861; Yesenia Garcia=2026-08-24T06:51:32.478261,2,true,2026-09-27T05:17:37.737746,,0,0,0,0,0,0
2769,0001393311,Public Storage,2021,0001562762-21-000058,false,false,false,43,1,Akshitha Venkataraman; Yesenia Garcia,Akshitha Venkataraman=done; Yesenia Garcia=done,Akshitha Venkataraman=2026-08-17T15:39:08.019963; Yesenia Garcia=2026-08-24T06:51:34.200051,2,true,2026-09-27T05:17:40.298363,,0,0,0,0,0,0
2770,0001393311,Public Storage,2022,0001393311-22-000010,false,false,false,44,1,Akshitha Venkataraman; Yesenia Garcia,Akshitha Venkataraman=done; Yesenia Garcia=done,Akshitha Venkataraman=2026-08-17T15:39:03.287698; Yesenia Garcia=2026-08-24T06:51:36.079982,2,true,2026-09-27T05:17:42.418053,,0,0,0,0,0,0
2771,0001393311,Public Storage,2023,0001393311-23-000012,false,false,false,107,19,Akshitha Venkataraman; Yesenia Garcia,Akshitha Venkataraman=done; Yesenia Garcia=done,Akshitha Venkataraman=2026-08-17T15:38:58.639980; Yesenia Garcia=2026-08-24T06:51:37.792114,2,true,2026-09-27T05:17:45.486958,,0,0,0,0,0,0
2772,0001393311,Public Storage,2024,0001393311-24-000043,false,false,false,206,52,Akshitha Venkataraman; Yesenia Garcia,Akshitha Venkataraman=done; Yesenia Garcia=done,Akshitha Venkataraman=2026-08-17T15:40:38.057524; Yesenia Garcia=2026-08-24T06:53:29.301198,2,false,,,2,0,2,0,0,2
2773,0001393311,Public Storage,2025,0001393311-25-000036,false,false,false,220,54,Akshitha Venkataraman; Yesenia Garcia,Akshitha Venkataraman=done; Yesenia Garcia=done,Akshitha Venkataraman=2026-08-17T15:43:38.775837; Yesenia Garcia=2026-08-24T07:50:23.087431,2,false,,,7,0,6,0,0,7
2774,0001393311,Public Storage,2026,0001628280-26-007696,false,false,false,213,55,Akshitha Venkataraman; Yesenia Garcia,Akshitha Venkataraman=done; Yesenia Garcia=done,Akshitha Venkataraman=2026-08-17T15:41:47.336985; Yesenia Garcia=2026-08-24T07:53:11.210810,2,false,,,8,0,7,0,0,8
2262,0002058873,"Qnity Electronics, Inc.",2026,0002058873-26-000010,false,false,true,747,105,Naomi Ichiriu; Akshitha Venkataraman,Naomi Ichiriu=done; Akshitha Venkataraman=done,Naomi Ichiriu=2026-08-10T03:44:14.309515; Akshitha Venkataraman=2026-08-02T17:43:06.370402,2,true,2026-08-10T03:45:00.528156,,3,2,0,1,0,1
4358,0001022079,QUEST DIAGNOSTICS INC,2015,0001022079-15-000034,false,false,false,144,3,Joseline Viveros; Alexa Bishop,Joseline Viveros=done; Alexa Bishop=done,Joseline Viveros=2026-09-27T04:24:51.283452; Alexa Bishop=2026-09-30T04:29:02.782237,2,false,,,0,0,0,0,0,0
4359,0001022079,QUEST DIAGNOSTICS INC,2016,0001022079-16-000195,false,false,false,151,3,Joseline Viveros; Alexa Bishop,Joseline Viveros=done; Alexa Bishop=done,Joseline Viveros=2026-09-27T04:26:14.499298; Alexa Bishop=2026-09-30T04:29:45.162525,2,false,,,0,0,0,0,0,0
4360,0001022079,QUEST DIAGNOSTICS INC,2017,0001022079-17-000032,false,false,false,576,6,Joseline Viveros; Alexa Bishop,Joseline Viveros=done; Alexa Bishop=done,Joseline Viveros=2026-09-27T04:26:56.859624; Alexa Bishop=2026-09-30T04:31:11.745516,2,false,,,0,0,0,0,0,0
4361,0001022079,QUEST DIAGNOSTICS INC,2018,0001022079-18-000038,false,false,false,673,7,Joseline Viveros; Alexa Bishop,Joseline Viveros=done; Alexa Bishop=done,Joseline Viveros=2026-09-27T04:27:43.673560; Alexa Bishop=2026-10-01T04:49:11.798701,2,false,,,0,0,0,0,0,0
4362,0001022079,QUEST DIAGNOSTICS INC,2019,0001022079-19-000030,false,false,false,523,7,Joseline Viveros; Alexa Bishop,Joseline Viveros=done; Alexa Bishop=done,Joseline Viveros=2026-09-27T04:28:49.061902; Alexa Bishop=2026-10-01T04:51:07.145394,2,false,,,0,0,0,0,0,0
4363,0001022079,QUEST DIAGNOSTICS INC,2020,0001022079-20-000017,false,false,false,700,9,Joseline Viveros; Alexa Bishop,Joseline Viveros=done; Alexa Bishop=done,Joseline Viveros=2026-09-27T04:34:14.891370; Alexa Bishop=2026-10-01T04:53:40.693829,2,false,,,1,1,0,0,0,0
4364,0001022079,QUEST DIAGNOSTICS INC,2021,0001022079-21-000029,false,false,false,848,9,Joseline Viveros; Alexa Bishop,Joseline Viveros=done; Alexa Bishop=done,Joseline Viveros=2026-09-27T04:36:06.904749; Alexa Bishop=2026-10-01T04:59:06.705495,2,false,,,1,1,0,0,0,0
4365,0001022079,QUEST DIAGNOSTICS INC,2022,0001022079-22-000027,false,false,false,688,10,Joseline Viveros; Alexa Bishop,Joseline Viveros=done; Alexa Bishop=done,Joseline Viveros=2026-09-27T04:41:41.617648; Alexa Bishop=2026-10-01T05:04:14.551104,2,false,,,2,1,1,0,0,0
4366,0001022079,QUEST DIAGNOSTICS INC,2023,0001022079-23-000018,false,false,false,853,12,Joseline Viveros; Alexa Bishop,Joseline Viveros=done; Alexa Bishop=done,Joseline Viveros=2026-09-27T04:49:09.829429; Alexa Bishop=2026-10-02T05:02:05.840464,2,false,,,4,1,3,0,0,0
4367,0001022079,QUEST DIAGNOSTICS INC,2024,0001022079-24-000041,false,false,false,1350,237,Joseline Viveros; Alexa Bishop,Joseline Viveros=done; Alexa Bishop=done,Joseline Viveros=2026-09-27T04:55:50.433280; Alexa Bishop=2026-10-02T05:22:11.830087,2,false,,,16,4,12,0,0,0
4368,0001022079,QUEST DIAGNOSTICS INC,2025,0001022079-25-000044,false,false,false,1423,279,Joseline Viveros; Alexa Bishop,Joseline Viveros=done; Alexa Bishop=done,Joseline Viveros=2026-09-27T05:05:53.701287; Alexa Bishop=2026-10-03T02:15:26.170720,2,false,,,27,5,17,0,0,0
4369,0001022079,QUEST DIAGNOSTICS INC,2026,0001022079-26-000015,false,false,false,1508,290,Joseline Viveros; Alexa Bishop,Joseline Viveros=done; Alexa Bishop=done,Joseline Viveros=2026-09-27T05:12:32.598478; Alexa Bishop=2026-10-03T02:28:36.463575,2,false,,,30,7,15,0,0,0
1934,0001037038,RALPH LAUREN CORP,2022,0001037038-22-000014,false,false,false,125,5,Akshitha Venkataraman; Yesenia Garcia,Akshitha Venkataraman=done; Yesenia Garcia=done,Akshitha Venkataraman=2026-07-27T07:40:50.250793; Yesenia Garcia=2026-07-18T05:55:39.259149,2,true,2026-07-27T16:42:18.329471,,0,0,0,0,0,0
1936,0001037038,RALPH LAUREN CORP,2023,0001037038-23-000015,false,false,false,211,20,Akshitha Venkataraman; Yesenia Garcia,Akshitha Venkataraman=done; Yesenia Garcia=done,Akshitha Venkataraman=2026-07-27T07:41:35.230810; Yesenia Garcia=2026-07-18T05:58:00.748513,2,true,2026-07-27T16:52:00.685189,,3,0,0,3,0,3
1937,0001037038,RALPH LAUREN CORP,2024,0001037038-24-000014,false,false,false,417,35,Akshitha Venkataraman; Yesenia Garcia,Akshitha Venkataraman=done; Yesenia Garcia=done,Akshitha Venkataraman=2026-07-27T09:45:07.643333; Yesenia Garcia=2026-07-18T05:59:58.581681,2,true,2026-07-27T16:53:10.163661,,4,0,0,4,0,4
1938,0001037038,RALPH LAUREN CORP,2025,0001037038-25-000011,false,false,false,369,35,Akshitha Venkataraman; Yesenia Garcia,Akshitha Venkataraman=done; Yesenia Garcia=done,Akshitha Venkataraman=2026-07-27T09:48:40.053306; Yesenia Garcia=2026-07-18T06:02:01.846233,2,true,2026-07-27T16:59:40.367164,,5,0,0,5,0,5
1939,0001037038,RALPH LAUREN CORP,2026,0001628280-26-037074,false,false,false,655,203,Akshitha Venkataraman; Yesenia Garcia,Akshitha Venkataraman=done; Yesenia Garcia=done,Akshitha Venkataraman=2026-07-27T09:55:49.154759; Yesenia Garcia=2026-07-18T06:15:06.579765,2,false,,,27,5,17,5,0,31
3098,0000872589,"REGENERON PHARMACEUTICALS, INC.",2015,0001532176-15-000008,false,false,true,289,3,Naomi Ichiriu; Amali Oakley,Naomi Ichiriu=done; Amali Oakley=done,Naomi Ichiriu=2026-08-19T20:28:52.301775; Amali Oakley=2026-09-26T21:50:24.135845,2,true,2026-09-26T21:50:31.117159,,0,0,0,0,0,0
3099,0000872589,"REGENERON PHARMACEUTICALS, INC.",2016,0001532176-16-000045,false,false,true,89,2,Naomi Ichiriu; Amali Oakley,Naomi Ichiriu=done; Amali Oakley=done,Naomi Ichiriu=2026-08-19T20:29:06.433974; Amali Oakley=2026-09-26T21:51:01.620301,2,true,2026-09-26T21:51:07.855955,,0,0,0,0,0,0
3101,0000872589,"REGENERON PHARMACEUTICALS, INC.",2018,0001532176-18-000013,false,false,true,71,3,Naomi Ichiriu; Amali Oakley,Naomi Ichiriu=done; Amali Oakley=done,Naomi Ichiriu=2026-08-19T20:29:04.746751; Amali Oakley=2026-09-26T21:51:59.964971,2,true,2026-09-26T21:52:06.477077,,0,0,0,0,0,0
3106,0000872589,"REGENERON PHARMACEUTICALS, INC.",2023,0001804220-23-000008,false,false,true,42,1,Naomi Ichiriu; Amali Oakley,Naomi Ichiriu=done; Amali Oakley=done,Naomi Ichiriu=2026-08-26T17:37:36.190371; Amali Oakley=2026-09-26T22:00:02.796830,2,true,2026-09-26T22:00:08.906159,,0,0,0,0,0,0
3107,0000872589,"REGENERON PHARMACEUTICALS, INC.",2024,0001804220-24-000009,false,false,true,411,147,Naomi Ichiriu; Amali Oakley,Naomi Ichiriu=done; Amali Oakley=done,Naomi Ichiriu=2026-08-26T17:39:18.406108; Amali Oakley=2026-09-26T22:39:19.821025,2,true,2026-10-01T15:54:18.566146,,5,2,0,3,0,4
3108,0000872589,"REGENERON PHARMACEUTICALS, INC.",2025,0001804220-25-000011,false,false,false,471,171,Naomi Ichiriu; Amali Oakley,Naomi Ichiriu=done; Amali Oakley=done,Naomi Ichiriu=2026-08-27T01:40:19.100833; Amali Oakley=2026-09-26T22:42:35.345231,2,false,,,6,0,5,1,0,1
3109,0000872589,"REGENERON PHARMACEUTICALS, INC.",2026,0000872589-26-000008,false,false,false,461,160,Naomi Ichiriu; Amali Oakley,Naomi Ichiriu=done; Amali Oakley=done,Naomi Ichiriu=2026-08-27T01:42:10.567857; Amali Oakley=2026-09-26T22:46:20.008283,2,false,,,6,4,2,0,0,0
3563,0001281761,REGIONS FINANCIAL CORP,2019,0001281761-19-000019,false,false,false,185,10,Naomi Ichiriu,Naomi Ichiriu=done,Naomi Ichiriu=2026-09-02T17:16:38.358200,2,false,,,0,0,0,0,0,0
3746,0001281761,REGIONS FINANCIAL CORP,2020,0001281761-20-000010,false,false,false,191,10,Naomi Ichiriu,Naomi Ichiriu=done,Naomi Ichiriu=2026-09-11T17:11:07.772959,2,false,,,0,0,0,0,0,0
3747,0001281761,REGIONS FINANCIAL CORP,2021,0001281761-21-000012,false,false,false,198,13,Naomi Ichiriu,Naomi Ichiriu=done,Naomi Ichiriu=2026-09-11T17:13:07.967656,2,false,,,0,0,0,0,0,0
3748,0001281761,REGIONS FINANCIAL CORP,2022,0001281761-22-000016,false,false,false,267,15,Naomi Ichiriu,Naomi Ichiriu=done,Naomi Ichiriu=2026-09-11T17:12:38.426180,2,false,,,0,0,0,0,0,0
3749,0001281761,REGIONS FINANCIAL CORP,2023,0001281761-23-000012,false,false,false,855,35,Naomi Ichiriu,Naomi Ichiriu=done,Naomi Ichiriu=2026-09-14T15:04:46.111862,2,false,,,0,0,0,0,0,0
3750,0001281761,REGIONS FINANCIAL CORP,2024,0001281761-24-000010,false,false,false,2481,66,Naomi Ichiriu,Naomi Ichiriu=done,Naomi Ichiriu=2026-09-14T17:21:45.939354,2,false,,,1,1,0,0,0,0
3751,0001281761,REGIONS FINANCIAL CORP,2025,0001281761-25-000010,false,false,false,1444,258,Naomi Ichiriu,Naomi Ichiriu=done,Naomi Ichiriu=2026-09-14T17:23:02.077953,2,false,,,2,2,0,0,0,0
3752,0001281761,REGIONS FINANCIAL CORP,2026,0001281761-26-000019,false,false,false,1270,241,Naomi Ichiriu,Naomi Ichiriu=done,Naomi Ichiriu=2026-09-14T17:20:08.926000,2,false,,,20,19,0,0,0,0
1344,0001060391,"REPUBLIC SERVICES, INC.",2024,0001060391-24-000142,false,false,false,96,27,Yesenia Garcia; Akshitha Venkataraman,Yesenia Garcia=done; Akshitha Venkataraman=done,Yesenia Garcia=2026-07-10T20:32:22.301775; Akshitha Venkataraman=2026-07-14T18:20:27.760040,2,true,2026-09-13T02:33:10.830086,,0,0,0,0,0,0
1346,0001060391,"REPUBLIC SERVICES, INC.",2025,0001060391-25-000091,false,false,false,95,27,Yesenia Garcia; Akshitha Venkataraman,Yesenia Garcia=done; Akshitha Venkataraman=done,Yesenia Garcia=2026-07-10T20:32:59.006626; Akshitha Venkataraman=2026-07-14T18:21:14.708698,2,true,2026-09-13T02:33:13.161311,,0,0,0,0,0,0
1347,0001060391,"REPUBLIC SERVICES, INC.",2026,0001060391-26-000094,false,false,false,156,48,Yesenia Garcia; Akshitha Venkataraman,Yesenia Garcia=done; Akshitha Venkataraman=done,Yesenia Garcia=2026-07-10T20:41:04.592952; Akshitha Venkataraman=2026-07-14T18:47:36.908451,2,false,,,6,1,4,1,0,6
2253,0000943819,RESMED INC,2019,0000943819-19-000017,false,false,true,,,Naomi Ichiriu; Yesenia Garcia,Naomi Ichiriu=done; Yesenia Garcia=done,Naomi Ichiriu=2026-07-22T21:14:09.418708; Yesenia Garcia=2026-08-10T06:00:51.828783,2,true,2026-08-10T07:29:51.493987,,0,0,0,0,0,0
2256,0000943819,RESMED INC,2020,0000943819-20-000013,false,false,true,,,Yesenia Garcia; Naomi Ichiriu,Yesenia Garcia=done; Naomi Ichiriu=done,Yesenia Garcia=2026-08-10T06:01:00.654066; Naomi Ichiriu=2026-07-22T21:14:22.837971,2,true,2026-08-10T07:29:56.263804,,0,0,0,0,0,0
2257,0000943819,RESMED INC,2021,0000943819-21-000017,false,false,true,,,Naomi Ichiriu; Yesenia Garcia,Naomi Ichiriu=done; Yesenia Garcia=done,Naomi Ichiriu=2026-07-22T21:14:39.438147; Yesenia Garcia=2026-08-10T06:01:06.155323,2,true,2026-08-10T07:30:01.123607,,0,0,0,0,0,0
2258,0000943819,RESMED INC,2022,0000943819-22-000010,false,false,true,1056,274,Yesenia Garcia; Naomi Ichiriu,Yesenia Garcia=done; Naomi Ichiriu=done,Yesenia Garcia=2026-08-10T06:04:32.032709; Naomi Ichiriu=2026-07-22T21:43:36.535222,2,true,2026-08-15T13:54:10.204074,,4,0,0,4,0,6
2259,0000943819,RESMED INC,2023,0000943819-23-000011,false,false,true,1036,261,Naomi Ichiriu; Yesenia Garcia,Naomi Ichiriu=done; Yesenia Garcia=done,Naomi Ichiriu=2026-07-22T22:16:17.749144; Yesenia Garcia=2026-08-10T06:19:12.115577,2,true,2026-08-15T13:54:48.861688,,7,2,0,5,0,6
2260,0000943819,RESMED INC,2024,0000943819-24-000013,false,false,true,1329,348,Yesenia Garcia; Naomi Ichiriu,Yesenia Garcia=done; Naomi Ichiriu=done,Yesenia Garcia=2026-08-10T06:53:12.784555; Naomi Ichiriu=2026-07-22T22:16:11.764966,2,true,2026-08-15T13:55:08.426449,,9,2,0,7,0,7
2261,0000943819,RESMED INC,2025,0000943819-25-000035,false,false,false,1444,415,Naomi Ichiriu; Yesenia Garcia,Naomi Ichiriu=done; Yesenia Garcia=done,Naomi Ichiriu=2026-07-22T22:24:51.416532; Yesenia Garcia=2026-08-10T07:02:29.529291,2,false,,,29,3,1,15,1,34
460,0000031791,"REVVITY, INC.",2015,0000031791-15-000003,false,false,true,289,2,Naomi Ichiriu; Yesenia Garcia,Naomi Ichiriu=done; Yesenia Garcia=done,Naomi Ichiriu=2026-08-28T17:24:02.584540; Yesenia Garcia=2026-09-12T07:54:36.709563,2,true,2026-09-13T18:56:07.646272,,0,0,0,0,0,0
461,0000031791,"REVVITY, INC.",2016,0000031791-16-000014,false,false,true,374,1,Naomi Ichiriu; Yesenia Garcia,Naomi Ichiriu=done; Yesenia Garcia=done,Naomi Ichiriu=2026-08-28T17:25:40.919234; Yesenia Garcia=2026-09-12T07:54:38.260793,2,true,2026-09-13T18:56:04.723407,,0,0,0,0,0,0
462,0000031791,"REVVITY, INC.",2017,0000031791-17-000003,false,false,true,362,1,Naomi Ichiriu; Yesenia Garcia,Naomi Ichiriu=done; Yesenia Garcia=done,Naomi Ichiriu=2026-08-28T17:25:45.622190; Yesenia Garcia=2026-09-12T07:54:40.066838,2,true,2026-09-13T18:56:01.985341,,0,0,0,0,0,0
466,0000031791,"REVVITY, INC.",2021,0000031791-21-000003,false,false,true,53,1,Naomi Ichiriu; Yesenia Garcia,Naomi Ichiriu=done; Yesenia Garcia=done,Naomi Ichiriu=2026-08-28T17:25:52.622527; Yesenia Garcia=2026-09-12T07:54:41.685923,2,true,2026-09-13T18:55:59.785524,,0,0,0,0,0,0
467,0000031791,"REVVITY, INC.",2022,0000031791-22-000003,false,false,true,58,1,Naomi Ichiriu; Yesenia Garcia,Naomi Ichiriu=done; Yesenia Garcia=done,Naomi Ichiriu=2026-08-28T17:26:00.183183; Yesenia Garcia=2026-09-12T07:54:43.283490,2,true,2026-09-13T18:55:49.811755,,0,0,0,0,0,0
468,0000031791,"REVVITY, INC.",2023,0000031791-23-000004,false,false,true,199,2,Naomi Ichiriu; Yesenia Garcia,Naomi Ichiriu=done; Yesenia Garcia=done,Naomi Ichiriu=2026-08-28T17:26:49.121206; Yesenia Garcia=2026-09-12T07:54:44.728711,2,true,2026-09-13T18:55:47.191161,,0,0,0,0,0,0
469,0000031791,"REVVITY, INC.",2024,0000031791-24-000004,false,false,true,39,9,Naomi Ichiriu; Yesenia Garcia,Naomi Ichiriu=done; Yesenia Garcia=done,Naomi Ichiriu=2026-08-28T17:26:43.325344; Yesenia Garcia=2026-09-12T07:54:46.253603,2,true,2026-09-13T18:55:42.987103,,0,0,0,0,0,0
470,0000031791,"REVVITY, INC.",2025,0000031791-25-000009,false,false,true,497,14,Naomi Ichiriu; Yesenia Garcia,Naomi Ichiriu=done; Yesenia Garcia=done,Naomi Ichiriu=2026-08-28T17:26:31.154921; Yesenia Garcia=2026-09-12T07:54:48.081720,2,true,2026-09-13T18:55:40.158027,,0,0,0,0,0,0
471,0000031791,"REVVITY, INC.",2026,0000031791-26-000012,false,false,true,882,27,Naomi Ichiriu; Yesenia Garcia,Naomi Ichiriu=done; Yesenia Garcia=done,Naomi Ichiriu=2026-08-28T17:28:04.506823; Yesenia Garcia=2026-09-12T07:57:28.875162,2,true,2026-10-01T15:50:03.350158,,7,1,0,6,0,7
2428,0001024478,"ROCKWELL AUTOMATION, INC",2019,0001024478-19-000044,false,false,false,454,2,Akshitha Venkataraman; Yesenia Garcia,Akshitha Venkataraman=done; Yesenia Garcia=done,Akshitha Venkataraman=2026-08-01T18:51:33.130152; Yesenia Garcia=2026-08-03T07:26:09.529906,2,true,2026-09-21T01:31:00.044908,,0,0,0,0,0,0
2429,0001024478,"ROCKWELL AUTOMATION, INC",2020,0001024478-20-000038,false,false,false,3371,6,Yesenia Garcia; Akshitha Venkataraman,Yesenia Garcia=done; Akshitha Venkataraman=done,Yesenia Garcia=2026-08-03T07:26:39.975287; Akshitha Venkataraman=2026-08-01T18:52:41.035300,2,true,2026-09-21T01:31:05.174476,,0,0,0,0,0,0
2430,0001024478,"ROCKWELL AUTOMATION, INC",2021,0001024478-21-000083,false,false,false,2453,10,Akshitha Venkataraman; Yesenia Garcia,Akshitha Venkataraman=done; Yesenia Garcia=done,Akshitha Venkataraman=2026-08-01T18:54:14.253768; Yesenia Garcia=2026-08-03T07:27:17.226620,2,true,2026-09-21T01:31:08.252976,,0,0,0,0,0,0
2431,0001024478,"ROCKWELL AUTOMATION, INC",2022,0001024478-22-000093,false,false,false,2446,13,Yesenia Garcia; Akshitha Venkataraman,Yesenia Garcia=done; Akshitha Venkataraman=done,Yesenia Garcia=2026-08-03T07:28:04.570168; Akshitha Venkataraman=2026-08-01T19:10:22.769424,2,true,2026-09-21T01:31:12.033490,,0,0,0,0,0,0
2432,0001024478,"ROCKWELL AUTOMATION, INC",2023,0001024478-23-000126,false,false,false,2283,12,Yesenia Garcia; Akshitha Venkataraman,Yesenia Garcia=done; Akshitha Venkataraman=done,Yesenia Garcia=2026-08-03T07:28:45.700295; Akshitha Venkataraman=2026-08-01T19:18:24.965934,2,true,2026-09-21T01:31:15.358022,,0,0,0,0,0,0
2433,0001024478,"ROCKWELL AUTOMATION, INC",2024,0001024478-24-000107,false,false,false,2407,41,Akshitha Venkataraman; Yesenia Garcia,Akshitha Venkataraman=done; Yesenia Garcia=done,Akshitha Venkataraman=2026-08-01T19:21:57.646100; Yesenia Garcia=2026-08-03T07:29:59.772706,2,false,,,2,0,2,0,0,2
2434,0001024478,"ROCKWELL AUTOMATION, INC",2025,0001024478-25-000116,false,false,false,2343,130,Yesenia Garcia; Akshitha Venkataraman,Yesenia Garcia=done; Akshitha Venkataraman=done,Yesenia Garcia=2026-08-03T07:35:17.292104; Akshitha Venkataraman=2026-08-01T19:35:44.120754,2,false,,,8,1,6,1,0,9
3142,0000882835,ROPER TECHNOLOGIES INC,2016,0000882835-16-000035,false,false,false,19,1,Naomi Ichiriu,Naomi Ichiriu=done,Naomi Ichiriu=2026-08-20T02:59:30.108605,2,false,,,0,0,0,0,0,0
3143,0000882835,ROPER TECHNOLOGIES INC,2017,0000882835-17-000006,false,false,false,105,2,Naomi Ichiriu,Naomi Ichiriu=done,Naomi Ichiriu=2026-08-20T02:59:39.708963,2,false,,,0,0,0,0,0,0
3144,0000882835,ROPER TECHNOLOGIES INC,2018,0000882835-18-000011,false,false,false,196,2,Naomi Ichiriu,Naomi Ichiriu=done,Naomi Ichiriu=2026-08-20T03:00:06.768502,2,false,,,0,0,0,0,0,0
3145,0000882835,ROPER TECHNOLOGIES INC,2019,0000882835-19-000010,false,false,false,448,2,Naomi Ichiriu,Naomi Ichiriu=done,Naomi Ichiriu=2026-08-20T03:00:18.587451,2,false,,,0,0,0,0,0,0
3148,0000882835,ROPER TECHNOLOGIES INC,2020,0000882835-20-000006,false,false,false,116,2,Naomi Ichiriu,Naomi Ichiriu=done,Naomi Ichiriu=2026-08-20T03:01:17.276911,2,false,,,0,0,0,0,0,0
3146,0000882835,ROPER TECHNOLOGIES INC,2021,0000882835-21-000011,false,false,false,191,7,Naomi Ichiriu,Naomi Ichiriu=done,Naomi Ichiriu=2026-08-20T03:00:44.639346,2,false,,,0,0,0,0,0,0
3147,0000882835,ROPER TECHNOLOGIES INC,2022,0000882835-22-000012,false,false,false,192,7,Naomi Ichiriu,Naomi Ichiriu=done,Naomi Ichiriu=2026-08-20T03:00:59.686433,2,false,,,0,0,0,0,0,0
3149,0000882835,ROPER TECHNOLOGIES INC,2023,0000882835-23-000016,false,false,false,194,8,Naomi Ichiriu,Naomi Ichiriu=done,Naomi Ichiriu=2026-08-20T03:01:34.980143,2,false,,,0,0,0,0,0,0
3150,0000882835,ROPER TECHNOLOGIES INC,2024,0000882835-24-000008,false,false,false,288,79,Naomi Ichiriu,Naomi Ichiriu=done,Naomi Ichiriu=2026-08-20T11:37:38.582736,2,false,,,8,8,0,0,0,0
3236,0000882835,ROPER TECHNOLOGIES INC,2025,0000882835-25-000008,false,false,false,327,102,Naomi Ichiriu,Naomi Ichiriu=done,Naomi Ichiriu=2026-08-26T17:37:01.697142,2,false,,,8,7,0,0,0,0
3237,0000882835,ROPER TECHNOLOGIES INC,2026,0000882835-26-000009,false,false,false,640,180,Naomi Ichiriu,Naomi Ichiriu=done,Naomi Ichiriu=2026-08-26T18:28:48.691806,2,false,,,23,20,0,0,0,0
3896,0000745732,"ROSS STORES, INC.",2015,0000745732-15-000009,false,false,false,193,1,Yesenia Garcia; Naomi Ichiriu,Yesenia Garcia=done; Naomi Ichiriu=done,Yesenia Garcia=2026-09-12T23:04:04.160713; Naomi Ichiriu=2026-09-22T14:37:07.728378,2,false,,,0,0,0,0,0,0
3904,0000745732,"ROSS STORES, INC.",2021,0000745732-21-000017,false,false,true,48,1,Yesenia Garcia; Naomi Ichiriu,Yesenia Garcia=done; Naomi Ichiriu=done,Yesenia Garcia=2026-09-12T23:05:18.227555; Naomi Ichiriu=2026-09-22T14:37:14.477958,2,true,2026-09-30T19:13:56.960753,,0,0,0,0,0,0
3905,0000745732,"ROSS STORES, INC.",2022,0000745732-22-000014,false,false,true,48,1,Yesenia Garcia; Naomi Ichiriu,Yesenia Garcia=done; Naomi Ichiriu=done,Yesenia Garcia=2026-09-12T23:05:35.967764; Naomi Ichiriu=2026-09-22T14:37:16.992571,2,true,2026-09-30T19:13:59.027582,,0,0,0,0,0,0
3906,0000745732,"ROSS STORES, INC.",2023,0000745732-23-000013,false,false,true,33,1,Yesenia Garcia; Naomi Ichiriu,Yesenia Garcia=done; Naomi Ichiriu=done,Yesenia Garcia=2026-09-12T23:05:57.022167; Naomi Ichiriu=2026-09-22T14:37:24.143549,2,true,2026-09-30T19:14:00.995351,,0,0,0,0,0,0
3907,0000745732,"ROSS STORES, INC.",2024,0000745732-24-000009,false,false,true,112,23,Yesenia Garcia; Naomi Ichiriu,Yesenia Garcia=done; Naomi Ichiriu=done,Yesenia Garcia=2026-09-12T23:06:31.944120; Naomi Ichiriu=2026-09-26T23:04:25.337804,2,true,2026-10-01T15:45:54.823473,,1,0,0,1,0,1
3908,0000745732,"ROSS STORES, INC.",2025,0000745732-25-000010,false,false,true,111,36,Yesenia Garcia; Naomi Ichiriu,Yesenia Garcia=done; Naomi Ichiriu=done,Yesenia Garcia=2026-09-12T23:07:06.874662; Naomi Ichiriu=2026-09-26T23:04:38.035814,2,true,2026-10-01T15:46:09.386499,,1,0,0,1,0,1
3909,0000745732,"ROSS STORES, INC.",2026,0000745732-26-000006,false,false,true,181,24,Yesenia Garcia; Naomi Ichiriu,Yesenia Garcia=done; Naomi Ichiriu=done,Yesenia Garcia=2026-09-12T23:11:36.951808; Naomi Ichiriu=2026-09-26T23:05:15.275050,2,true,2026-10-01T15:47:02.259481,,2,1,0,1,0,1
4036,0001108524,"Salesforce, Inc.",2020,0001108524-20-000014,false,false,false,1846,294,Naomi Ichiriu,Naomi Ichiriu=done,Naomi Ichiriu=2026-09-21T04:42:07.540880,2,false,,,7,6,0,0,0,0
4037,0001108524,"Salesforce, Inc.",2022,0001108524-22-000008,false,false,false,2031,360,Naomi Ichiriu,Naomi Ichiriu=done,Naomi Ichiriu=2026-09-21T12:49:03.506339,2,false,,,8,6,0,0,0,0
4035,0001108524,"Salesforce, Inc.",2023,0001108524-23-000011,false,false,false,1929,249,Naomi Ichiriu,Naomi Ichiriu=done,Naomi Ichiriu=2026-09-21T17:42:49.558002,2,false,,,14,12,0,0,0,0
4034,0001108524,"Salesforce, Inc.",2024,0001108524-24-000005,false,false,false,2152,387,Naomi Ichiriu,Naomi Ichiriu=done,Naomi Ichiriu=2026-09-21T18:16:48.563662,2,false,,,26,24,0,0,0,0
4033,0001108524,"Salesforce, Inc.",2025,0001108524-25-000006,false,false,false,2171,427,Naomi Ichiriu,Naomi Ichiriu=in_progress,Naomi Ichiriu=,2,false,,,0,0,0,0,0,0
4032,0001108524,"Salesforce, Inc.",2026,0001108524-26-000060,false,false,false,3496,624,Naomi Ichiriu,Naomi Ichiriu=in_progress,Naomi Ichiriu=,2,false,,,0,0,0,0,0,0
3550,0000316709,SCHWAB CHARLES CORP,2015,0000316709-15-000014,false,false,true,62,1,Naomi Ichiriu; Yesenia Garcia,Naomi Ichiriu=done; Yesenia Garcia=done,Naomi Ichiriu=2026-08-31T13:20:51.976295; Yesenia Garcia=2026-09-12T22:57:23.180606,2,true,2026-09-13T18:22:57.790736,,0,0,0,0,0,0
3551,0000316709,SCHWAB CHARLES CORP,2016,0000316709-16-000067,false,false,true,74,1,Naomi Ichiriu; Yesenia Garcia,Naomi Ichiriu=done; Yesenia Garcia=done,Naomi Ichiriu=2026-08-31T13:20:54.580961; Yesenia Garcia=2026-09-12T22:57:24.755874,2,true,2026-09-13T18:22:53.159719,,0,0,0,0,0,0
3552,0000316709,SCHWAB CHARLES CORP,2017,0000316709-17-000010,false,false,true,78,1,Naomi Ichiriu; Yesenia Garcia,Naomi Ichiriu=done; Yesenia Garcia=done,Naomi Ichiriu=2026-08-31T13:20:56.043232; Yesenia Garcia=2026-09-12T22:57:26.557031,2,true,2026-09-13T18:22:49.235499,,0,0,0,0,0,0
3553,0000316709,SCHWAB CHARLES CORP,2018,0000316709-18-000009,false,false,true,38,1,Naomi Ichiriu; Yesenia Garcia,Naomi Ichiriu=done; Yesenia Garcia=done,Naomi Ichiriu=2026-08-31T13:20:58.599588; Yesenia Garcia=2026-09-12T22:57:28.664242,2,true,2026-09-13T18:22:41.739030,,0,0,0,0,0,0
3554,0000316709,SCHWAB CHARLES CORP,2019,0000316709-19-000008,false,false,true,39,1,Naomi Ichiriu; Yesenia Garcia,Naomi Ichiriu=done; Yesenia Garcia=done,Naomi Ichiriu=2026-08-31T13:21:00.966770; Yesenia Garcia=2026-09-12T22:57:30.427299,2,true,2026-09-13T18:22:36.203858,,0,0,0,0,0,0
3555,0000316709,SCHWAB CHARLES CORP,2020,0000316709-20-000012,false,false,true,92,2,Naomi Ichiriu; Yesenia Garcia,Naomi Ichiriu=done; Yesenia Garcia=done,Naomi Ichiriu=2026-08-31T13:21:06.626075; Yesenia Garcia=2026-09-12T22:57:32.348578,2,true,2026-09-13T18:22:32.456085,,0,0,0,0,0,0
3556,0000316709,SCHWAB CHARLES CORP,2021,0000316709-21-000012,false,false,true,95,2,Naomi Ichiriu; Yesenia Garcia,Naomi Ichiriu=done; Yesenia Garcia=done,Naomi Ichiriu=2026-08-31T13:21:27.267381; Yesenia Garcia=2026-09-12T22:57:33.917654,2,true,2026-09-13T18:22:27.273275,,0,0,0,0,0,0
3557,0000316709,SCHWAB CHARLES CORP,2022,0000316709-22-000009,false,false,true,100,2,Naomi Ichiriu; Yesenia Garcia,Naomi Ichiriu=done; Yesenia Garcia=done,Naomi Ichiriu=2026-08-31T13:21:30.495778; Yesenia Garcia=2026-09-12T22:57:35.536105,2,true,2026-09-13T18:22:01.104552,,0,0,0,0,0,0
3558,0000316709,SCHWAB CHARLES CORP,2023,0000316709-23-000009,false,false,true,49,1,Naomi Ichiriu; Yesenia Garcia,Naomi Ichiriu=done; Yesenia Garcia=done,Naomi Ichiriu=2026-08-31T13:21:29.159711; Yesenia Garcia=2026-09-12T22:57:37.431061,2,true,2026-09-13T18:21:58.673634,,0,0,0,0,0,0
3559,0000316709,SCHWAB CHARLES CORP,2024,0000316709-24-000018,false,false,true,259,19,Naomi Ichiriu; Yesenia Garcia,Naomi Ichiriu=done; Yesenia Garcia=done,Naomi Ichiriu=2026-09-09T05:22:14.459465; Yesenia Garcia=2026-09-12T23:01:44.207570,2,true,2026-09-13T18:21:56.281223,,1,1,0,0,0,0
3560,0000316709,SCHWAB CHARLES CORP,2025,0000316709-25-000010,false,false,false,212,20,Naomi Ichiriu; Yesenia Garcia,Naomi Ichiriu=done; Yesenia Garcia=done,Naomi Ichiriu=2026-09-09T05:24:33.171551; Yesenia Garcia=2026-09-12T22:59:49.842114,2,false,,,2,1,1,0,0,1
3561,0000316709,SCHWAB CHARLES CORP,2026,0000316709-26-000009,false,false,false,1917,25,Naomi Ichiriu; Yesenia Garcia,Naomi Ichiriu=done; Yesenia Garcia=done,Naomi Ichiriu=2026-09-09T05:27:35.891587; Yesenia Garcia=2026-09-12T23:01:15.853181,2,false,,,4,1,0,3,0,3
3323,0001137789,Seagate Technology Holdings plc,2015,0001047469-15-006787,false,false,false,1366,16,Naomi Ichiriu,Naomi Ichiriu=done,Naomi Ichiriu=2026-08-28T17:48:59.855731,2,false,,,0,0,0,0,0,0
3324,0001137789,Seagate Technology Holdings plc,2016,0001047469-16-014732,false,false,false,1377,17,Naomi Ichiriu,Naomi Ichiriu=done,Naomi Ichiriu=2026-08-28T17:49:03.411456,2,false,,,0,0,0,0,0,0
3325,0001137789,Seagate Technology Holdings plc,2017,0001193125-17-248796,false,false,false,804,19,Naomi Ichiriu,Naomi Ichiriu=done,Naomi Ichiriu=2026-08-28T17:49:09.413643,2,false,,,0,0,0,0,0,0
3326,0001137789,Seagate Technology Holdings plc,2018,0001193125-18-238271,false,false,false,844,21,Naomi Ichiriu,Naomi Ichiriu=done,Naomi Ichiriu=2026-08-28T17:49:17.469805,2,false,,,0,0,0,0,0,0
3327,0001137789,Seagate Technology Holdings plc,2019,0001193125-19-212028,false,false,false,352,44,Naomi Ichiriu,Naomi Ichiriu=done,Naomi Ichiriu=2026-09-08T06:58:38.100940,2,false,,,0,0,0,0,0,0
3328,0001137789,Seagate Technology Holdings plc,2020,0001137789-20-000057,false,false,false,327,38,Naomi Ichiriu,Naomi Ichiriu=done,Naomi Ichiriu=2026-09-08T06:59:14.266701,2,false,,,0,0,0,0,0,0
3329,0001137789,Seagate Technology Holdings plc,2021,0001137789-21-000049,false,false,false,330,42,Naomi Ichiriu,Naomi Ichiriu=done,Naomi Ichiriu=2026-09-08T06:59:52.926612,2,false,,,0,0,0,0,0,0
3330,0001137789,Seagate Technology Holdings plc,2022,0001137789-22-000055,false,false,false,426,43,Naomi Ichiriu,Naomi Ichiriu=done,Naomi Ichiriu=2026-09-08T07:00:37.447064,2,false,,,1,1,0,0,0,0
3331,0001137789,Seagate Technology Holdings plc,2023,0001137789-23-000049,false,false,false,469,46,Naomi Ichiriu,Naomi Ichiriu=done,Naomi Ichiriu=2026-09-08T13:57:05.273630,2,false,,,1,1,0,0,0,0
3332,0001137789,Seagate Technology Holdings plc,2024,0001137789-24-000068,false,false,false,707,138,Naomi Ichiriu,Naomi Ichiriu=done,Naomi Ichiriu=2026-09-08T13:56:36.660553,2,false,,,3,3,0,0,0,0
3333,0001137789,Seagate Technology Holdings plc,2025,0001137789-25-000157,false,false,false,686,123,Naomi Ichiriu,Naomi Ichiriu=done,Naomi Ichiriu=2026-09-09T14:43:15.671305,2,false,,,5,4,0,0,0,0
2647,0001032208,SEMPRA,2015,0000086521-15-000011,false,false,true,127,4,Naomi Ichiriu; Yesenia Garcia,Naomi Ichiriu=done; Yesenia Garcia=done,Naomi Ichiriu=2026-08-13T08:12:33.698563; Yesenia Garcia=2026-08-30T21:18:15.784747,2,true,2026-08-31T06:28:58.067066,,0,0,0,0,0,0
2648,0001032208,SEMPRA,2016,0000086521-16-000091,false,false,true,130,4,Naomi Ichiriu; Yesenia Garcia,Naomi Ichiriu=done; Yesenia Garcia=done,Naomi Ichiriu=2026-08-13T08:13:01.022724; Yesenia Garcia=2026-08-30T21:18:18.442737,2,true,2026-08-31T06:29:07.833829,,0,0,0,0,0,0
2649,0001032208,SEMPRA,2017,0000086521-17-000017,false,false,true,98,3,Naomi Ichiriu; Yesenia Garcia,Naomi Ichiriu=done; Yesenia Garcia=done,Naomi Ichiriu=2026-08-13T08:12:55.193745; Yesenia Garcia=2026-08-30T21:18:58.275539,2,true,2026-08-31T06:28:56.460522,,0,0,0,0,0,0
2676,0001032208,SEMPRA,2018,0000086521-18-000019,false,false,true,427,5,Naomi Ichiriu; Yesenia Garcia,Naomi Ichiriu=done; Yesenia Garcia=done,Naomi Ichiriu=2026-08-13T12:20:54.002157; Yesenia Garcia=2026-08-30T21:19:01.752925,2,true,2026-08-31T06:28:49.992379,,0,0,0,0,0,0
2650,0001032208,SEMPRA,2019,0000086521-19-000014,false,false,true,411,5,Naomi Ichiriu; Yesenia Garcia,Naomi Ichiriu=done; Yesenia Garcia=done,Naomi Ichiriu=2026-08-13T08:13:11.207352; Yesenia Garcia=2026-08-30T21:19:04.587657,2,true,2026-08-31T06:28:46.814618,,0,0,0,0,0,0
2651,0001032208,SEMPRA,2020,0001032208-20-000006,false,false,true,132,3,Naomi Ichiriu; Yesenia Garcia,Naomi Ichiriu=done; Yesenia Garcia=done,Naomi Ichiriu=2026-08-13T08:13:37.918612; Yesenia Garcia=2026-08-30T21:19:07.315347,2,true,2026-08-31T06:28:45.278165,,0,0,0,0,0,0
2652,0001032208,SEMPRA,2021,0001032208-21-000007,false,false,true,146,2,Naomi Ichiriu; Yesenia Garcia,Naomi Ichiriu=done; Yesenia Garcia=done,Naomi Ichiriu=2026-08-13T08:13:41.856293; Yesenia Garcia=2026-08-30T21:19:09.286343,2,true,2026-08-31T06:28:43.621917,,0,0,0,0,0,0
2653,0001032208,SEMPRA,2022,0001032208-22-000007,false,false,true,156,3,Naomi Ichiriu; Yesenia Garcia,Naomi Ichiriu=done; Yesenia Garcia=done,Naomi Ichiriu=2026-08-13T08:13:46.260865; Yesenia Garcia=2026-08-30T21:19:11.342671,2,true,2026-08-31T06:28:41.954410,,0,0,0,0,0,0
2654,0001032208,SEMPRA,2023,0001032208-23-000008,false,false,true,180,3,Naomi Ichiriu; Yesenia Garcia,Naomi Ichiriu=done; Yesenia Garcia=done,Naomi Ichiriu=2026-08-13T08:14:09.414213; Yesenia Garcia=2026-08-30T21:19:14.153438,2,true,2026-08-31T06:28:38.918926,,0,0,0,0,0,0
2675,0001032208,SEMPRA,2024,0001032208-24-000007,false,false,true,236,29,Naomi Ichiriu; Yesenia Garcia,Naomi Ichiriu=done; Yesenia Garcia=done,Naomi Ichiriu=2026-08-13T12:25:06.703429; Yesenia Garcia=2026-08-30T21:19:15.322320,2,true,2026-08-31T06:28:35.839793,,0,0,0,0,0,0
2677,0001032208,SEMPRA,2025,0001032208-25-000012,false,false,false,269,32,Naomi Ichiriu; Yesenia Garcia,Naomi Ichiriu=done; Yesenia Garcia=done,Naomi Ichiriu=2026-08-13T12:29:38.315196; Yesenia Garcia=2026-08-30T21:20:20.592334,2,true,2026-10-01T15:42:06.113731,,2,1,0,1,0,2
2678,0001032208,SEMPRA,2026,0001032208-26-000010,false,false,false,478,47,Naomi Ichiriu; Yesenia Garcia,Naomi Ichiriu=done; Yesenia Garcia=done,Naomi Ichiriu=2026-08-13T12:29:06.164413; Yesenia Garcia=2026-08-30T21:23:32.269797,2,true,2026-10-01T15:44:42.542076,,14,2,0,11,3,21
1804,0001373715,"ServiceNow, Inc.",2015,0001373715-15-000067,false,false,true,4516,29,Naomi Ichiriu; Yesenia Garcia,Naomi Ichiriu=done; Yesenia Garcia=done,Naomi Ichiriu=2026-07-14T14:38:23.233297; Yesenia Garcia=2026-07-18T04:39:49.201877,2,true,2026-07-18T06:39:16.083670,,0,0,0,0,0,0
1805,0001373715,"ServiceNow, Inc.",2016,0001373715-16-000324,false,false,true,4343,28,Naomi Ichiriu; Yesenia Garcia,Naomi Ichiriu=done; Yesenia Garcia=done,Naomi Ichiriu=2026-07-14T14:51:54.136122; Yesenia Garcia=2026-07-18T04:40:35.357281,2,true,2026-07-18T06:39:21.887421,,0,0,0,0,0,0
1806,0001373715,"ServiceNow, Inc.",2017,0001373715-17-000026,false,false,true,4444,27,Naomi Ichiriu; Yesenia Garcia,Naomi Ichiriu=done; Yesenia Garcia=done,Naomi Ichiriu=2026-07-14T14:55:19.234228; Yesenia Garcia=2026-07-18T04:41:27.811670,2,true,2026-07-18T06:39:27.245245,,0,0,0,0,0,0
1807,0001373715,"ServiceNow, Inc.",2018,0001373715-18-000058,false,false,true,4970,26,Naomi Ichiriu; Yesenia Garcia,Naomi Ichiriu=done; Yesenia Garcia=done,Naomi Ichiriu=2026-07-14T16:12:25.108499; Yesenia Garcia=2026-07-18T04:42:21.204606,2,true,2026-07-18T06:39:33.696728,,0,0,0,0,0,0
1808,0001373715,"ServiceNow, Inc.",2019,0001373715-19-000070,false,false,true,5447,26,Naomi Ichiriu; Yesenia Garcia,Naomi Ichiriu=done; Yesenia Garcia=done,Naomi Ichiriu=2026-07-14T18:16:03.556635; Yesenia Garcia=2026-07-18T04:55:11.992463,2,true,2026-07-18T06:39:39.037622,,0,0,0,0,0,0
1809,0001373715,"ServiceNow, Inc.",2020,0001373715-20-000072,false,false,true,4514,303,Naomi Ichiriu; Yesenia Garcia,Naomi Ichiriu=done; Yesenia Garcia=done,Naomi Ichiriu=2026-07-14T18:36:29.710494; Yesenia Garcia=2026-07-18T04:57:34.119803,2,true,2026-09-30T15:26:10.715516,,3,1,0,2,0,3
1824,0001373715,"ServiceNow, Inc.",2021,0001373715-21-000061,false,false,true,3428,294,Naomi Ichiriu; Yesenia Garcia,Naomi Ichiriu=done; Yesenia Garcia=done,Naomi Ichiriu=2026-07-14T18:40:12.142962; Yesenia Garcia=2026-07-18T05:00:59.761402,2,true,2026-07-18T06:40:46.026350,,4,2,0,0,0,0
1825,0001373715,"ServiceNow, Inc.",2022,0001373715-22-000024,false,false,true,3029,388,Naomi Ichiriu; Yesenia Garcia,Naomi Ichiriu=done; Yesenia Garcia=done,Naomi Ichiriu=2026-07-14T18:52:43.823825; Yesenia Garcia=2026-07-18T05:03:38.051956,2,true,2026-07-18T06:41:08.194575,,2,0,0,2,0,1
1826,0001373715,"ServiceNow, Inc.",2023,0001373715-23-000035,false,false,true,2736,354,Naomi Ichiriu; Yesenia Garcia,Naomi Ichiriu=done; Yesenia Garcia=done,Naomi Ichiriu=2026-07-14T18:55:37.332390; Yesenia Garcia=2026-07-18T05:08:59.117627,2,true,2026-07-27T03:42:49.945521,,7,1,0,5,1,5
1827,0001373715,"ServiceNow, Inc.",2024,0001373715-24-000030,false,false,true,2988,460,Naomi Ichiriu; Yesenia Garcia,Naomi Ichiriu=done; Yesenia Garcia=done,Naomi Ichiriu=2026-07-14T19:54:21.621491; Yesenia Garcia=2026-07-18T05:16:02.670127,2,true,2026-09-30T15:22:07.218352,,9,2,0,6,0,11
1828,0001373715,"ServiceNow, Inc.",2025,0001373715-25-000010,false,false,true,3165,522,Naomi Ichiriu; Yesenia Garcia,Naomi Ichiriu=done; Yesenia Garcia=done,Naomi Ichiriu=2026-07-14T19:39:34.802967; Yesenia Garcia=2026-07-18T05:30:42.884775,2,true,2026-09-30T15:23:20.483447,,25,8,0,16,0,21
1829,0001373715,"ServiceNow, Inc.",2026,0001373715-26-000007,false,false,true,3650,593,Naomi Ichiriu; Yesenia Garcia,Naomi Ichiriu=done; Yesenia Garcia=done,Naomi Ichiriu=2026-08-08T14:40:51.137744; Yesenia Garcia=2026-07-18T05:53:52.625743,2,true,2026-09-30T15:26:02.433420,,33,5,0,23,0,30
1262,0000089800,SHERWIN WILLIAMS CO,2018,0000089800-18-000004,false,false,false,67,1,Yesenia Garcia; Akshitha Venkataraman,Yesenia Garcia=done; Akshitha Venkataraman=done,Yesenia Garcia=2026-07-07T22:26:15.505387; Akshitha Venkataraman=2026-07-15T17:43:43.293622,2,true,2026-09-13T06:49:39.380255,,0,0,0,0,0,0
1263,0000089800,SHERWIN WILLIAMS CO,2019,0000089800-19-000004,false,false,false,61,1,Yesenia Garcia; Akshitha Venkataraman,Yesenia Garcia=done; Akshitha Venkataraman=done,Yesenia Garcia=2026-07-07T22:26:40.823975; Akshitha Venkataraman=2026-07-15T17:44:18.460230,2,true,2026-09-13T06:49:41.635136,,0,0,0,0,0,0
1264,0000089800,SHERWIN WILLIAMS CO,2020,0000089800-20-000005,false,false,false,81,2,Yesenia Garcia; Akshitha Venkataraman,Yesenia Garcia=done; Akshitha Venkataraman=done,Yesenia Garcia=2026-07-07T22:27:05.928403; Akshitha Venkataraman=2026-07-15T17:44:42.043568,2,true,2026-09-13T06:49:44.150558,,0,0,0,0,0,0
1265,0000089800,SHERWIN WILLIAMS CO,2021,0000089800-21-000010,false,false,false,216,4,Yesenia Garcia; Akshitha Venkataraman,Yesenia Garcia=done; Akshitha Venkataraman=done,Yesenia Garcia=2026-07-07T22:27:38.833621; Akshitha Venkataraman=2026-07-15T17:45:11.680813,2,true,2026-09-13T06:49:47.031252,,0,0,0,0,0,0
1266,0000089800,SHERWIN WILLIAMS CO,2022,0000089800-22-000007,false,false,false,172,3,Yesenia Garcia; Akshitha Venkataraman,Yesenia Garcia=done; Akshitha Venkataraman=done,Yesenia Garcia=2026-07-07T22:28:10.418583; Akshitha Venkataraman=2026-07-15T17:45:44.476473,2,true,2026-09-13T06:49:50.276257,,0,0,0,0,0,0
1267,0000089800,SHERWIN WILLIAMS CO,2023,0000089800-23-000007,false,false,false,237,5,Yesenia Garcia; Akshitha Venkataraman,Yesenia Garcia=done; Akshitha Venkataraman=done,Yesenia Garcia=2026-07-07T22:28:46.516706; Akshitha Venkataraman=2026-07-15T17:49:22.313915,2,true,2026-09-13T06:49:53.516844,,0,0,0,0,0,0
1257,0000089800,SHERWIN WILLIAMS CO,2024,0000089800-24-000033,false,false,false,290,28,Yesenia Garcia; Akshitha Venkataraman,Yesenia Garcia=done; Akshitha Venkataraman=done,Yesenia Garcia=2026-07-07T22:29:26.925599; Akshitha Venkataraman=2026-07-15T17:50:02.164695,2,true,2026-09-13T06:49:56.868722,,0,0,0,0,0,0
1256,0000089800,SHERWIN WILLIAMS CO,2025,0000089800-25-000030,false,false,false,301,32,Yesenia Garcia; Akshitha Venkataraman,Yesenia Garcia=done; Akshitha Venkataraman=done,Yesenia Garcia=2026-07-07T22:31:31.426492; Akshitha Venkataraman=2026-07-15T17:50:51.286247,2,false,,,3,0,2,0,0,2
1255,0000089800,SHERWIN WILLIAMS CO,2026,0000089800-26-000008,false,false,false,302,110,Akshitha Venkataraman; Yesenia Garcia,Akshitha Venkataraman=done; Yesenia Garcia=done,Akshitha Venkataraman=2026-07-15T17:52:07.586604; Yesenia Garcia=2026-07-07T22:25:10.177014,2,false,,,5,0,5,0,0,5
4186,0001063761,SIMON PROPERTY GROUP INC.,2023,0001558370-23-001840,false,false,true,63,1,Naomi Ichiriu; Yesenia Garcia,Naomi Ichiriu=done; Yesenia Garcia=done,Naomi Ichiriu=2026-09-19T17:49:57.810365; Yesenia Garcia=2026-09-28T05:33:38.518586,2,true,2026-09-28T06:05:41.922810,,0,0,0,0,0,0
4187,0001063761,SIMON PROPERTY GROUP INC.,2024,0001558370-24-001532,false,false,true,390,28,Naomi Ichiriu; Yesenia Garcia,Naomi Ichiriu=done; Yesenia Garcia=done,Naomi Ichiriu=2026-09-19T17:50:10.936377; Yesenia Garcia=2026-09-28T05:33:44.097333,2,true,2026-09-28T06:05:47.053875,,0,0,0,0,0,0
4188,0001063761,SIMON PROPERTY GROUP INC.,2025,0001558370-25-001271,false,false,false,511,168,Naomi Ichiriu; Yesenia Garcia,Naomi Ichiriu=done; Yesenia Garcia=done,Naomi Ichiriu=2026-09-21T04:38:48.768262; Yesenia Garcia=2026-09-28T05:46:21.801794,2,false,,,14,7,2,3,0,4
4189,0001063761,SIMON PROPERTY GROUP INC.,2026,0001104659-26-019419,false,false,false,525,174,Naomi Ichiriu; Yesenia Garcia,Naomi Ichiriu=done; Yesenia Garcia=done,Naomi Ichiriu=2026-09-21T12:44:31.609452; Yesenia Garcia=2026-09-28T06:03:51.829426,2,false,,,17,3,7,5,0,9
37,0000004127,"SKYWORKS SOLUTIONS, INC.",2015,0000004127-15-000037,false,false,false,70,1,,,,0,false,,,0,0,0,0,0,0
38,0000004127,"SKYWORKS SOLUTIONS, INC.",2016,0000004127-16-000068,false,false,false,66,1,,,,0,false,,,0,0,0,0,0,0
39,0000004127,"SKYWORKS SOLUTIONS, INC.",2017,0000004127-17-000033,false,false,false,64,1,,,,0,false,,,0,0,0,0,0,0
40,0000004127,"SKYWORKS SOLUTIONS, INC.",2018,0000004127-18-000046,false,false,false,661,5,,,,0,false,,,0,0,0,0,0,0
41,0000004127,"SKYWORKS SOLUTIONS, INC.",2019,0000004127-19-000049,false,false,false,396,5,,,,0,false,,,0,0,0,0,0,0
42,0000004127,"SKYWORKS SOLUTIONS, INC.",2020,0000004127-20-000058,false,false,false,350,6,,,,0,false,,,0,0,0,0,0,0
43,0000004127,"SKYWORKS SOLUTIONS, INC.",2021,0000004127-21-000058,false,false,false,460,9,,,,0,false,,,0,0,0,0,0,0
44,0000004127,"SKYWORKS SOLUTIONS, INC.",2022,0000004127-22-000038,false,false,false,798,14,,,,0,false,,,0,0,0,0,0,0
45,0000004127,"SKYWORKS SOLUTIONS, INC.",2023,0000004127-23-000030,false,false,false,347,16,,,,0,false,,,0,0,0,0,0,0
46,0000004127,"SKYWORKS SOLUTIONS, INC.",2024,0000004127-24-000131,false,false,false,633,41,,,,0,false,,,0,0,0,0,0,0
47,0000004127,"SKYWORKS SOLUTIONS, INC.",2025,0000004127-25-000085,false,false,false,1027,45,,,,0,false,,,0,0,0,0,0,0
2237,0000087347,SLB LIMITED/NV,2015,0001564590-15-000337,false,false,true,21,1,Yesenia Garcia; Naomi Ichiriu,Yesenia Garcia=done; Naomi Ichiriu=done,Yesenia Garcia=2026-08-10T09:27:22.889657; Naomi Ichiriu=2026-07-22T21:07:12.764078,2,true,2026-08-10T20:00:34.656992,,0,0,0,0,0,0
2238,0000087347,SLB LIMITED/NV,2016,0001564590-16-012009,false,false,true,43,2,Yesenia Garcia; Naomi Ichiriu,Yesenia Garcia=done; Naomi Ichiriu=done,Yesenia Garcia=2026-08-10T09:27:25.301765; Naomi Ichiriu=2026-07-22T21:07:35.338565,2,true,2026-08-10T20:00:37.737861,,0,0,0,0,0,0
2239,0000087347,SLB LIMITED/NV,2017,0001564590-17-000589,false,false,true,26,2,Naomi Ichiriu; Yesenia Garcia,Naomi Ichiriu=done; Yesenia Garcia=done,Naomi Ichiriu=2026-07-22T21:07:36.981574; Yesenia Garcia=2026-08-10T09:27:27.838136,2,true,2026-08-10T20:00:40.030827,,0,0,0,0,0,0
2240,0000087347,SLB LIMITED/NV,2018,0001564590-18-000821,false,false,true,21,1,Naomi Ichiriu; Yesenia Garcia,Naomi Ichiriu=done; Yesenia Garcia=done,Naomi Ichiriu=2026-07-22T21:07:44.254187; Yesenia Garcia=2026-08-10T09:27:30.006788,2,true,2026-08-10T20:02:09.762519,,0,0,0,0,0,0
2241,0000087347,SLB LIMITED/NV,2019,0001564590-19-000928,false,false,true,23,1,Yesenia Garcia; Naomi Ichiriu,Yesenia Garcia=done; Naomi Ichiriu=done,Yesenia Garcia=2026-08-10T09:27:32.343205; Naomi Ichiriu=2026-07-22T21:08:10.289086,2,true,2026-08-10T20:02:42.940968,,0,0,0,0,0,0
2243,0000087347,SLB LIMITED/NV,2021,0001564590-21-002477,false,false,true,94,3,Yesenia Garcia; Naomi Ichiriu,Yesenia Garcia=done; Naomi Ichiriu=done,Yesenia Garcia=2026-08-10T09:27:34.418971; Naomi Ichiriu=2026-07-22T21:08:37.772642,2,true,2026-08-10T20:02:46.243063,,0,0,0,0,0,0
2244,0000087347,SLB LIMITED/NV,2022,0001564590-22-002421,false,false,true,159,6,Yesenia Garcia; Naomi Ichiriu,Yesenia Garcia=done; Naomi Ichiriu=done,Yesenia Garcia=2026-08-10T09:27:48.901923; Naomi Ichiriu=2026-07-22T21:09:08.343537,2,true,2026-08-10T20:02:49.697886,,0,0,0,0,0,0
2245,0000087347,SLB LIMITED/NV,2023,0001564590-23-000762,false,false,true,247,6,Yesenia Garcia; Naomi Ichiriu,Yesenia Garcia=done; Naomi Ichiriu=done,Yesenia Garcia=2026-08-10T09:28:02.355243; Naomi Ichiriu=2026-07-22T21:09:52.203329,2,true,2026-08-10T20:02:53.892275,,0,0,0,0,0,0
2248,0000087347,SLB LIMITED/NV,2024,0000950170-24-006884,false,false,true,393,33,Naomi Ichiriu; Yesenia Garcia,Naomi Ichiriu=done; Yesenia Garcia=done,Naomi Ichiriu=2026-07-22T21:10:42.639833; Yesenia Garcia=2026-08-10T09:28:55.138517,2,true,2026-08-10T20:03:45.317253,,2,1,0,1,0,1
2249,0000087347,SLB LIMITED/NV,2025,0000950170-25-007638,false,false,true,414,104,Yesenia Garcia; Naomi Ichiriu,Yesenia Garcia=done; Naomi Ichiriu=done,Yesenia Garcia=2026-08-10T09:30:16.599113; Naomi Ichiriu=2026-07-22T21:13:07.486676,2,true,2026-08-26T01:12:11.451399,,3,0,0,3,0,3
2246,0000087347,SLB LIMITED/NV,2026,0001193125-26-021017,false,false,true,1411,143,Naomi Ichiriu; Yesenia Garcia,Naomi Ichiriu=done; Yesenia Garcia=done,Naomi Ichiriu=2026-08-11T07:11:12.697257; Yesenia Garcia=2026-08-10T09:31:18.422613,2,true,2026-08-26T01:13:11.922685,,3,0,0,3,0,3
1466,0002005951,Smurfit Westrock plc,2025,0002005951-25-000005,false,false,true,1359,51,Naomi Ichiriu; Yesenia Garcia,Naomi Ichiriu=done; Yesenia Garcia=done,Naomi Ichiriu=2026-07-11T07:27:31.056268; Yesenia Garcia=2026-07-13T07:17:55.527233,2,true,2026-07-14T04:15:29.701807,,9,0,0,2,0,2
1465,0002005951,Smurfit Westrock plc,2026,0001628280-26-012555,false,false,true,1281,59,Naomi Ichiriu; Yesenia Garcia,Naomi Ichiriu=done; Yesenia Garcia=done,Naomi Ichiriu=2026-07-11T07:26:27.400001; Yesenia Garcia=2026-07-13T07:28:29.938042,2,true,2026-07-14T04:21:25.451785,,27,0,0,9,0,9
2226,0000091440,Snap-on Inc,2016,0001193125-16-459788,false,false,true,61,1,Akshitha Venkataraman; Naomi Ichiriu,Akshitha Venkataraman=done; Naomi Ichiriu=done,Akshitha Venkataraman=2026-08-17T07:53:09.403971; Naomi Ichiriu=2026-07-22T20:00:22.816582,2,true,2026-08-17T14:46:11.096713,,0,0,0,0,0,0
2227,0000091440,Snap-on Inc,2017,0001193125-17-036139,false,false,true,63,1,Akshitha Venkataraman; Naomi Ichiriu,Akshitha Venkataraman=done; Naomi Ichiriu=done,Akshitha Venkataraman=2026-08-17T07:53:13.619168; Naomi Ichiriu=2026-07-22T20:00:42.790929,2,true,2026-08-17T14:48:44.519386,,0,0,0,0,0,0
2228,0000091440,Snap-on Inc,2018,0001193125-18-047130,false,false,true,62,1,Akshitha Venkataraman; Naomi Ichiriu,Akshitha Venkataraman=done; Naomi Ichiriu=done,Akshitha Venkataraman=2026-08-17T07:53:16.491285; Naomi Ichiriu=2026-07-22T20:02:18.082087,2,true,2026-08-17T14:48:50.955867,,0,0,0,0,0,0
2230,0000091440,Snap-on Inc,2019,0000091440-19-000003,false,false,true,43,1,Akshitha Venkataraman; Naomi Ichiriu,Akshitha Venkataraman=done; Naomi Ichiriu=done,Akshitha Venkataraman=2026-08-17T07:53:18.766524; Naomi Ichiriu=2026-07-22T20:02:48.299082,2,true,2026-08-17T14:52:23.136450,,0,0,0,0,0,0
2229,0000091440,Snap-on Inc,2020,0000091440-20-000004,false,false,true,45,1,Akshitha Venkataraman; Naomi Ichiriu,Akshitha Venkataraman=done; Naomi Ichiriu=done,Akshitha Venkataraman=2026-08-17T07:53:24.891016; Naomi Ichiriu=2026-07-22T20:02:58.016439,2,true,2026-08-17T14:52:26.958862,,0,0,0,0,0,0
2231,0000091440,Snap-on Inc,2021,0000091440-21-000005,false,false,true,46,1,Akshitha Venkataraman; Naomi Ichiriu,Akshitha Venkataraman=done; Naomi Ichiriu=done,Akshitha Venkataraman=2026-08-17T07:53:29.940094; Naomi Ichiriu=2026-07-22T20:03:41.999169,2,true,2026-08-17T14:52:30.848377,,0,0,0,0,0,0
2232,0000091440,Snap-on Inc,2022,0000091440-22-000005,false,false,true,45,1,Akshitha Venkataraman; Naomi Ichiriu,Akshitha Venkataraman=done; Naomi Ichiriu=done,Akshitha Venkataraman=2026-08-17T07:53:35.718785; Naomi Ichiriu=2026-07-22T20:05:11.541314,2,true,2026-08-17T14:52:35.055319,,0,0,0,0,0,0
2233,0000091440,Snap-on Inc,2023,0000091440-23-000005,false,false,true,72,2,Akshitha Venkataraman; Naomi Ichiriu,Akshitha Venkataraman=done; Naomi Ichiriu=done,Akshitha Venkataraman=2026-08-17T07:53:44.245973; Naomi Ichiriu=2026-07-22T20:04:40.629258,2,true,2026-08-17T14:52:38.575821,,0,0,0,0,0,0
2234,0000091440,Snap-on Inc,2024,0000091440-24-000005,false,false,false,247,110,Akshitha Venkataraman; Naomi Ichiriu,Akshitha Venkataraman=done; Naomi Ichiriu=done,Akshitha Venkataraman=2026-08-17T08:29:06.186679; Naomi Ichiriu=2026-07-22T20:52:59.800950,2,false,,,3,0,2,1,0,3
2236,0000091440,Snap-on Inc,2025,0000091440-25-000010,false,false,false,246,109,Akshitha Venkataraman; Naomi Ichiriu,Akshitha Venkataraman=done; Naomi Ichiriu=done,Akshitha Venkataraman=2026-08-17T09:42:21.658433; Naomi Ichiriu=2026-07-22T20:51:46.380787,2,false,,,3,1,1,1,0,2
2235,0000091440,Snap-on Inc,2026,0000091440-26-000045,false,false,false,459,119,Akshitha Venkataraman; Naomi Ichiriu,Akshitha Venkataraman=done; Naomi Ichiriu=done,Akshitha Venkataraman=2026-08-17T09:46:34.428859; Naomi Ichiriu=2026-10-01T15:20:24.360956,2,false,,,4,0,2,2,0,2
1730,0001964738,Solventum Corp,2025,0001964738-25-000019,false,false,true,1466,228,Naomi Ichiriu; Akshitha Venkataraman,Naomi Ichiriu=done; Akshitha Venkataraman=done,Naomi Ichiriu=2026-07-14T04:26:56.508298; Akshitha Venkataraman=2026-08-01T19:37:49.534836,2,true,2026-08-17T17:17:59.646947,,3,0,0,3,0,4
1734,0001964738,Solventum Corp,2026,0001964738-26-000007,false,false,true,1573,235,Naomi Ichiriu; Akshitha Venkataraman,Naomi Ichiriu=done; Akshitha Venkataraman=done,Naomi Ichiriu=2026-08-08T05:54:30.679176; Akshitha Venkataraman=2026-08-01T19:43:57.809230,2,true,2026-08-17T17:23:01.431944,,18,4,0,10,1,17
2658,0000092380,SOUTHWEST AIRLINES CO,2023,0000092380-23-000010,false,false,false,559,15,Naomi Ichiriu; Yesenia Garcia,Naomi Ichiriu=done; Yesenia Garcia=done,Naomi Ichiriu=2026-08-13T08:15:28.370374; Yesenia Garcia=2026-08-31T05:54:36.077561,2,true,2026-10-01T15:15:56.343459,,0,0,0,0,0,0
2659,0000092380,SOUTHWEST AIRLINES CO,2024,0000092380-24-000027,false,false,false,710,377,Naomi Ichiriu; Yesenia Garcia,Naomi Ichiriu=done; Yesenia Garcia=in_progress,Naomi Ichiriu=2026-08-13T08:18:18.394316; Yesenia Garcia=,2,false,,,7,0,7,0,0,0
2679,0000092380,SOUTHWEST AIRLINES CO,2025,0000092380-25-000024,false,false,false,900,451,Naomi Ichiriu; Yesenia Garcia,Naomi Ichiriu=done; Yesenia Garcia=in_progress,Naomi Ichiriu=2026-08-13T12:34:34.084078; Yesenia Garcia=,2,false,,,10,0,7,0,0,0
2680,0000092380,SOUTHWEST AIRLINES CO,2026,0000092380-26-000004,false,false,false,766,408,Naomi Ichiriu; Yesenia Garcia,Naomi Ichiriu=done; Yesenia Garcia=in_progress,Naomi Ichiriu=2026-08-13T12:42:42.928773; Yesenia Garcia=,2,false,,,13,0,12,0,0,0
3314,0000093556,"STANLEY BLACK & DECKER, INC.",2017,0000093556-17-000006,false,false,true,73,1,Naomi Ichiriu; Yesenia Garcia,Naomi Ichiriu=done; Yesenia Garcia=done,Naomi Ichiriu=2026-08-28T17:45:16.592288; Yesenia Garcia=2026-09-12T07:36:19.963901,2,true,2026-09-13T18:56:30.934575,,0,0,0,0,0,0
3315,0000093556,"STANLEY BLACK & DECKER, INC.",2018,0000093556-18-000008,false,false,true,119,12,Naomi Ichiriu; Yesenia Garcia,Naomi Ichiriu=done; Yesenia Garcia=done,Naomi Ichiriu=2026-08-28T17:45:25.846382; Yesenia Garcia=2026-09-12T07:36:35.352809,2,true,2026-09-13T18:56:28.326520,,0,0,0,0,0,0
3313,0000093556,"STANLEY BLACK & DECKER, INC.",2019,0000093556-19-000011,false,false,true,166,16,Naomi Ichiriu; Yesenia Garcia,Naomi Ichiriu=done; Yesenia Garcia=done,Naomi Ichiriu=2026-08-28T17:46:12.694778; Yesenia Garcia=2026-09-12T07:36:41.920448,2,true,2026-09-13T18:56:25.871550,,0,0,0,0,0,0
3312,0000093556,"STANLEY BLACK & DECKER, INC.",2020,0000093556-20-000006,false,false,true,177,6,Naomi Ichiriu; Yesenia Garcia,Naomi Ichiriu=done; Yesenia Garcia=done,Naomi Ichiriu=2026-08-28T17:46:03.650347; Yesenia Garcia=2026-09-12T07:36:57.134620,2,true,2026-09-13T18:56:23.637494,,0,0,0,0,0,0
3316,0000093556,"STANLEY BLACK & DECKER, INC.",2021,0000093556-21-000008,false,false,true,396,11,Naomi Ichiriu; Yesenia Garcia,Naomi Ichiriu=done; Yesenia Garcia=done,Naomi Ichiriu=2026-09-09T03:29:28.527599; Yesenia Garcia=2026-09-12T07:38:59.986220,2,true,2026-09-13T18:56:20.958490,,0,0,0,0,0,0
3317,0000093556,"STANLEY BLACK & DECKER, INC.",2022,0000093556-22-000015,false,false,true,410,11,Naomi Ichiriu; Yesenia Garcia,Naomi Ichiriu=done; Yesenia Garcia=done,Naomi Ichiriu=2026-09-09T03:38:16.306537; Yesenia Garcia=2026-09-12T07:39:01.440286,2,true,2026-09-28T04:29:10.865395,,1,0,0,1,0,1
3318,0000093556,"STANLEY BLACK & DECKER, INC.",2023,0000093556-23-000007,false,false,true,278,8,Naomi Ichiriu; Yesenia Garcia,Naomi Ichiriu=done; Yesenia Garcia=done,Naomi Ichiriu=2026-09-09T03:38:33.043300; Yesenia Garcia=2026-09-12T07:40:24.493428,2,true,2026-09-13T18:56:15.657342,,0,0,0,0,0,0
3320,0000093556,"STANLEY BLACK & DECKER, INC.",2024,0000093556-24-000032,false,false,true,254,47,Naomi Ichiriu; Yesenia Garcia,Naomi Ichiriu=done; Yesenia Garcia=done,Naomi Ichiriu=2026-09-09T03:38:50.847557; Yesenia Garcia=2026-09-12T07:40:44.926020,2,true,2026-09-28T04:31:46.181985,,1,0,0,1,0,1
3321,0000093556,"STANLEY BLACK & DECKER, INC.",2025,0000093556-25-000007,false,false,true,314,51,Naomi Ichiriu; Yesenia Garcia,Naomi Ichiriu=done; Yesenia Garcia=done,Naomi Ichiriu=2026-09-09T03:32:21.901306; Yesenia Garcia=2026-09-12T07:44:22.994697,2,true,2026-10-01T15:33:11.093702,,5,0,0,4,0,6
3322,0000093556,"STANLEY BLACK & DECKER, INC.",2026,0000093556-26-000009,false,false,true,286,59,Naomi Ichiriu; Yesenia Garcia,Naomi Ichiriu=done; Yesenia Garcia=done,Naomi Ichiriu=2026-09-14T16:02:59.061608; Yesenia Garcia=2026-09-12T07:48:55.131221,2,true,2026-10-01T15:32:34.583191,,14,2,0,11,0,11
2216,0001022671,STEEL DYNAMICS INC,2018,0001144204-18-011155,false,false,true,1004,6,Yesenia Garcia; Naomi Ichiriu,Yesenia Garcia=done; Naomi Ichiriu=done,Yesenia Garcia=2026-08-03T09:52:28.998021; Naomi Ichiriu=2026-07-22T19:47:28.852911,2,true,2026-08-04T21:23:26.088656,,0,0,0,0,0,0
2217,0001022671,STEEL DYNAMICS INC,2019,0001144204-19-010579,false,false,true,974,8,Yesenia Garcia; Naomi Ichiriu,Yesenia Garcia=done; Naomi Ichiriu=done,Yesenia Garcia=2026-08-03T09:52:39.332535; Naomi Ichiriu=2026-07-22T19:47:49.688603,2,true,2026-08-04T21:23:30.221485,,0,0,0,0,0,0
2218,0001022671,STEEL DYNAMICS INC,2020,0001558370-20-001641,false,false,true,106,8,Yesenia Garcia; Naomi Ichiriu,Yesenia Garcia=done; Naomi Ichiriu=done,Yesenia Garcia=2026-08-03T09:52:51.332354; Naomi Ichiriu=2026-07-22T19:48:29.543193,2,true,2026-08-04T21:23:33.964964,,0,0,0,0,0,0
2219,0001022671,STEEL DYNAMICS INC,2021,0001558370-21-002129,false,false,true,128,11,Yesenia Garcia; Naomi Ichiriu,Yesenia Garcia=done; Naomi Ichiriu=done,Yesenia Garcia=2026-08-03T09:53:05.343024; Naomi Ichiriu=2026-07-22T19:48:43.476480,2,true,2026-08-04T21:23:37.699209,,0,0,0,0,0,0
2220,0001022671,STEEL DYNAMICS INC,2022,0001558370-22-002377,false,false,true,126,12,Yesenia Garcia; Naomi Ichiriu,Yesenia Garcia=done; Naomi Ichiriu=done,Yesenia Garcia=2026-08-03T09:53:16.321660; Naomi Ichiriu=2026-07-22T19:50:40.537960,2,true,2026-08-04T21:23:41.818296,,0,0,0,0,0,0
2221,0001022671,STEEL DYNAMICS INC,2023,0001558370-23-002303,false,false,true,155,13,Yesenia Garcia; Naomi Ichiriu,Yesenia Garcia=done; Naomi Ichiriu=done,Yesenia Garcia=2026-08-03T09:53:23.332109; Naomi Ichiriu=2026-07-22T19:49:57.719854,2,true,2026-08-04T21:23:44.836400,,0,0,0,0,0,0
2222,0001022671,STEEL DYNAMICS INC,2024,0001558370-24-002152,false,false,true,219,37,Yesenia Garcia; Naomi Ichiriu,Yesenia Garcia=done; Naomi Ichiriu=done,Yesenia Garcia=2026-08-03T09:53:33.329481; Naomi Ichiriu=2026-07-22T19:53:58.438172,2,true,2026-08-04T21:23:48.456522,,0,0,0,0,0,0
2224,0001022671,STEEL DYNAMICS INC,2025,0001558370-25-001886,false,false,true,225,36,Yesenia Garcia; Naomi Ichiriu,Yesenia Garcia=done; Naomi Ichiriu=done,Yesenia Garcia=2026-08-03T09:53:43.762599; Naomi Ichiriu=2026-07-22T19:56:01.451793,2,true,2026-08-04T21:23:53.056211,,0,0,0,0,0,0
2223,0001022671,STEEL DYNAMICS INC,2026,0001104659-26-021395,false,false,true,890,40,Yesenia Garcia; Naomi Ichiriu,Yesenia Garcia=done; Naomi Ichiriu=done,Yesenia Garcia=2026-09-21T04:35:46.347788; Naomi Ichiriu=2026-07-22T19:51:20.571074,2,true,2026-09-21T04:35:56.891724,,0,0,0,0,0,0
1467,0001757898,STERIS plc,2019,0001757898-19-000005,false,false,true,31,2,Naomi Ichiriu; Akshitha Venkataraman,Naomi Ichiriu=done; Akshitha Venkataraman=done,Naomi Ichiriu=2026-07-11T07:36:05.185506; Akshitha Venkataraman=2026-07-15T18:49:59.961164,2,true,2026-07-16T20:40:48.566604,,0,0,0,0,0,0
1468,0001757898,STERIS plc,2020,0001757898-20-000012,false,false,true,31,2,Naomi Ichiriu; Akshitha Venkataraman,Naomi Ichiriu=done; Akshitha Venkataraman=done,Naomi Ichiriu=2026-07-11T07:36:17.218432; Akshitha Venkataraman=2026-07-15T18:50:13.788315,2,true,2026-07-16T20:40:52.026179,,0,0,0,0,0,0
1469,0001757898,STERIS plc,2021,0001757898-21-000017,false,false,true,46,2,Naomi Ichiriu; Akshitha Venkataraman,Naomi Ichiriu=done; Akshitha Venkataraman=done,Naomi Ichiriu=2026-07-11T07:36:27.284178; Akshitha Venkataraman=2026-07-15T18:50:34.020490,2,true,2026-07-16T20:40:55.662981,,0,0,0,0,0,0
1470,0001757898,STERIS plc,2022,0001757898-22-000011,false,false,true,255,3,Naomi Ichiriu; Akshitha Venkataraman,Naomi Ichiriu=done; Akshitha Venkataraman=done,Naomi Ichiriu=2026-07-11T07:36:57.670417; Akshitha Venkataraman=2026-07-15T23:14:35.978354,2,true,2026-07-16T20:41:01.095753,,0,0,0,0,0,0
1471,0001757898,STERIS plc,2023,0001757898-23-000005,false,false,true,296,5,Naomi Ichiriu; Akshitha Venkataraman,Naomi Ichiriu=done; Akshitha Venkataraman=done,Naomi Ichiriu=2026-07-11T07:37:27.470409; Akshitha Venkataraman=2026-07-15T23:21:23.430562,2,true,2026-07-16T20:41:06.362260,,0,0,0,0,0,0
1472,0001757898,STERIS plc,2024,0001757898-24-000008,false,false,true,360,131,Naomi Ichiriu; Akshitha Venkataraman,Naomi Ichiriu=done; Akshitha Venkataraman=done,Naomi Ichiriu=2026-07-11T07:42:55.268819; Akshitha Venkataraman=2026-07-16T04:35:16.905986,2,true,2026-07-16T20:41:11.632139,,1,1,0,0,0,0
1473,0001757898,STERIS plc,2025,0001757898-25-000005,false,false,true,380,136,Naomi Ichiriu; Akshitha Venkataraman,Naomi Ichiriu=done; Akshitha Venkataraman=done,Naomi Ichiriu=2026-07-11T07:43:59.153816; Akshitha Venkataraman=2026-07-16T04:36:21.702632,2,true,2026-07-16T20:41:16.585924,,2,2,0,0,0,0
1474,0001757898,STERIS plc,2026,0001628280-26-039136,false,false,true,,,Naomi Ichiriu; Akshitha Venkataraman,Naomi Ichiriu=done; Akshitha Venkataraman=done,Naomi Ichiriu=2026-07-11T07:49:21.147772; Akshitha Venkataraman=2026-07-16T04:38:30.497315,2,true,2026-07-16T20:43:17.736369,,7,0,0,7,0,7
4407,0000310764,STRYKER CORP,2015,0000310764-15-000022,false,false,false,32,2,Yesenia Garcia,Yesenia Garcia=done,Yesenia Garcia=2026-09-28T06:33:15.756975,2,false,,,0,0,0,0,0,0
4408,0000310764,STRYKER CORP,2016,0000310764-16-000226,false,false,false,45,2,Yesenia Garcia,Yesenia Garcia=done,Yesenia Garcia=2026-09-28T06:34:04.367210,2,false,,,0,0,0,0,0,0
4409,0000310764,STRYKER CORP,2017,0000310764-17-000034,false,false,false,53,2,Yesenia Garcia,Yesenia Garcia=done,Yesenia Garcia=2026-09-28T06:34:56.470741,2,false,,,0,0,0,0,0,0
4410,0000310764,STRYKER CORP,2018,0000310764-18-000031,false,false,false,59,2,Yesenia Garcia,Yesenia Garcia=done,Yesenia Garcia=2026-09-28T06:45:55.823090,2,false,,,0,0,0,0,0,0
4411,0000310764,STRYKER CORP,2019,0000310764-19-000014,false,false,false,57,2,Yesenia Garcia,Yesenia Garcia=done,Yesenia Garcia=2026-09-28T06:47:06.392941,2,false,,,0,0,0,0,0,0
4412,0000310764,STRYKER CORP,2020,0000310764-20-000014,false,false,false,52,2,Yesenia Garcia,Yesenia Garcia=done,Yesenia Garcia=2026-09-28T06:48:46.849348,2,false,,,0,0,0,0,0,0
4413,0000310764,STRYKER CORP,2021,0000310764-21-000027,false,false,false,65,4,Yesenia Garcia,Yesenia Garcia=done,Yesenia Garcia=2026-09-28T06:50:05.139643,2,false,,,0,0,0,0,0,0
4414,0000310764,STRYKER CORP,2022,0000310764-22-000028,false,false,false,703,7,Yesenia Garcia,Yesenia Garcia=done,Yesenia Garcia=2026-09-28T06:51:36.317417,2,false,,,0,0,0,0,0,0
4415,0000310764,STRYKER CORP,2023,0000310764-23-000017,false,false,false,252,7,Yesenia Garcia,Yesenia Garcia=done,Yesenia Garcia=2026-09-28T06:52:46.070322,2,false,,,0,0,0,0,0,0
4416,0000310764,STRYKER CORP,2024,0000310764-24-000024,false,false,false,179,38,Yesenia Garcia,Yesenia Garcia=done,Yesenia Garcia=2026-09-28T06:54:29.038028,2,false,,,2,2,0,0,0,0
4417,0000310764,STRYKER CORP,2025,0000310764-25-000023,false,false,false,1309,113,Yesenia Garcia,Yesenia Garcia=in_progress,Yesenia Garcia=,2,false,,,0,0,0,0,0,0
3304,0001375365,"Super Micro Computer, Inc.",2015,0001628280-15-007025,false,false,false,1021,18,Naomi Ichiriu; Akshitha Venkataraman,Naomi Ichiriu=done; Akshitha Venkataraman=done,Naomi Ichiriu=2026-08-28T17:44:26.250007; Akshitha Venkataraman=2026-09-30T05:24:48.401245,2,true,2026-10-01T15:15:44.958778,,0,0,0,0,0,0
3305,0001375365,"Super Micro Computer, Inc.",2016,0001628280-16-019274,false,false,false,1122,18,Naomi Ichiriu,Naomi Ichiriu=done,Naomi Ichiriu=2026-08-28T17:44:42.935238,2,false,,,0,0,0,0,0,0
3306,0001375365,"Super Micro Computer, Inc.",2019,0001375365-19-000039,false,false,false,976,18,Naomi Ichiriu,Naomi Ichiriu=done,Naomi Ichiriu=2026-08-28T17:45:01.514316,2,false,,,0,0,0,0,0,0
3307,0001375365,"Super Micro Computer, Inc.",2020,0001375365-20-000064,false,false,false,973,31,Naomi Ichiriu,Naomi Ichiriu=done,Naomi Ichiriu=2026-09-09T01:13:20.510226,2,false,,,0,0,0,0,0,0
3308,0001375365,"Super Micro Computer, Inc.",2021,0001375365-21-000060,false,false,false,447,30,Naomi Ichiriu,Naomi Ichiriu=done,Naomi Ichiriu=2026-09-09T01:13:01.264883,2,false,,,0,0,0,0,0,0
3309,0001375365,"Super Micro Computer, Inc.",2022,0001375365-22-000103,false,false,false,461,29,Naomi Ichiriu,Naomi Ichiriu=done,Naomi Ichiriu=2026-09-09T01:14:12.506479,2,false,,,0,0,0,0,0,0
3319,0001375365,"Super Micro Computer, Inc.",2023,0001375365-23-000036,false,false,false,592,164,Naomi Ichiriu,Naomi Ichiriu=done,Naomi Ichiriu=2026-09-09T01:22:27.144814,2,false,,,11,10,0,0,0,0
3310,0001375365,"Super Micro Computer, Inc.",2025,0001375365-25-000004,false,false,false,1853,407,Naomi Ichiriu,Naomi Ichiriu=done,Naomi Ichiriu=2026-09-21T15:06:44.834194,2,false,,,31,28,0,0,0,0
3712,0000096021,SYSCO CORP,2015,0000096021-15-000057,false,false,true,76,4,Amali Oakley; Alexa Bishop,Amali Oakley=done; Alexa Bishop=done,Amali Oakley=2026-09-14T23:49:19.275154; Alexa Bishop=2026-09-11T17:18:45.575258,2,true,2026-09-14T23:49:25.351869,,0,0,0,0,0,0
3754,0000096021,SYSCO CORP,2016,0000096021-16-000275,false,false,true,73,4,Alexa Bishop; Amali Oakley,Alexa Bishop=done; Amali Oakley=done,Alexa Bishop=2026-09-11T17:20:17.536700; Amali Oakley=2026-09-14T23:49:42.902149,2,true,2026-09-14T23:49:48.204858,,0,0,0,0,0,0
3755,0000096021,SYSCO CORP,2017,0000096021-17-000120,false,false,true,75,3,Alexa Bishop; Amali Oakley,Alexa Bishop=done; Amali Oakley=done,Alexa Bishop=2026-09-11T17:23:12.984458; Amali Oakley=2026-09-14T23:50:07.261631,2,true,2026-09-14T23:50:21.078316,,0,0,0,0,0,0
3756,0000096021,SYSCO CORP,2018,0000096021-18-000126,false,false,true,76,4,Alexa Bishop; Amali Oakley,Alexa Bishop=done; Amali Oakley=done,Alexa Bishop=2026-09-11T17:27:29.631297; Amali Oakley=2026-09-14T23:50:41.789764,2,true,2026-09-14T23:51:54.006690,,0,0,0,0,0,0
3757,0000096021,SYSCO CORP,2019,0000096021-19-000093,false,false,true,65,4,Alexa Bishop; Amali Oakley,Alexa Bishop=done; Amali Oakley=done,Alexa Bishop=2026-09-11T17:30:28.579342; Amali Oakley=2026-09-14T23:50:59.736291,2,true,2026-09-14T23:51:05.004103,,0,0,0,0,0,0
3758,0000096021,SYSCO CORP,2020,0000096021-20-000100,false,false,true,80,11,Alexa Bishop; Amali Oakley,Alexa Bishop=done; Amali Oakley=done,Alexa Bishop=2026-09-11T17:35:04.637992; Amali Oakley=2026-09-14T23:51:37.613871,2,true,2026-09-14T23:51:42.297607,,0,0,0,0,0,0
3759,0000096021,SYSCO CORP,2021,0000096021-21-000093,false,false,true,1741,8,Alexa Bishop; Amali Oakley,Alexa Bishop=done; Amali Oakley=done,Alexa Bishop=2026-09-11T17:44:05.755859; Amali Oakley=2026-09-14T23:57:22.211859,2,true,2026-09-14T23:57:27.467950,,0,0,0,0,0,0
3978,0000096021,SYSCO CORP,2022,0000096021-22-000151,false,false,true,2432,10,Alexa Bishop; Amali Oakley,Alexa Bishop=done; Amali Oakley=done,Alexa Bishop=2026-09-14T21:13:58.399864; Amali Oakley=2026-09-15T00:04:27.427041,2,true,2026-09-15T00:04:38.657383,,0,0,0,0,0,0
3979,0000096021,SYSCO CORP,2023,0000096021-23-000117,false,false,true,1744,38,Alexa Bishop; Amali Oakley,Alexa Bishop=done; Amali Oakley=done,Alexa Bishop=2026-09-14T21:20:31.342094; Amali Oakley=2026-09-15T00:11:18.282339,2,true,2026-09-15T00:11:26.006423,,1,1,0,0,0,0
3980,0000096021,SYSCO CORP,2024,0000096021-24-000128,false,false,true,292,47,Alexa Bishop; Amali Oakley,Alexa Bishop=done; Amali Oakley=done,Alexa Bishop=2026-09-14T21:39:50.740453; Amali Oakley=2026-09-15T05:03:33.438663,2,true,2026-09-15T05:03:46.840882,,9,6,0,3,0,4
3981,0000096021,SYSCO CORP,2025,0000096021-25-000099,false,false,true,296,48,Alexa Bishop; Amali Oakley,Alexa Bishop=done; Amali Oakley=done,Alexa Bishop=2026-09-14T21:48:33.309389; Amali Oakley=2026-09-15T05:08:50.588841,2,true,2026-09-15T05:08:58.479354,,9,8,0,1,0,1
2149,0001116132,"TAPESTRY, INC.",2021,0001116132-21-000020,false,false,true,51,3,Akshitha Venkataraman; Naomi Ichiriu,Akshitha Venkataraman=done; Naomi Ichiriu=done,Akshitha Venkataraman=2026-08-17T03:26:12.965330; Naomi Ichiriu=2026-07-22T07:18:24.321617,2,true,2026-08-17T07:27:15.134660,,0,0,0,0,0,0
2150,0001116132,"TAPESTRY, INC.",2022,0001116132-22-000018,false,false,true,49,3,Akshitha Venkataraman; Naomi Ichiriu,Akshitha Venkataraman=done; Naomi Ichiriu=done,Akshitha Venkataraman=2026-08-17T03:26:18.412179; Naomi Ichiriu=2026-07-22T07:21:31.076821,2,true,2026-08-17T07:27:18.247565,,0,0,0,0,0,0
2151,0001116132,"TAPESTRY, INC.",2023,0001116132-23-000020,false,false,true,269,6,Akshitha Venkataraman; Naomi Ichiriu,Akshitha Venkataraman=done; Naomi Ichiriu=done,Akshitha Venkataraman=2026-08-17T03:26:25.292127; Naomi Ichiriu=2026-07-22T07:21:24.625776,2,true,2026-08-17T07:27:25.200684,,0,0,0,0,0,0
2153,0001116132,"TAPESTRY, INC.",2024,0001116132-24-000018,false,false,true,324,26,Akshitha Venkataraman; Naomi Ichiriu,Akshitha Venkataraman=done; Naomi Ichiriu=done,Akshitha Venkataraman=2026-08-17T03:44:41.413756; Naomi Ichiriu=2026-07-22T07:23:52.240667,2,true,2026-08-17T07:27:31.892612,,1,1,0,0,0,0
2152,0001116132,"TAPESTRY, INC.",2025,0001116132-25-000019,false,false,false,301,29,Akshitha Venkataraman; Naomi Ichiriu,Akshitha Venkataraman=done; Naomi Ichiriu=done,Akshitha Venkataraman=2026-08-17T04:57:47.509382; Naomi Ichiriu=2026-07-22T07:23:15.001652,2,false,,,4,0,4,0,0,3
4060,0001389170,Targa Resources Corp.,2019,0001564590-19-005727,false,false,false,71,2,Naomi Ichiriu,Naomi Ichiriu=done,Naomi Ichiriu=2026-09-18T02:32:03.315049,2,false,,,0,0,0,0,0,0
4059,0001389170,Targa Resources Corp.,2020,0001564590-20-005592,false,false,false,75,3,Naomi Ichiriu,Naomi Ichiriu=done,Naomi Ichiriu=2026-09-18T02:32:05.630774,2,false,,,0,0,0,0,0,0
4058,0001389170,Targa Resources Corp.,2021,0001564590-21-006640,false,false,false,92,3,Naomi Ichiriu,Naomi Ichiriu=done,Naomi Ichiriu=2026-09-18T02:31:58.102384,2,false,,,0,0,0,0,0,0
4057,0001389170,Targa Resources Corp.,2022,0001564590-22-006563,false,false,false,50,2,Naomi Ichiriu,Naomi Ichiriu=done,Naomi Ichiriu=2026-09-18T02:31:34.266382,2,false,,,0,0,0,0,0,0
4056,0001389170,Targa Resources Corp.,2023,0000950170-23-003797,false,false,false,187,7,Naomi Ichiriu,Naomi Ichiriu=done,Naomi Ichiriu=2026-09-18T02:32:11.038747,2,false,,,0,0,0,0,0,0
4055,0001389170,Targa Resources Corp.,2024,0000950170-24-015841,false,false,false,234,37,Naomi Ichiriu,Naomi Ichiriu=done,Naomi Ichiriu=2026-09-21T15:46:25.099431,2,false,,,1,1,0,0,0,0
4054,0001389170,Targa Resources Corp.,2025,0000950170-25-023983,false,false,false,264,39,Naomi Ichiriu,Naomi Ichiriu=done,Naomi Ichiriu=2026-09-21T15:46:45.998871,2,false,,,2,1,0,0,0,0
4053,0001389170,Targa Resources Corp.,2026,0001193125-26-059296,false,false,false,269,39,Naomi Ichiriu,Naomi Ichiriu=done,Naomi Ichiriu=2026-09-21T15:46:57.414026,2,false,,,2,1,0,0,0,0
392,0000027419,TARGET CORP,2019,0000027419-19-000006,false,false,false,42,1,,,,0,false,,,0,0,0,0,0,0
393,0000027419,TARGET CORP,2020,0000027419-20-000008,false,false,false,122,5,,,,0,false,,,0,0,0,0,0,0
394,0000027419,TARGET CORP,2021,0000027419-21-000010,false,false,false,154,5,,,,0,false,,,0,0,0,0,0,0
395,0000027419,TARGET CORP,2022,0000027419-22-000007,false,false,false,142,6,,,,0,false,,,0,0,0,0,0,0
396,0000027419,TARGET CORP,2023,0000027419-23-000015,false,false,false,142,7,,,,0,false,,,0,0,0,0,0,0
397,0000027419,TARGET CORP,2024,0000027419-24-000032,false,false,false,459,44,,,,0,false,,,0,0,0,0,0,0
398,0000027419,TARGET CORP,2025,0000027419-25-000018,false,false,false,737,46,,,,0,false,,,0,0,0,0,0,0
399,0000027419,TARGET CORP,2026,0000027419-26-000016,false,false,false,469,51,,,,0,false,,,0,0,0,0,0,0
3449,0001385157,TE Connectivity plc,2015,0001047469-15-008508,false,false,true,136,2,Yesenia Garcia; Naomi Ichiriu,Yesenia Garcia=done; Naomi Ichiriu=done,Yesenia Garcia=2026-08-31T04:38:50.893121; Naomi Ichiriu=2026-09-22T14:36:22.766399,2,true,2026-09-30T19:13:39.651239,,0,0,0,0,0,0
3450,0001385157,TE Connectivity plc,2016,0001047469-16-016719,false,false,true,115,2,Yesenia Garcia; Naomi Ichiriu,Yesenia Garcia=done; Naomi Ichiriu=done,Yesenia Garcia=2026-08-31T04:39:15.740772; Naomi Ichiriu=2026-09-22T14:36:25.110328,2,true,2026-09-30T19:13:37.287782,,0,0,0,0,0,0
3451,0001385157,TE Connectivity plc,2017,0001047469-17-007037,false,false,true,117,2,Yesenia Garcia; Naomi Ichiriu,Yesenia Garcia=done; Naomi Ichiriu=done,Yesenia Garcia=2026-08-31T04:39:52.550949; Naomi Ichiriu=2026-09-22T14:36:29.508754,2,true,2026-09-30T19:13:33.361704,,0,0,0,0,0,0
3452,0001385157,TE Connectivity plc,2018,0001047469-18-007210,false,false,true,1020,3,Yesenia Garcia; Naomi Ichiriu,Yesenia Garcia=done; Naomi Ichiriu=done,Yesenia Garcia=2026-08-31T04:55:32.618671; Naomi Ichiriu=2026-09-22T14:36:27.057550,2,true,2026-09-30T19:13:27.058702,,0,0,0,0,0,0
3453,0001385157,TE Connectivity plc,2019,0001558370-19-010758,false,false,true,139,2,Yesenia Garcia; Naomi Ichiriu,Yesenia Garcia=done; Naomi Ichiriu=done,Yesenia Garcia=2026-08-31T04:57:26.490045; Naomi Ichiriu=2026-09-22T14:36:34.812513,2,true,2026-09-30T19:13:24.629381,,0,0,0,0,0,0
3454,0001385157,TE Connectivity plc,2020,0001558370-20-013511,false,false,true,142,2,Yesenia Garcia; Naomi Ichiriu,Yesenia Garcia=done; Naomi Ichiriu=done,Yesenia Garcia=2026-08-31T04:57:48.543047; Naomi Ichiriu=2026-09-22T14:36:32.138978,2,true,2026-09-30T19:13:20.889852,,0,0,0,0,0,0
3455,0001385157,TE Connectivity plc,2021,0001558370-21-015228,false,false,true,154,2,Yesenia Garcia; Naomi Ichiriu,Yesenia Garcia=done; Naomi Ichiriu=done,Yesenia Garcia=2026-08-31T04:58:07.977570; Naomi Ichiriu=2026-09-22T14:36:43.442215,2,true,2026-09-30T19:13:19.081585,,0,0,0,0,0,0
3456,0001385157,TE Connectivity plc,2022,0001558370-22-017931,false,false,true,141,3,Yesenia Garcia; Naomi Ichiriu,Yesenia Garcia=done; Naomi Ichiriu=done,Yesenia Garcia=2026-08-31T04:58:42.022522; Naomi Ichiriu=2026-09-22T14:36:55.043983,2,true,2026-09-30T19:11:59.706728,,0,0,0,0,0,0
3457,0001385157,TE Connectivity plc,2023,0001558370-23-018833,false,false,false,237,11,Yesenia Garcia; Naomi Ichiriu,Yesenia Garcia=done; Naomi Ichiriu=done,Yesenia Garcia=2026-08-31T04:59:46.831133; Naomi Ichiriu=2026-09-26T22:41:59.773444,2,false,,,2,1,1,0,0,1
3458,0001385157,TE Connectivity plc,2024,0001558370-24-015227,false,false,false,870,82,Yesenia Garcia; Naomi Ichiriu,Yesenia Garcia=done; Naomi Ichiriu=done,Yesenia Garcia=2026-08-31T05:02:11.042884; Naomi Ichiriu=2026-09-26T22:52:02.423251,2,false,,,8,2,6,0,0,1
3459,0001385157,TE Connectivity plc,2025,0001104659-25-109150,false,false,false,3836,112,Yesenia Garcia; Naomi Ichiriu,Yesenia Garcia=done; Naomi Ichiriu=done,Yesenia Garcia=2026-08-31T05:04:59.521724; Naomi Ichiriu=2026-09-26T22:44:59.871975,2,false,,,9,3,5,1,0,1
3111,0001094285,TELEDYNE TECHNOLOGIES INC,2017,0001094285-17-000031,false,false,true,56,1,Yesenia Garcia; Naomi Ichiriu,Yesenia Garcia=done; Naomi Ichiriu=done,Yesenia Garcia=2026-08-31T06:01:26.877360; Naomi Ichiriu=2026-08-19T20:31:34.461455,2,true,2026-08-31T06:29:21.415741,,0,0,0,0,0,0
3113,0001094285,TELEDYNE TECHNOLOGIES INC,2018,0001094285-18-000053,false,false,true,47,1,Yesenia Garcia; Naomi Ichiriu,Yesenia Garcia=done; Naomi Ichiriu=done,Yesenia Garcia=2026-08-31T06:01:28.603463; Naomi Ichiriu=2026-08-19T20:31:56.078536,2,true,2026-08-31T06:29:19.502057,,0,0,0,0,0,0
3112,0001094285,TELEDYNE TECHNOLOGIES INC,2019,0001094285-19-000064,false,false,true,106,2,Yesenia Garcia; Naomi Ichiriu,Yesenia Garcia=done; Naomi Ichiriu=done,Yesenia Garcia=2026-08-31T06:01:30.126626; Naomi Ichiriu=2026-08-19T20:31:42.542278,2,true,2026-08-31T06:29:18.110799,,0,0,0,0,0,0
3114,0001094285,TELEDYNE TECHNOLOGIES INC,2020,0001094285-20-000045,false,false,true,69,2,Yesenia Garcia; Naomi Ichiriu,Yesenia Garcia=done; Naomi Ichiriu=done,Yesenia Garcia=2026-08-31T06:01:31.738618; Naomi Ichiriu=2026-08-19T20:32:14.628783,2,true,2026-08-31T06:29:16.104573,,0,0,0,0,0,0
3115,0001094285,TELEDYNE TECHNOLOGIES INC,2021,0001094285-21-000066,false,false,true,81,2,Yesenia Garcia; Naomi Ichiriu,Yesenia Garcia=done; Naomi Ichiriu=done,Yesenia Garcia=2026-08-31T06:01:33.539819; Naomi Ichiriu=2026-08-19T20:32:23.863813,2,true,2026-08-31T06:29:02.929176,,0,0,0,0,0,0
3116,0001094285,TELEDYNE TECHNOLOGIES INC,2022,0001094285-22-000049,false,false,true,190,9,Naomi Ichiriu; Yesenia Garcia,Naomi Ichiriu=done; Yesenia Garcia=done,Naomi Ichiriu=2026-08-19T20:32:50.085761; Yesenia Garcia=2026-08-31T06:01:35.259523,2,true,2026-08-31T06:29:01.371289,,0,0,0,0,0,0
3117,0001094285,TELEDYNE TECHNOLOGIES INC,2023,0001094285-23-000053,false,false,true,269,10,Naomi Ichiriu; Yesenia Garcia,Naomi Ichiriu=done; Yesenia Garcia=done,Naomi Ichiriu=2026-08-19T20:33:54.189035; Yesenia Garcia=2026-08-31T06:01:36.870416,2,true,2026-08-31T06:28:59.721839,,0,0,0,0,0,0
3118,0001094285,TELEDYNE TECHNOLOGIES INC,2024,0001094285-24-000044,false,false,false,327,60,Naomi Ichiriu; Yesenia Garcia,Naomi Ichiriu=done; Yesenia Garcia=in_progress,Naomi Ichiriu=2026-08-20T12:05:25.187788; Yesenia Garcia=,2,false,,,13,0,13,0,0,0
3119,0001094285,TELEDYNE TECHNOLOGIES INC,2025,0001094285-25-000053,false,false,false,328,75,Naomi Ichiriu; Yesenia Garcia,Naomi Ichiriu=done; Yesenia Garcia=in_progress,Naomi Ichiriu=2026-08-20T11:56:22.752967; Yesenia Garcia=,2,false,,,13,0,13,0,0,0
3120,0001094285,TELEDYNE TECHNOLOGIES INC,2026,0001094285-26-000017,false,false,false,264,108,Yesenia Garcia; Naomi Ichiriu,Yesenia Garcia=in_progress; Naomi Ichiriu=done,Yesenia Garcia=; Naomi Ichiriu=2026-08-20T11:49:33.225308,2,false,,,17,0,16,0,0,0
3125,0000097210,"TERADYNE, INC",2021,0001193125-21-050735,false,false,true,43,1,Naomi Ichiriu; Yesenia Garcia,Naomi Ichiriu=done; Yesenia Garcia=done,Naomi Ichiriu=2026-08-19T20:40:39.413895; Yesenia Garcia=2026-09-12T05:50:16.016161,2,true,2026-09-30T19:11:52.119446,,0,0,0,0,0,0
3127,0000097210,"TERADYNE, INC",2022,0001193125-22-049828,false,false,true,96,2,Naomi Ichiriu; Yesenia Garcia,Naomi Ichiriu=done; Yesenia Garcia=done,Naomi Ichiriu=2026-08-19T20:40:30.722281; Yesenia Garcia=2026-09-12T05:51:57.807927,2,true,2026-09-30T19:11:54.701847,,0,0,0,0,0,0
3126,0000097210,"TERADYNE, INC",2023,0001193125-23-044711,false,false,true,89,2,Naomi Ichiriu; Yesenia Garcia,Naomi Ichiriu=done; Yesenia Garcia=done,Naomi Ichiriu=2026-08-20T11:37:53.762759; Yesenia Garcia=2026-09-12T05:52:05.293787,2,true,2026-09-30T19:11:57.087494,,0,0,0,0,0,0
3128,0000097210,"TERADYNE, INC",2024,0000950170-24-018701,false,false,false,312,32,Naomi Ichiriu; Yesenia Garcia,Naomi Ichiriu=done; Yesenia Garcia=done,Naomi Ichiriu=2026-08-20T02:55:37.143113; Yesenia Garcia=2026-09-12T05:52:57.038058,2,false,,,1,0,1,0,0,1
3129,0000097210,"TERADYNE, INC",2025,0000950170-25-023784,false,false,false,328,95,Naomi Ichiriu; Yesenia Garcia,Naomi Ichiriu=done; Yesenia Garcia=in_progress,Naomi Ichiriu=2026-08-20T02:27:50.737734; Yesenia Garcia=,2,false,,,7,0,7,0,0,0
3155,0000097210,"TERADYNE, INC",2026,0001193125-26-059002,false,false,false,935,183,Naomi Ichiriu; Yesenia Garcia,Naomi Ichiriu=done; Yesenia Garcia=in_progress,Naomi Ichiriu=2026-08-22T17:05:46.557214; Yesenia Garcia=,2,false,,,10,0,9,0,0,0
1573,0000097476,TEXAS INSTRUMENTS INC,2018,0001564590-18-002832,false,false,false,321,3,Yesenia Garcia; Akshitha Venkataraman,Yesenia Garcia=done; Akshitha Venkataraman=done,Yesenia Garcia=2026-07-13T06:50:40.952481; Akshitha Venkataraman=2026-07-20T17:03:21.530104,2,true,2026-09-13T22:49:21.943081,,0,0,0,0,0,0
1574,0000097476,TEXAS INSTRUMENTS INC,2019,0001564590-19-003839,false,false,false,413,4,Yesenia Garcia; Akshitha Venkataraman,Yesenia Garcia=done; Akshitha Venkataraman=done,Yesenia Garcia=2026-07-13T06:51:17.148348; Akshitha Venkataraman=2026-07-20T17:06:57.683042,2,true,2026-09-13T22:49:24.641927,,0,0,0,0,0,0
1575,0000097476,TEXAS INSTRUMENTS INC,2020,0000097476-20-000009,false,false,false,403,4,Yesenia Garcia; Akshitha Venkataraman,Yesenia Garcia=done; Akshitha Venkataraman=done,Yesenia Garcia=2026-07-13T06:51:52.414244; Akshitha Venkataraman=2026-07-20T17:09:39.967916,2,true,2026-09-13T22:49:27.162673,,0,0,0,0,0,0
1576,0000097476,TEXAS INSTRUMENTS INC,2021,0000097476-21-000006,false,false,false,410,4,Yesenia Garcia; Akshitha Venkataraman,Yesenia Garcia=done; Akshitha Venkataraman=done,Yesenia Garcia=2026-07-13T06:52:18.939783; Akshitha Venkataraman=2026-07-20T17:09:54.837676,2,true,2026-09-13T22:49:30.222049,,0,0,0,0,0,0
1577,0000097476,TEXAS INSTRUMENTS INC,2022,0000097476-22-000009,false,false,false,448,5,Yesenia Garcia; Akshitha Venkataraman,Yesenia Garcia=done; Akshitha Venkataraman=done,Yesenia Garcia=2026-07-13T06:52:45.443297; Akshitha Venkataraman=2026-07-20T17:10:08.792320,2,true,2026-09-13T22:49:33.476880,,0,0,0,0,0,0
1578,0000097476,TEXAS INSTRUMENTS INC,2023,0000097476-23-000007,false,false,false,433,5,Yesenia Garcia; Akshitha Venkataraman,Yesenia Garcia=done; Akshitha Venkataraman=done,Yesenia Garcia=2026-07-13T06:53:09.088422; Akshitha Venkataraman=2026-07-20T17:10:20.509744,2,true,2026-09-13T22:49:37.444915,,0,0,0,0,0,0
1579,0000097476,TEXAS INSTRUMENTS INC,2024,0000097476-24-000007,false,false,false,480,26,Yesenia Garcia; Akshitha Venkataraman,Yesenia Garcia=done; Akshitha Venkataraman=done,Yesenia Garcia=2026-07-13T06:53:38.612878; Akshitha Venkataraman=2026-07-20T17:10:31.813894,2,true,2026-09-13T22:49:40.301877,,0,0,0,0,0,0
1580,0000097476,TEXAS INSTRUMENTS INC,2025,0000097476-25-000007,false,false,false,516,46,Yesenia Garcia; Akshitha Venkataraman,Yesenia Garcia=done; Akshitha Venkataraman=done,Yesenia Garcia=2026-07-13T06:55:55.228081; Akshitha Venkataraman=2026-07-20T17:12:44.640242,2,false,,,1,0,1,0,0,1
1581,0000097476,TEXAS INSTRUMENTS INC,2026,0000097476-26-000059,false,false,false,655,56,Yesenia Garcia; Akshitha Venkataraman,Yesenia Garcia=done; Akshitha Venkataraman=done,Yesenia Garcia=2026-07-13T06:56:51.674236; Akshitha Venkataraman=2026-07-20T17:13:39.356693,2,false,,,1,0,1,0,0,1
2746,0001811074,Texas Pacific Land Corp,2022,0001811074-22-000014,false,false,false,230,4,Akshitha Venkataraman; Yesenia Garcia,Akshitha Venkataraman=done; Yesenia Garcia=done,Akshitha Venkataraman=2026-08-17T15:21:05.627681; Yesenia Garcia=2026-08-24T06:31:19.917945,2,true,2026-09-27T04:00:58.156763,,0,0,0,0,0,0
2747,0001811074,Texas Pacific Land Corp,2023,0001811074-23-000014,false,false,false,204,4,Akshitha Venkataraman; Yesenia Garcia,Akshitha Venkataraman=done; Yesenia Garcia=done,Akshitha Venkataraman=2026-08-17T15:21:28.448624; Yesenia Garcia=2026-08-24T06:31:22.247191,2,true,2026-09-27T04:01:01.965257,,0,0,0,0,0,0
2748,0001811074,Texas Pacific Land Corp,2024,0001811074-24-000015,false,false,false,398,40,Akshitha Venkataraman; Yesenia Garcia,Akshitha Venkataraman=done; Yesenia Garcia=done,Akshitha Venkataraman=2026-08-17T15:22:07.843756; Yesenia Garcia=2026-08-24T06:31:24.686233,2,true,2026-09-27T04:01:08.959570,,0,0,0,0,0,0
2749,0001811074,Texas Pacific Land Corp,2025,0001811074-25-000044,false,false,false,527,47,Akshitha Venkataraman; Yesenia Garcia,Akshitha Venkataraman=done; Yesenia Garcia=done,Akshitha Venkataraman=2026-08-17T15:22:41.609650; Yesenia Garcia=2026-08-24T06:31:26.951654,2,true,2026-09-27T04:01:14.743672,,0,0,0,0,0,0
2750,0001811074,Texas Pacific Land Corp,2026,0001811074-26-000018,false,false,false,922,56,Akshitha Venkataraman; Yesenia Garcia,Akshitha Venkataraman=done; Yesenia Garcia=done,Akshitha Venkataraman=2026-08-17T15:23:28.193738; Yesenia Garcia=2026-08-24T06:32:23.462050,2,false,,,2,0,1,0,0,2
3134,0000217346,TEXTRON INC,2015,0001104659-15-013784,false,false,false,92,3,Naomi Ichiriu,Naomi Ichiriu=done,Naomi Ichiriu=2026-08-20T02:54:39.299255,2,false,,,0,0,0,0,0,0
3135,0000217346,TEXTRON INC,2016,0001104659-16-099562,false,false,false,108,4,Naomi Ichiriu,Naomi Ichiriu=done,Naomi Ichiriu=2026-08-20T02:54:22.545515,2,false,,,0,0,0,0,0,0
3136,0000217346,TEXTRON INC,2017,0001104659-17-010809,false,false,false,110,4,Naomi Ichiriu,Naomi Ichiriu=done,Naomi Ichiriu=2026-08-20T02:56:20.616166,2,false,,,0,0,0,0,0,0
3137,0000217346,TEXTRON INC,2018,0001104659-18-009905,false,false,false,170,5,Naomi Ichiriu,Naomi Ichiriu=done,Naomi Ichiriu=2026-08-20T02:57:23.909894,2,false,,,0,0,0,0,0,0
3138,0000217346,TEXTRON INC,2019,0001104659-19-008151,false,false,false,171,7,Naomi Ichiriu,Naomi Ichiriu=done,Naomi Ichiriu=2026-08-20T02:57:39.555047,2,false,,,0,0,0,0,0,0
3139,0000217346,TEXTRON INC,2020,0001104659-20-024773,false,false,false,199,8,Naomi Ichiriu,Naomi Ichiriu=done,Naomi Ichiriu=2026-08-20T02:58:16.410448,2,false,,,0,0,0,0,0,0
3140,0000217346,TEXTRON INC,2021,0000217346-21-000019,false,false,false,245,9,Naomi Ichiriu,Naomi Ichiriu=done,Naomi Ichiriu=2026-08-20T11:33:25.126587,2,false,,,0,0,0,0,0,0
3175,0000217346,TEXTRON INC,2022,0000217346-22-000005,false,false,false,247,10,Naomi Ichiriu,Naomi Ichiriu=done,Naomi Ichiriu=2026-08-21T01:35:29.679350,2,false,,,0,0,0,0,0,0
3176,0000217346,TEXTRON INC,2023,0000217346-23-000006,false,false,false,272,10,Naomi Ichiriu,Naomi Ichiriu=done,Naomi Ichiriu=2026-08-21T01:35:27.733414,2,false,,,0,0,0,0,0,0
3177,0000217346,TEXTRON INC,2024,0000217346-24-000017,false,false,false,311,21,Naomi Ichiriu,Naomi Ichiriu=done,Naomi Ichiriu=2026-08-21T01:17:51.611787,2,false,,,0,0,0,0,0,0
3187,0000217346,TEXTRON INC,2025,0000217346-25-000017,false,false,false,330,30,Naomi Ichiriu,Naomi Ichiriu=done,Naomi Ichiriu=2026-08-21T22:54:17.877697,2,false,,,2,2,0,0,0,0
3188,0000217346,TEXTRON INC,2026,0000217346-26-000006,false,false,false,364,31,Naomi Ichiriu,Naomi Ichiriu=done,Naomi Ichiriu=2026-08-21T23:10:04.882893,2,false,,,7,2,0,0,0,0
1903,0001973266,"TKO Group Holdings, Inc.",2024,0001562762-24-000038,false,false,false,1143,45,Akshitha Venkataraman; Yesenia Garcia,Akshitha Venkataraman=done; Yesenia Garcia=done,Akshitha Venkataraman=2026-07-27T05:59:18.489186; Yesenia Garcia=2026-07-18T04:14:32.580773,2,true,2026-07-27T16:19:36.982169,,3,0,0,3,0,3
1904,0001973266,"TKO Group Holdings, Inc.",2025,0000950170-25-027778,false,false,false,1253,45,Akshitha Venkataraman; Yesenia Garcia,Akshitha Venkataraman=done; Yesenia Garcia=done,Akshitha Venkataraman=2026-07-27T06:13:43.722617; Yesenia Garcia=2026-07-18T04:16:23.731543,2,true,2026-07-27T16:20:11.581268,,2,1,0,1,0,1
1905,0001973266,"TKO Group Holdings, Inc.",2026,0001193125-26-071651,false,false,false,1257,415,Akshitha Venkataraman; Yesenia Garcia,Akshitha Venkataraman=done; Yesenia Garcia=done,Akshitha Venkataraman=2026-07-27T06:17:08.168685; Yesenia Garcia=2026-07-18T04:18:28.348851,2,true,2026-07-27T16:21:05.533143,,4,2,0,2,0,2
2540,0001283699,"T-Mobile US, Inc.",2015,0001283699-15-000010,false,false,false,44,1,Akshitha Venkataraman; Yesenia Garcia,Akshitha Venkataraman=done; Yesenia Garcia=done,Akshitha Venkataraman=2026-08-17T14:44:43.044367; Yesenia Garcia=2026-08-23T10:15:21.750321,2,true,2026-09-27T01:34:51.511074,,0,0,0,0,0,0
2716,0001283699,"T-Mobile US, Inc.",2016,0001283699-16-000073,false,false,false,44,1,Akshitha Venkataraman; Yesenia Garcia,Akshitha Venkataraman=done; Yesenia Garcia=done,Akshitha Venkataraman=2026-08-17T14:45:02.925466; Yesenia Garcia=2026-08-23T10:15:25.154370,2,true,2026-09-27T01:34:53.739872,,0,0,0,0,0,0
2717,0001283699,"T-Mobile US, Inc.",2017,0001283699-17-000010,false,false,false,101,2,Akshitha Venkataraman; Yesenia Garcia,Akshitha Venkataraman=done; Yesenia Garcia=done,Akshitha Venkataraman=2026-08-17T14:45:49.360967; Yesenia Garcia=2026-08-23T10:15:27.312955,2,true,2026-09-27T01:34:56.226099,,0,0,0,0,0,0
2718,0001283699,"T-Mobile US, Inc.",2018,0001283699-18-000011,false,false,false,91,2,Akshitha Venkataraman; Yesenia Garcia,Akshitha Venkataraman=done; Yesenia Garcia=done,Akshitha Venkataraman=2026-08-17T14:46:07.925237; Yesenia Garcia=2026-08-23T10:15:29.474490,2,true,2026-09-27T01:34:58.905673,,0,0,0,0,0,0
2719,0001283699,"T-Mobile US, Inc.",2019,0001283699-19-000015,false,false,false,97,2,Akshitha Venkataraman; Yesenia Garcia,Akshitha Venkataraman=done; Yesenia Garcia=done,Akshitha Venkataraman=2026-08-17T14:46:25.652159; Yesenia Garcia=2026-08-23T10:15:31.274025,2,true,2026-09-27T01:35:01.232923,,0,0,0,0,0,0
2720,0001283699,"T-Mobile US, Inc.",2020,0001283699-20-000026,false,false,false,89,2,Akshitha Venkataraman; Yesenia Garcia,Akshitha Venkataraman=done; Yesenia Garcia=done,Akshitha Venkataraman=2026-08-17T14:46:45.387029; Yesenia Garcia=2026-08-23T10:15:33.345323,2,true,2026-09-27T01:35:03.747157,,0,0,0,0,0,0
2721,0001283699,"T-Mobile US, Inc.",2021,0001283699-21-000039,false,false,false,102,2,Akshitha Venkataraman; Yesenia Garcia,Akshitha Venkataraman=done; Yesenia Garcia=done,Akshitha Venkataraman=2026-08-17T14:47:03.185371; Yesenia Garcia=2026-08-23T10:15:35.502812,2,true,2026-09-27T01:35:06.376889,,0,0,0,0,0,0
2722,0001283699,"T-Mobile US, Inc.",2022,0001283699-22-000018,false,false,false,548,14,Akshitha Venkataraman; Yesenia Garcia,Akshitha Venkataraman=done; Yesenia Garcia=done,Akshitha Venkataraman=2026-08-17T14:47:38.417781; Yesenia Garcia=2026-08-23T10:15:44.865801,2,true,2026-09-27T01:35:10.849801,,0,0,0,0,0,0
2723,0001283699,"T-Mobile US, Inc.",2023,0001283699-23-000016,false,false,false,661,13,Akshitha Venkataraman; Yesenia Garcia,Akshitha Venkataraman=done; Yesenia Garcia=done,Akshitha Venkataraman=2026-08-17T14:48:13.065050; Yesenia Garcia=2026-08-23T10:15:53.140747,2,true,2026-09-27T01:35:16.094689,,0,0,0,0,0,0
2724,0001283699,"T-Mobile US, Inc.",2024,0001283699-24-000008,false,false,false,378,53,Akshitha Venkataraman; Yesenia Garcia,Akshitha Venkataraman=done; Yesenia Garcia=done,Akshitha Venkataraman=2026-08-17T14:49:29.020657; Yesenia Garcia=2026-08-24T05:55:10.478016,2,false,,,3,0,3,0,0,3
2725,0001283699,"T-Mobile US, Inc.",2025,0001283699-25-000012,false,false,false,568,178,Akshitha Venkataraman; Yesenia Garcia,Akshitha Venkataraman=done; Yesenia Garcia=done,Akshitha Venkataraman=2026-08-17T14:54:02.893509; Yesenia Garcia=2026-08-24T05:57:26.813437,2,false,,,8,3,5,0,0,6
2726,0001283699,"T-Mobile US, Inc.",2026,0001283699-26-000010,false,false,false,571,195,Akshitha Venkataraman; Yesenia Garcia,Akshitha Venkataraman=done; Yesenia Garcia=done,Akshitha Venkataraman=2026-08-17T14:58:52.687918; Yesenia Garcia=2026-08-24T05:59:44.122176,2,false,,,12,3,6,3,0,9
1830,0000916365,TRACTOR SUPPLY CO /DE/,2015,0000916365-15-000042,false,false,true,212,3,Naomi Ichiriu; Akshitha Venkataraman,Naomi Ichiriu=done; Akshitha Venkataraman=done,Naomi Ichiriu=2026-07-14T20:01:22.847327; Akshitha Venkataraman=2026-08-10T07:52:18.761409,2,true,2026-08-10T19:57:35.565839,,0,0,0,0,0,0
1831,0000916365,TRACTOR SUPPLY CO /DE/,2016,0000916365-16-000140,false,false,true,47,1,Naomi Ichiriu; Akshitha Venkataraman,Naomi Ichiriu=done; Akshitha Venkataraman=done,Naomi Ichiriu=2026-07-14T20:01:48.129998; Akshitha Venkataraman=2026-08-10T07:52:21.021944,2,true,2026-08-10T19:57:38.462753,,0,0,0,0,0,0
1833,0000916365,TRACTOR SUPPLY CO /DE/,2017,0000916365-17-000031,false,false,true,46,1,Naomi Ichiriu; Akshitha Venkataraman,Naomi Ichiriu=done; Akshitha Venkataraman=done,Naomi Ichiriu=2026-07-14T20:01:55.645164; Akshitha Venkataraman=2026-08-10T07:52:23.150168,2,true,2026-08-10T19:57:41.425482,,0,0,0,0,0,0
1832,0000916365,TRACTOR SUPPLY CO /DE/,2018,0000916365-18-000031,false,false,true,145,4,Naomi Ichiriu; Akshitha Venkataraman,Naomi Ichiriu=done; Akshitha Venkataraman=done,Naomi Ichiriu=2026-07-14T20:06:51.713645; Akshitha Venkataraman=2026-08-10T07:52:25.202119,2,true,2026-08-10T19:57:45.581486,,0,0,0,0,0,0
1836,0000916365,TRACTOR SUPPLY CO /DE/,2019,0000916365-19-000035,false,false,true,180,6,Naomi Ichiriu; Akshitha Venkataraman,Naomi Ichiriu=done; Akshitha Venkataraman=done,Naomi Ichiriu=2026-07-14T20:07:12.345802; Akshitha Venkataraman=2026-08-10T07:52:27.245166,2,true,2026-08-10T19:52:25.877258,,0,0,0,0,0,0
1834,0000916365,TRACTOR SUPPLY CO /DE/,2020,0000916365-20-000050,false,false,true,129,6,Naomi Ichiriu; Akshitha Venkataraman,Naomi Ichiriu=done; Akshitha Venkataraman=done,Naomi Ichiriu=2026-07-14T20:07:27.829640; Akshitha Venkataraman=2026-08-10T07:52:29.549189,2,true,2026-08-10T19:57:50.257917,,0,0,0,0,0,0
1835,0000916365,TRACTOR SUPPLY CO /DE/,2021,0000916365-21-000052,false,false,true,142,6,Naomi Ichiriu; Akshitha Venkataraman,Naomi Ichiriu=done; Akshitha Venkataraman=done,Naomi Ichiriu=2026-07-14T20:07:56.019518; Akshitha Venkataraman=2026-08-10T07:52:31.521336,2,true,2026-08-10T19:57:54.967135,,0,0,0,0,0,0
1837,0000916365,TRACTOR SUPPLY CO /DE/,2022,0000916365-22-000049,false,false,true,149,6,Naomi Ichiriu; Akshitha Venkataraman,Naomi Ichiriu=done; Akshitha Venkataraman=done,Naomi Ichiriu=2026-07-14T20:08:19.764917; Akshitha Venkataraman=2026-08-10T07:52:33.783478,2,true,2026-08-10T19:57:58.777637,,0,0,0,0,0,0
1838,0000916365,TRACTOR SUPPLY CO /DE/,2023,0000916365-23-000045,false,false,true,154,6,Naomi Ichiriu; Akshitha Venkataraman,Naomi Ichiriu=done; Akshitha Venkataraman=done,Naomi Ichiriu=2026-07-14T20:11:39.545324; Akshitha Venkataraman=2026-08-10T07:52:36.165439,2,true,2026-08-10T19:58:03.652899,,0,0,0,0,0,0
1839,0000916365,TRACTOR SUPPLY CO /DE/,2024,0000916365-24-000046,false,false,true,226,25,Naomi Ichiriu; Akshitha Venkataraman,Naomi Ichiriu=done; Akshitha Venkataraman=done,Naomi Ichiriu=2026-07-14T20:14:27.156481; Akshitha Venkataraman=2026-08-10T07:53:10.932975,2,true,2026-08-17T16:59:25.906555,,3,0,0,2,0,2
1840,0000916365,TRACTOR SUPPLY CO /DE/,2025,0000916365-25-000076,false,false,true,222,31,Naomi Ichiriu; Akshitha Venkataraman,Naomi Ichiriu=done; Akshitha Venkataraman=done,Naomi Ichiriu=2026-07-14T20:15:47.795762; Akshitha Venkataraman=2026-08-10T07:53:41.381631,2,true,2026-08-17T16:59:41.736497,,3,0,0,2,0,2
1841,0000916365,TRACTOR SUPPLY CO /DE/,2026,0000916365-26-000014,false,false,true,237,39,Naomi Ichiriu; Akshitha Venkataraman,Naomi Ichiriu=done; Akshitha Venkataraman=done,Naomi Ichiriu=2026-08-10T20:01:42.294426; Akshitha Venkataraman=2026-08-10T07:55:37.704680,2,true,2026-08-17T17:03:38.995925,,5,0,0,5,0,8
3151,0001671933,"Trade Desk, Inc.",2017,0001193125-17-046742,false,false,true,98,2,Naomi Ichiriu; Yesenia Garcia,Naomi Ichiriu=done; Yesenia Garcia=done,Naomi Ichiriu=2026-08-20T11:33:37.976126; Yesenia Garcia=2026-09-04T02:15:28.247199,2,true,2026-10-01T15:08:07.163410,,0,0,0,0,0,0
3166,0001671933,"Trade Desk, Inc.",2019,0001564590-19-003906,false,false,true,91,2,Naomi Ichiriu; Yesenia Garcia,Naomi Ichiriu=done; Yesenia Garcia=done,Naomi Ichiriu=2026-08-21T01:04:57.858513; Yesenia Garcia=2026-09-04T02:15:34.229773,2,true,2026-10-01T15:08:05.554138,,0,0,0,0,0,0
3167,0001671933,"Trade Desk, Inc.",2020,0001564590-20-007498,false,false,false,430,7,Naomi Ichiriu; Yesenia Garcia,Naomi Ichiriu=done; Yesenia Garcia=in_progress,Naomi Ichiriu=2026-08-21T21:45:42.427467; Yesenia Garcia=,2,false,,,4,0,1,0,0,0
3168,0001671933,"Trade Desk, Inc.",2021,0001564590-21-006726,false,false,false,677,9,Naomi Ichiriu; Yesenia Garcia,Naomi Ichiriu=done; Yesenia Garcia=in_progress,Naomi Ichiriu=2026-08-21T21:47:59.789284; Yesenia Garcia=,2,false,,,4,0,1,0,0,0
3169,0001671933,"Trade Desk, Inc.",2022,0001564590-22-005385,false,false,false,601,9,Naomi Ichiriu; Yesenia Garcia,Naomi Ichiriu=done; Yesenia Garcia=in_progress,Naomi Ichiriu=2026-08-21T21:49:10.856836; Yesenia Garcia=,2,false,,,4,0,1,0,0,0
3170,0001671933,"Trade Desk, Inc.",2023,0001671933-23-000007,false,false,false,524,8,Naomi Ichiriu; Yesenia Garcia,Naomi Ichiriu=done; Yesenia Garcia=in_progress,Naomi Ichiriu=2026-08-21T21:49:32.661294; Yesenia Garcia=,2,false,,,1,0,1,0,0,0
3171,0001671933,"Trade Desk, Inc.",2024,0001671933-24-000014,false,false,false,535,27,Naomi Ichiriu; Yesenia Garcia,Naomi Ichiriu=done; Yesenia Garcia=in_progress,Naomi Ichiriu=2026-08-21T21:47:22.211726; Yesenia Garcia=,2,false,,,1,0,1,0,0,0
3172,0001671933,"Trade Desk, Inc.",2025,0001671933-25-000029,false,false,false,467,28,Naomi Ichiriu; Yesenia Garcia,Naomi Ichiriu=done; Yesenia Garcia=in_progress,Naomi Ichiriu=2026-08-21T21:48:37.226641; Yesenia Garcia=,2,false,,,1,0,1,0,0,0
3174,0001671933,"Trade Desk, Inc.",2026,0001671933-26-000014,false,false,false,1809,318,Naomi Ichiriu; Yesenia Garcia,Naomi Ichiriu=done; Yesenia Garcia=in_progress,Naomi Ichiriu=2026-08-21T21:57:24.438423; Yesenia Garcia=,2,false,,,10,0,10,0,0,0
3159,0001260221,TransDigm Group INC,2022,0001260221-22-000065,false,false,false,112,5,Naomi Ichiriu,Naomi Ichiriu=done,Naomi Ichiriu=2026-08-21T01:01:07.687490,2,false,,,0,0,0,0,0,0
3162,0001260221,TransDigm Group INC,2023,0001260221-23-000081,false,false,false,111,5,Naomi Ichiriu,Naomi Ichiriu=done,Naomi Ichiriu=2026-08-21T01:03:07.563496,2,false,,,0,0,0,0,0,0
3163,0001260221,TransDigm Group INC,2024,0001260221-24-000083,false,false,false,154,47,Naomi Ichiriu,Naomi Ichiriu=done,Naomi Ichiriu=2026-08-21T01:02:54.125600,2,false,,,6,5,0,0,0,0
3164,0001260221,TransDigm Group INC,2025,0001260221-25-000081,false,false,false,105,40,Naomi Ichiriu,Naomi Ichiriu=done,Naomi Ichiriu=2026-08-21T01:01:50.171545,2,false,,,2,2,0,0,0,0
1842,0000864749,TRIMBLE INC.,2015,0000864749-15-000002,false,false,true,105,6,Naomi Ichiriu; Yesenia Garcia,Naomi Ichiriu=done; Yesenia Garcia=done,Naomi Ichiriu=2026-07-14T20:21:37.752787; Yesenia Garcia=2026-07-18T03:46:43.594481,2,true,2026-07-18T07:01:46.413106,,0,0,0,0,0,0
1845,0000864749,TRIMBLE INC.,2016,0000864749-16-000092,false,false,true,104,6,Naomi Ichiriu; Yesenia Garcia,Naomi Ichiriu=done; Yesenia Garcia=done,Naomi Ichiriu=2026-07-14T20:28:52.147751; Yesenia Garcia=2026-07-18T03:47:09.869932,2,true,2026-07-18T07:03:32.679256,,0,0,0,0,0,0
1844,0000864749,TRIMBLE INC.,2017,0000864749-17-000007,false,false,true,433,7,Naomi Ichiriu; Yesenia Garcia,Naomi Ichiriu=done; Yesenia Garcia=done,Naomi Ichiriu=2026-07-14T20:29:11.528948; Yesenia Garcia=2026-07-18T03:47:57.219924,2,true,2026-07-18T07:03:44.335053,,0,0,0,0,0,0
1843,0000864749,TRIMBLE INC.,2018,0000864749-18-000010,false,false,true,485,8,Naomi Ichiriu; Yesenia Garcia,Naomi Ichiriu=done; Yesenia Garcia=done,Naomi Ichiriu=2026-07-14T20:28:11.753430; Yesenia Garcia=2026-07-18T03:48:11.608458,2,true,2026-07-18T07:03:49.782875,,0,0,0,0,0,0
1846,0000864749,TRIMBLE INC.,2019,0000864749-19-000006,false,false,true,490,8,Naomi Ichiriu; Yesenia Garcia,Naomi Ichiriu=done; Yesenia Garcia=done,Naomi Ichiriu=2026-07-14T20:28:34.549105; Yesenia Garcia=2026-07-18T03:48:32.756940,2,true,2026-07-18T07:03:57.343001,,0,0,0,0,0,0
1847,0000864749,TRIMBLE INC.,2020,0000864749-20-000029,false,false,true,256,6,Naomi Ichiriu; Yesenia Garcia,Naomi Ichiriu=done; Yesenia Garcia=done,Naomi Ichiriu=2026-07-14T20:30:56.091111; Yesenia Garcia=2026-07-18T03:48:47.336345,2,true,2026-07-18T07:04:04.920250,,0,0,0,0,0,0
1851,0000864749,TRIMBLE INC.,2021,0000864749-21-000029,false,false,true,309,8,Naomi Ichiriu; Yesenia Garcia,Naomi Ichiriu=done; Yesenia Garcia=done,Naomi Ichiriu=2026-07-14T20:36:28.164065; Yesenia Garcia=2026-07-18T03:49:17.939623,2,true,2026-07-18T07:04:10.767002,,0,0,0,0,0,0
1848,0000864749,TRIMBLE INC.,2022,0000864749-22-000044,false,false,true,421,9,Naomi Ichiriu; Yesenia Garcia,Naomi Ichiriu=done; Yesenia Garcia=done,Naomi Ichiriu=2026-07-14T20:35:27.497138; Yesenia Garcia=2026-07-18T03:49:41.698598,2,true,2026-07-18T07:04:29.768497,,0,0,0,0,0,0
1849,0000864749,TRIMBLE INC.,2023,0000864749-23-000012,false,false,true,481,9,Naomi Ichiriu; Yesenia Garcia,Naomi Ichiriu=done; Yesenia Garcia=done,Naomi Ichiriu=2026-07-14T20:34:48.759535; Yesenia Garcia=2026-07-18T03:50:17.731703,2,true,2026-07-18T07:04:50.850826,,0,0,0,0,0,0
1853,0000864749,TRIMBLE INC.,2024,0000864749-24-000047,false,false,true,542,66,Naomi Ichiriu; Yesenia Garcia,Naomi Ichiriu=done; Yesenia Garcia=done,Naomi Ichiriu=2026-07-14T21:10:30.685306; Yesenia Garcia=2026-07-18T03:51:14.791647,2,true,2026-07-18T07:04:57.400320,,0,0,0,0,0,0
1852,0000864749,TRIMBLE INC.,2025,0000864749-25-000090,false,false,true,656,207,Naomi Ichiriu; Yesenia Garcia,Naomi Ichiriu=done; Yesenia Garcia=done,Naomi Ichiriu=2026-07-14T22:36:14.684602; Yesenia Garcia=2026-07-18T04:03:17.058007,2,true,2026-07-30T20:14:26.697663,,16,3,0,11,2,17
1850,0000864749,TRIMBLE INC.,2026,0000864749-26-000015,false,false,true,736,232,Naomi Ichiriu; Yesenia Garcia,Naomi Ichiriu=done; Yesenia Garcia=done,Naomi Ichiriu=2026-07-14T20:35:41.979897; Yesenia Garcia=2026-07-18T04:12:21.332373,2,true,2026-07-27T03:34:07.998588,,26,0,0,19,0,19
2450,0000074208,"UDR, Inc.",2018,0000074208-18-000024,false,false,false,127,5,Akshitha Venkataraman; Yesenia Garcia,Akshitha Venkataraman=done; Yesenia Garcia=done,Akshitha Venkataraman=2026-08-02T20:20:34.981754; Yesenia Garcia=2026-08-03T08:27:33.657781,2,true,2026-09-21T02:33:12.028883,,0,0,0,0,0,0
2452,0000074208,"UDR, Inc.",2019,0000074208-19-000028,false,false,false,130,5,Akshitha Venkataraman; Yesenia Garcia,Akshitha Venkataraman=done; Yesenia Garcia=done,Akshitha Venkataraman=2026-08-02T20:34:36.501416; Yesenia Garcia=2026-08-03T08:27:47.133303,2,true,2026-09-21T02:33:16.385522,,0,0,0,0,0,0
2453,0000074208,"UDR, Inc.",2020,0000074208-20-000031,false,false,false,90,6,Akshitha Venkataraman; Yesenia Garcia,Akshitha Venkataraman=done; Yesenia Garcia=done,Akshitha Venkataraman=2026-08-02T20:38:04.897725; Yesenia Garcia=2026-08-03T08:27:57.417065,2,true,2026-09-21T02:33:18.816267,,0,0,0,0,0,0
2454,0000074208,"UDR, Inc.",2021,0000074208-21-000025,false,false,false,208,8,Akshitha Venkataraman; Yesenia Garcia,Akshitha Venkataraman=done; Yesenia Garcia=done,Akshitha Venkataraman=2026-08-02T20:42:12.911326; Yesenia Garcia=2026-08-03T08:28:09.383795,2,true,2026-09-21T02:33:21.429376,,0,0,0,0,0,0
2455,0000074208,"UDR, Inc.",2022,0000074208-22-000010,false,false,false,139,7,Akshitha Venkataraman; Yesenia Garcia,Akshitha Venkataraman=done; Yesenia Garcia=done,Akshitha Venkataraman=2026-08-02T20:43:35.176633; Yesenia Garcia=2026-08-03T08:28:24.247569,2,true,2026-09-21T02:33:23.948686,,0,0,0,0,0,0
2456,0000074208,"UDR, Inc.",2023,0000074208-23-000007,false,false,false,141,7,Akshitha Venkataraman; Yesenia Garcia,Akshitha Venkataraman=done; Yesenia Garcia=done,Akshitha Venkataraman=2026-08-02T20:47:42.809159; Yesenia Garcia=2026-08-03T08:28:42.613709,2,true,2026-09-21T02:33:26.647055,,0,0,0,0,0,0
2457,0000074208,"UDR, Inc.",2024,0000074208-24-000011,false,false,false,219,42,Akshitha Venkataraman; Yesenia Garcia,Akshitha Venkataraman=done; Yesenia Garcia=done,Akshitha Venkataraman=2026-08-02T20:48:39.975288; Yesenia Garcia=2026-08-03T08:28:57.994833,2,true,2026-09-21T02:33:30.747529,,0,0,0,0,0,0
2458,0000074208,"UDR, Inc.",2025,0000074208-25-000010,false,false,false,154,42,Akshitha Venkataraman; Yesenia Garcia,Akshitha Venkataraman=done; Yesenia Garcia=done,Akshitha Venkataraman=2026-08-02T20:52:27.443284; Yesenia Garcia=2026-08-03T08:29:17.453957,2,true,2026-09-21T02:33:32.946408,,0,0,0,0,0,0
2459,0000074208,"UDR, Inc.",2026,0000074208-26-000013,false,false,false,150,42,Akshitha Venkataraman; Yesenia Garcia,Akshitha Venkataraman=done; Yesenia Garcia=done,Akshitha Venkataraman=2026-08-02T20:55:29.215034; Yesenia Garcia=2026-09-21T02:33:54.712997,2,true,2026-09-21T02:34:41.097279,,0,0,0,0,0,0
2043,0001403568,"Ulta Beauty, Inc.",2015,0001193125-15-115602,false,false,true,54,1,Akshitha Venkataraman; Naomi Ichiriu,Akshitha Venkataraman=done; Naomi Ichiriu=done,Akshitha Venkataraman=2026-08-17T04:58:34.482721; Naomi Ichiriu=2026-07-21T22:28:07.151611,2,true,2026-08-17T07:14:05.252120,,0,0,0,0,0,0
2044,0001403568,"Ulta Beauty, Inc.",2016,0001193125-16-523101,false,false,true,98,2,Akshitha Venkataraman; Naomi Ichiriu,Akshitha Venkataraman=done; Naomi Ichiriu=done,Akshitha Venkataraman=2026-08-17T04:58:36.742134; Naomi Ichiriu=2026-07-21T22:31:54.633028,2,true,2026-08-17T07:14:00.760486,,0,0,0,0,0,0
2045,0001403568,"Ulta Beauty, Inc.",2017,0001193125-17-099261,false,false,true,118,2,Akshitha Venkataraman; Naomi Ichiriu,Akshitha Venkataraman=done; Naomi Ichiriu=done,Akshitha Venkataraman=2026-08-17T04:58:38.836663; Naomi Ichiriu=2026-07-21T22:33:55.566156,2,true,2026-08-17T07:14:08.917374,,0,0,0,0,0,0
2046,0001403568,"Ulta Beauty, Inc.",2018,0001558370-18-002733,false,false,true,166,3,Akshitha Venkataraman; Naomi Ichiriu,Akshitha Venkataraman=done; Naomi Ichiriu=done,Akshitha Venkataraman=2026-08-17T04:58:47.948542; Naomi Ichiriu=2026-07-21T22:34:30.529790,2,true,2026-08-17T07:14:13.239679,,0,0,0,0,0,0
2047,0001403568,"Ulta Beauty, Inc.",2019,0001558370-19-002739,false,false,true,204,5,Akshitha Venkataraman; Naomi Ichiriu,Akshitha Venkataraman=done; Naomi Ichiriu=done,Akshitha Venkataraman=2026-08-17T04:58:50.870968; Naomi Ichiriu=2026-07-21T22:35:37.093985,2,true,2026-08-17T07:14:17.842676,,0,0,0,0,0,0
2049,0001403568,"Ulta Beauty, Inc.",2020,0001558370-20-003272,false,false,true,718,4,Akshitha Venkataraman; Naomi Ichiriu,Akshitha Venkataraman=done; Naomi Ichiriu=done,Akshitha Venkataraman=2026-08-17T05:04:33.879465; Naomi Ichiriu=2026-07-21T22:36:00.737486,2,true,2026-08-17T07:15:30.933800,,0,0,0,0,0,0
2053,0001403568,"Ulta Beauty, Inc.",2021,0001558370-21-003523,false,false,true,384,6,Akshitha Venkataraman; Naomi Ichiriu,Akshitha Venkataraman=done; Naomi Ichiriu=done,Akshitha Venkataraman=2026-08-17T05:04:59.806417; Naomi Ichiriu=2026-07-21T22:40:24.882021,2,true,2026-08-17T07:22:34.525350,,1,0,0,1,0,1
2050,0001403568,"Ulta Beauty, Inc.",2022,0001558370-22-004330,false,false,true,903,8,Akshitha Venkataraman; Naomi Ichiriu,Akshitha Venkataraman=done; Naomi Ichiriu=done,Akshitha Venkataraman=2026-08-17T05:18:52.338465; Naomi Ichiriu=2026-07-21T22:39:10.465508,2,true,2026-08-17T07:26:35.586675,,1,0,0,1,0,1
2051,0001403568,"Ulta Beauty, Inc.",2023,0001558370-23-004581,false,false,true,885,8,Akshitha Venkataraman; Naomi Ichiriu,Akshitha Venkataraman=done; Naomi Ichiriu=done,Akshitha Venkataraman=2026-08-17T05:22:49.490411; Naomi Ichiriu=2026-07-21T22:39:50.198774,2,true,2026-08-17T07:26:48.122194,,1,0,0,1,0,1
2052,0001403568,"Ulta Beauty, Inc.",2024,0001558370-24-003941,false,false,false,912,32,Naomi Ichiriu,Naomi Ichiriu=done,Naomi Ichiriu=2026-07-21T22:37:12.152199,2,false,,,0,0,0,0,0,0
2054,0001403568,"Ulta Beauty, Inc.",2025,0001558370-25-003810,false,false,true,874,32,Akshitha Venkataraman; Naomi Ichiriu,Akshitha Venkataraman=done; Naomi Ichiriu=done,Akshitha Venkataraman=2026-08-17T05:27:17.177086; Naomi Ichiriu=2026-07-21T22:42:36.338528,2,true,2026-08-17T07:26:52.313642,,0,0,0,0,0,0
2048,0001403568,"Ulta Beauty, Inc.",2026,0001104659-26-035243,false,false,false,394,163,Akshitha Venkataraman; Naomi Ichiriu,Akshitha Venkataraman=done; Naomi Ichiriu=done,Akshitha Venkataraman=2026-08-17T05:40:44.818115; Naomi Ichiriu=2026-08-17T07:32:04.219110,2,false,,,16,5,5,4,0,7
4220,0000100885,UNION PACIFIC CORP,2020,0000100885-20-000065,false,false,false,53,1,Joseline Viveros; Alexa Bishop,Joseline Viveros=done; Alexa Bishop=done,Joseline Viveros=2026-09-21T05:22:09.998005; Alexa Bishop=2026-09-23T19:29:02.894612,2,true,2026-09-23T20:47:55.129871,,0,0,0,0,0,0
4221,0000100885,UNION PACIFIC CORP,2021,0000100885-21-000068,false,false,false,61,1,Joseline Viveros; Alexa Bishop,Joseline Viveros=done; Alexa Bishop=done,Joseline Viveros=2026-09-21T05:22:31.717359; Alexa Bishop=2026-09-23T19:29:30.700425,2,true,2026-09-23T20:48:07.898046,,0,0,0,0,0,0
4222,0000100885,UNION PACIFIC CORP,2022,0001437749-22-002494,false,false,false,93,5,Joseline Viveros; Alexa Bishop,Joseline Viveros=done; Alexa Bishop=done,Joseline Viveros=2026-09-21T05:22:58.224884; Alexa Bishop=2026-09-23T19:31:07.843515,2,true,2026-09-23T20:48:22.127896,,0,0,0,0,0,0
4223,0000100885,UNION PACIFIC CORP,2023,0001437749-23-002959,false,false,false,98,7,Joseline Viveros; Alexa Bishop,Joseline Viveros=done; Alexa Bishop=done,Joseline Viveros=2026-09-21T05:23:29.678028; Alexa Bishop=2026-09-23T19:32:18.404614,2,true,2026-09-23T20:48:34.385185,,0,0,0,0,0,0
4224,0000100885,UNION PACIFIC CORP,2024,0001437749-24-003599,false,false,false,149,30,Joseline Viveros; Alexa Bishop,Joseline Viveros=done; Alexa Bishop=done,Joseline Viveros=2026-09-21T05:24:02.848538; Alexa Bishop=2026-09-23T19:33:37.921607,2,true,2026-09-23T20:48:48.664359,,0,0,0,0,0,0
4225,0000100885,UNION PACIFIC CORP,2025,0000100885-25-000042,false,false,false,180,33,Joseline Viveros; Alexa Bishop,Joseline Viveros=done; Alexa Bishop=done,Joseline Viveros=2026-09-21T05:25:23.123606; Alexa Bishop=2026-09-23T19:37:24.853725,2,true,2026-09-23T20:49:06.826759,,1,1,0,0,0,0
4226,0000100885,UNION PACIFIC CORP,2026,0000100885-26-000037,false,false,false,172,32,Joseline Viveros; Alexa Bishop,Joseline Viveros=done; Alexa Bishop=done,Joseline Viveros=2026-09-21T05:26:16.907029; Alexa Bishop=2026-09-23T19:41:04.374558,2,true,2026-09-23T20:49:23.362154,,1,1,0,0,0,0
1192,0000100517,"United Airlines Holdings, Inc.",2017,0001193125-17-054129,false,false,true,65,2,Naomi Ichiriu; Yesenia Garcia,Naomi Ichiriu=done; Yesenia Garcia=done,Naomi Ichiriu=2026-07-07T21:20:24.237990; Yesenia Garcia=2026-07-09T20:08:33.664558,2,true,2026-07-09T21:00:35.918435,,0,0,0,0,0,0
1193,0000100517,"United Airlines Holdings, Inc.",2018,0001193125-18-054235,false,false,true,65,2,Naomi Ichiriu; Yesenia Garcia,Naomi Ichiriu=done; Yesenia Garcia=done,Naomi Ichiriu=2026-07-07T21:20:33.198447; Yesenia Garcia=2026-07-09T20:12:32.448813,2,true,2026-07-09T21:01:31.875053,,0,0,0,0,0,0
1194,0000100517,"United Airlines Holdings, Inc.",2019,0000100517-19-000009,false,false,true,109,2,Naomi Ichiriu; Yesenia Garcia,Naomi Ichiriu=done; Yesenia Garcia=done,Naomi Ichiriu=2026-07-07T21:20:43.118851; Yesenia Garcia=2026-07-09T20:12:51.327359,2,true,2026-07-09T21:01:59.327654,,0,0,0,0,0,0
1195,0000100517,"United Airlines Holdings, Inc.",2020,0000100517-20-000010,false,false,true,54,2,Naomi Ichiriu; Yesenia Garcia,Naomi Ichiriu=done; Yesenia Garcia=done,Naomi Ichiriu=2026-07-07T21:20:50.184865; Yesenia Garcia=2026-07-09T20:13:07.960518,2,true,2026-07-09T21:02:02.607086,,0,0,0,0,0,0
1196,0000100517,"United Airlines Holdings, Inc.",2021,0000100517-21-000016,false,false,true,57,3,Naomi Ichiriu; Yesenia Garcia,Naomi Ichiriu=done; Yesenia Garcia=done,Naomi Ichiriu=2026-07-07T21:22:12.366138; Yesenia Garcia=2026-07-09T20:13:30.927142,2,true,2026-07-09T21:02:08.998085,,0,0,0,0,0,0
1197,0000100517,"United Airlines Holdings, Inc.",2022,0000100517-22-000009,false,false,true,110,7,Naomi Ichiriu; Yesenia Garcia,Naomi Ichiriu=done; Yesenia Garcia=done,Naomi Ichiriu=2026-07-07T21:22:22.082893; Yesenia Garcia=2026-07-09T20:14:02.256986,2,true,2026-07-09T21:02:19.515182,,0,0,0,0,0,0
1198,0000100517,"United Airlines Holdings, Inc.",2023,0000100517-23-000048,false,false,true,122,9,Naomi Ichiriu; Yesenia Garcia,Naomi Ichiriu=done; Yesenia Garcia=done,Naomi Ichiriu=2026-07-07T21:22:38.716798; Yesenia Garcia=2026-07-09T20:14:32.230031,2,true,2026-07-09T21:02:23.591608,,0,0,0,0,0,0
1199,0000100517,"United Airlines Holdings, Inc.",2024,0000100517-24-000027,false,false,true,195,110,Yesenia Garcia; Naomi Ichiriu,Yesenia Garcia=done; Naomi Ichiriu=done,Yesenia Garcia=2026-07-09T20:21:13.766256; Naomi Ichiriu=2026-07-07T22:15:12.158220,2,true,2026-10-01T15:11:24.258566,,7,1,0,6,1,10
1200,0000100517,"United Airlines Holdings, Inc.",2025,0000100517-25-000046,false,false,false,190,108,Naomi Ichiriu; Yesenia Garcia,Naomi Ichiriu=done; Yesenia Garcia=done,Naomi Ichiriu=2026-07-07T21:37:23.277237; Yesenia Garcia=2026-07-09T20:26:21.343036,2,false,,,11,1,1,7,0,16
1112,0000100517,"United Airlines Holdings, Inc.",2026,0000100517-26-000023,false,false,false,267,152,Yesenia Garcia; Naomi Ichiriu,Yesenia Garcia=done; Naomi Ichiriu=done,Yesenia Garcia=2026-07-09T20:31:57.394315; Naomi Ichiriu=2026-07-07T21:37:50.363192,2,false,,,13,1,0,10,2,17
3292,0001090727,UNITED PARCEL SERVICE INC,2015,0001090727-15-000008,false,false,true,78,1,Naomi Ichiriu; Yesenia Garcia,Naomi Ichiriu=done; Yesenia Garcia=done,Naomi Ichiriu=2026-08-28T17:41:07.495388; Yesenia Garcia=2026-09-12T22:07:46.155806,2,true,2026-09-13T18:23:29.998878,,0,0,0,0,0,0
3293,0001090727,UNITED PARCEL SERVICE INC,2016,0001090727-16-000053,false,false,true,79,1,Naomi Ichiriu; Yesenia Garcia,Naomi Ichiriu=done; Yesenia Garcia=done,Naomi Ichiriu=2026-08-28T17:41:11.147872; Yesenia Garcia=2026-09-12T22:07:48.374337,2,true,2026-09-13T18:23:22.872568,,0,0,0,0,0,0
3294,0001090727,UNITED PARCEL SERVICE INC,2017,0001090727-17-000011,false,false,true,131,2,Naomi Ichiriu; Yesenia Garcia,Naomi Ichiriu=done; Yesenia Garcia=done,Naomi Ichiriu=2026-08-28T17:41:18.066937; Yesenia Garcia=2026-09-12T22:07:49.619580,2,true,2026-09-13T18:23:19.111768,,0,0,0,0,0,0
3295,0001090727,UNITED PARCEL SERVICE INC,2018,0001090727-18-000009,false,false,true,78,1,Naomi Ichiriu; Yesenia Garcia,Naomi Ichiriu=done; Yesenia Garcia=done,Naomi Ichiriu=2026-08-28T17:41:23.251826; Yesenia Garcia=2026-09-12T22:07:51.556231,2,true,2026-09-13T18:23:15.090458,,0,0,0,0,0,0
3296,0001090727,UNITED PARCEL SERVICE INC,2019,0001090727-19-000006,false,false,true,81,1,Naomi Ichiriu; Yesenia Garcia,Naomi Ichiriu=done; Yesenia Garcia=done,Naomi Ichiriu=2026-08-28T17:41:27.968161; Yesenia Garcia=2026-09-12T22:07:53.258331,2,true,2026-09-13T18:23:12.406538,,0,0,0,0,0,0
3300,0001090727,UNITED PARCEL SERVICE INC,2023,0001090727-23-000006,false,false,true,39,1,Naomi Ichiriu; Yesenia Garcia,Naomi Ichiriu=done; Yesenia Garcia=done,Naomi Ichiriu=2026-08-28T17:42:50.294350; Yesenia Garcia=2026-09-12T22:07:54.791385,2,true,2026-09-13T18:23:09.841110,,0,0,0,0,0,0
3301,0001090727,UNITED PARCEL SERVICE INC,2024,0001090727-24-000008,false,false,true,144,31,Naomi Ichiriu; Yesenia Garcia,Naomi Ichiriu=done; Yesenia Garcia=done,Naomi Ichiriu=2026-08-28T17:43:10.024407; Yesenia Garcia=2026-09-12T22:08:20.533044,2,true,2026-09-13T19:18:57.955503,,1,0,0,1,0,1
3302,0001090727,UNITED PARCEL SERVICE INC,2025,0001090727-25-000019,false,false,true,148,32,Naomi Ichiriu; Yesenia Garcia,Naomi Ichiriu=done; Yesenia Garcia=done,Naomi Ichiriu=2026-08-28T17:43:28.995576; Yesenia Garcia=2026-09-12T22:08:40.325499,2,true,2026-09-13T19:17:46.840399,,1,0,0,1,0,1
3303,0001090727,UNITED PARCEL SERVICE INC,2026,0001628280-26-008432,false,false,true,2513,130,Naomi Ichiriu; Yesenia Garcia,Naomi Ichiriu=done; Yesenia Garcia=done,Naomi Ichiriu=2026-09-08T14:03:20.007022; Yesenia Garcia=2026-09-12T22:50:32.302543,2,true,2026-09-28T04:41:54.787236,,5,1,1,3,0,5
1475,0001067701,"UNITED RENTALS, INC.",2015,0001067701-15-000006,false,false,true,,,Naomi Ichiriu; Yesenia Garcia,Naomi Ichiriu=done; Yesenia Garcia=done,Naomi Ichiriu=2026-07-11T07:47:41.300663; Yesenia Garcia=2026-07-13T07:30:18.571650,2,true,2026-07-14T19:39:58.701311,,0,0,0,0,0,0
1476,0001067701,"UNITED RENTALS, INC.",2016,0001067701-16-000039,false,false,true,,,Naomi Ichiriu; Yesenia Garcia,Naomi Ichiriu=done; Yesenia Garcia=done,Naomi Ichiriu=2026-07-11T07:47:49.687647; Yesenia Garcia=2026-07-13T07:30:40.002009,2,true,2026-07-14T19:41:57.507873,,0,0,0,0,0,0
1477,0001067701,"UNITED RENTALS, INC.",2017,0001067701-17-000006,false,false,true,,,Naomi Ichiriu; Yesenia Garcia,Naomi Ichiriu=done; Yesenia Garcia=done,Naomi Ichiriu=2026-07-11T07:48:22.451022; Yesenia Garcia=2026-07-13T07:30:54.742086,2,true,2026-07-14T19:43:36.287252,,0,0,0,0,0,0
1478,0001067701,"UNITED RENTALS, INC.",2018,0001067701-18-000006,false,false,true,,,Naomi Ichiriu; Yesenia Garcia,Naomi Ichiriu=done; Yesenia Garcia=done,Naomi Ichiriu=2026-07-11T07:49:15.704539; Yesenia Garcia=2026-07-13T07:31:12.390977,2,true,2026-07-14T19:43:36.421055,,0,0,0,0,0,0
1479,0001067701,"UNITED RENTALS, INC.",2019,0001067701-19-000007,false,false,true,,,Naomi Ichiriu; Yesenia Garcia,Naomi Ichiriu=done; Yesenia Garcia=done,Naomi Ichiriu=2026-07-11T07:53:30.643573; Yesenia Garcia=2026-07-13T07:31:40.132312,2,true,2026-07-14T23:43:04.907800,,1,0,0,1,1,2
1480,0001067701,"UNITED RENTALS, INC.",2020,0001067701-20-000008,false,false,true,,,Naomi Ichiriu; Yesenia Garcia,Naomi Ichiriu=done; Yesenia Garcia=done,Naomi Ichiriu=2026-07-11T07:56:03.657132; Yesenia Garcia=2026-07-13T07:31:55.835373,2,true,2026-07-14T23:43:41.965427,,1,0,0,1,1,2
1481,0001067701,"UNITED RENTALS, INC.",2021,0001067701-21-000008,false,false,true,,,Naomi Ichiriu; Yesenia Garcia,Naomi Ichiriu=done; Yesenia Garcia=done,Naomi Ichiriu=2026-07-11T07:54:44.781230; Yesenia Garcia=2026-07-13T07:32:15.927289,2,true,2026-07-14T19:44:15.293294,,0,0,0,0,0,0
1482,0001067701,"UNITED RENTALS, INC.",2022,0001067701-22-000008,false,false,true,,,Naomi Ichiriu; Yesenia Garcia,Naomi Ichiriu=done; Yesenia Garcia=done,Naomi Ichiriu=2026-07-11T07:55:46.636141; Yesenia Garcia=2026-07-13T07:32:43.831890,2,true,2026-07-14T23:43:49.982047,,1,0,0,1,1,2
1483,0001067701,"UNITED RENTALS, INC.",2023,0001067701-23-000010,false,false,true,,,Naomi Ichiriu; Yesenia Garcia,Naomi Ichiriu=done; Yesenia Garcia=done,Naomi Ichiriu=2026-07-11T07:56:05.199676; Yesenia Garcia=2026-07-13T07:33:03.810970,2,true,2026-07-14T19:44:28.596198,,0,0,0,0,0,0
1484,0001067701,"UNITED RENTALS, INC.",2024,0001067701-24-000007,false,false,true,,,Naomi Ichiriu; Yesenia Garcia,Naomi Ichiriu=done; Yesenia Garcia=done,Naomi Ichiriu=2026-07-11T07:58:29.034907; Yesenia Garcia=2026-07-13T07:33:31.896311,2,true,2026-07-14T23:43:58.434709,,1,0,0,1,1,2
1485,0001067701,"UNITED RENTALS, INC.",2025,0001067701-25-000008,false,false,true,,,Naomi Ichiriu; Yesenia Garcia,Naomi Ichiriu=done; Yesenia Garcia=done,Naomi Ichiriu=2026-07-11T08:01:47.502860; Yesenia Garcia=2026-07-13T07:34:20.649029,2,true,2026-07-14T23:44:29.567960,,2,0,0,2,0,3
1486,0001067701,"UNITED RENTALS, INC.",2026,0001067701-26-000007,false,false,true,,,Naomi Ichiriu; Yesenia Garcia,Naomi Ichiriu=done; Yesenia Garcia=done,Naomi Ichiriu=2026-07-11T08:06:40.256123; Yesenia Garcia=2026-07-13T07:41:36.095009,2,true,2026-07-14T23:49:02.945908,,11,0,0,11,0,17
3766,0000352915,UNIVERSAL HEALTH SERVICES INC,2021,0001564590-21-008851,false,false,true,49,1,Yesenia Garcia; Naomi Ichiriu,Yesenia Garcia=done; Naomi Ichiriu=done,Yesenia Garcia=2026-09-12T03:45:08.866516; Naomi Ichiriu=2026-09-22T14:46:51.028675,2,true,2026-09-30T19:11:39.856971,,0,0,0,0,0,0
3767,0000352915,UNIVERSAL HEALTH SERVICES INC,2022,0001564590-22-006717,false,false,true,62,1,Yesenia Garcia; Naomi Ichiriu,Yesenia Garcia=done; Naomi Ichiriu=done,Yesenia Garcia=2026-09-12T03:45:32.245264; Naomi Ichiriu=2026-09-22T14:46:51.272424,2,true,2026-09-30T19:11:41.935188,,0,0,0,0,0,0
3768,0000352915,UNIVERSAL HEALTH SERVICES INC,2023,0000950170-23-004656,false,false,true,57,1,Yesenia Garcia; Naomi Ichiriu,Yesenia Garcia=done; Naomi Ichiriu=done,Yesenia Garcia=2026-09-12T03:46:47.972604; Naomi Ichiriu=2026-09-22T14:47:37.086024,2,true,2026-09-30T19:11:44.282382,,0,0,0,0,0,0
3769,0000352915,UNIVERSAL HEALTH SERVICES INC,2024,0000950170-24-021175,false,false,true,1439,21,Yesenia Garcia; Naomi Ichiriu,Yesenia Garcia=done; Naomi Ichiriu=done,Yesenia Garcia=2026-09-12T03:47:24.492861; Naomi Ichiriu=2026-09-22T14:47:38.271150,2,true,2026-09-30T19:11:46.834016,,0,0,0,0,0,0
3770,0000352915,UNIVERSAL HEALTH SERVICES INC,2025,0000950170-25-027785,false,false,true,1513,24,Yesenia Garcia; Naomi Ichiriu,Yesenia Garcia=done; Naomi Ichiriu=done,Yesenia Garcia=2026-09-12T03:47:49.258875; Naomi Ichiriu=2026-09-22T14:47:42.151475,2,true,2026-09-30T19:11:49.333497,,0,0,0,0,0,0
3771,0000352915,UNIVERSAL HEALTH SERVICES INC,2026,0001193125-26-071676,false,false,true,5307,34,Yesenia Garcia; Naomi Ichiriu,Yesenia Garcia=done; Naomi Ichiriu=done,Yesenia Garcia=2026-09-12T03:48:58.107305; Naomi Ichiriu=2026-09-27T05:27:00.193229,2,true,2026-10-01T15:11:48.323119,,1,1,0,0,0,0
550,0000036104,US BANCORP \DE\,2019,0001193125-19-047201,false,false,false,65,2,,,,0,false,,,0,0,0,0,0,0
551,0000036104,US BANCORP \DE\,2020,0001193125-20-043622,false,false,false,65,2,,,,0,false,,,0,0,0,0,0,0
552,0000036104,US BANCORP \DE\,2021,0001193125-21-052547,false,false,false,411,5,,,,0,false,,,0,0,0,0,0,0
553,0000036104,US BANCORP \DE\,2022,0001193125-22-048709,false,false,false,294,5,,,,0,false,,,0,0,0,0,0,0
554,0000036104,US BANCORP \DE\,2023,0001193125-23-050691,false,false,false,314,7,,,,0,false,,,0,0,0,0,0,0
543,0000036104,US BANCORP \DE\,2024,0000036104-24-000018,false,false,false,139,31,,,,0,false,,,0,0,0,0,0,0
544,0000036104,US BANCORP \DE\,2025,0000036104-25-000016,false,false,false,533,33,,,,0,false,,,0,0,0,0,0,0
545,0000036104,US BANCORP \DE\,2026,0000036104-26-000011,false,false,false,536,38,,,,0,false,,,0,0,0,0,0,0
1326,0001035002,VALERO ENERGY CORP/TX,2018,0001035002-18-000010,false,false,false,43,1,Yesenia Garcia; Akshitha Venkataraman,Yesenia Garcia=done; Akshitha Venkataraman=done,Yesenia Garcia=2026-07-10T20:16:06.323538; Akshitha Venkataraman=2026-07-14T18:48:44.137400,2,true,2026-09-13T02:44:01.622706,,0,0,0,0,0,0
1327,0001035002,VALERO ENERGY CORP/TX,2019,0001035002-19-000008,false,false,false,50,1,Yesenia Garcia; Akshitha Venkataraman,Yesenia Garcia=done; Akshitha Venkataraman=done,Yesenia Garcia=2026-07-10T20:16:21.349149; Akshitha Venkataraman=2026-07-14T18:49:50.110636,2,true,2026-09-13T02:44:03.867056,,0,0,0,0,0,0
1328,0001035002,VALERO ENERGY CORP/TX,2020,0001035002-20-000007,false,false,false,51,1,Yesenia Garcia; Akshitha Venkataraman,Yesenia Garcia=done; Akshitha Venkataraman=done,Yesenia Garcia=2026-07-10T20:16:35.211600; Akshitha Venkataraman=2026-07-14T19:06:25.613416,2,true,2026-09-13T02:44:05.747006,,0,0,0,0,0,0
1329,0001035002,VALERO ENERGY CORP/TX,2021,0001035002-21-000051,false,false,false,45,1,Yesenia Garcia; Akshitha Venkataraman,Yesenia Garcia=done; Akshitha Venkataraman=done,Yesenia Garcia=2026-07-10T20:16:48.863487; Akshitha Venkataraman=2026-07-14T22:24:18.631232,2,true,2026-09-13T02:44:08.278288,,0,0,0,0,0,0
1330,0001035002,VALERO ENERGY CORP/TX,2022,0001035002-22-000007,false,false,false,294,6,Yesenia Garcia; Akshitha Venkataraman,Yesenia Garcia=done; Akshitha Venkataraman=done,Yesenia Garcia=2026-07-10T20:17:15.099326; Akshitha Venkataraman=2026-07-14T22:25:03.502075,2,true,2026-09-13T02:44:12.766149,,0,0,0,0,0,0
1331,0001035002,VALERO ENERGY CORP/TX,2023,0001035002-23-000027,false,false,false,348,8,Yesenia Garcia; Akshitha Venkataraman,Yesenia Garcia=done; Akshitha Venkataraman=done,Yesenia Garcia=2026-07-10T20:17:48.108162; Akshitha Venkataraman=2026-07-14T22:25:42.977914,2,true,2026-09-13T02:44:16.463984,,0,0,0,0,0,0
1332,0001035002,VALERO ENERGY CORP/TX,2024,0001035002-24-000007,false,false,false,390,28,Yesenia Garcia; Akshitha Venkataraman,Yesenia Garcia=done; Akshitha Venkataraman=done,Yesenia Garcia=2026-07-10T20:19:51.681061; Akshitha Venkataraman=2026-07-14T22:53:49.224251,2,false,,,4,0,1,0,0,1
1333,0001035002,VALERO ENERGY CORP/TX,2025,0001035002-25-000005,false,false,false,483,126,Yesenia Garcia; Akshitha Venkataraman,Yesenia Garcia=done; Akshitha Venkataraman=done,Yesenia Garcia=2026-07-10T20:24:56.153035; Akshitha Venkataraman=2026-07-14T23:00:54.263946,2,false,,,4,0,3,0,0,3
1334,0001035002,VALERO ENERGY CORP/TX,2026,0001628280-26-011499,false,false,false,422,167,Yesenia Garcia; Akshitha Venkataraman,Yesenia Garcia=done; Akshitha Venkataraman=done,Yesenia Garcia=2026-07-10T20:30:50.249073; Akshitha Venkataraman=2026-07-14T23:22:24.514009,2,false,,,7,0,7,0,0,7
2137,0000740260,"Ventas, Inc.",2021,0000740260-21-000048,false,false,true,419,4,Yesenia Garcia; Naomi Ichiriu,Yesenia Garcia=done; Naomi Ichiriu=done,Yesenia Garcia=2026-08-03T10:59:00.753688; Naomi Ichiriu=2026-07-22T07:12:48.322641,2,true,2026-08-04T21:23:59.650023,,0,0,0,0,0,0
2138,0000740260,"Ventas, Inc.",2022,0000740260-22-000057,false,false,true,475,4,Yesenia Garcia; Naomi Ichiriu,Yesenia Garcia=done; Naomi Ichiriu=done,Yesenia Garcia=2026-08-03T10:59:15.822326; Naomi Ichiriu=2026-07-22T07:14:11.936918,2,true,2026-08-04T21:24:04.611622,,0,0,0,0,0,0
2139,0000740260,"Ventas, Inc.",2023,0000740260-23-000070,false,false,true,83,4,Yesenia Garcia; Naomi Ichiriu,Yesenia Garcia=done; Naomi Ichiriu=done,Yesenia Garcia=2026-08-03T10:59:30.662921; Naomi Ichiriu=2026-07-22T07:14:27.810481,2,true,2026-08-04T21:24:09.123614,,0,0,0,0,0,0
2140,0000740260,"Ventas, Inc.",2024,0000740260-24-000067,false,false,true,756,61,Yesenia Garcia; Naomi Ichiriu,Yesenia Garcia=done; Naomi Ichiriu=done,Yesenia Garcia=2026-08-03T11:00:29.425432; Naomi Ichiriu=2026-07-22T07:19:24.720876,2,true,2026-08-04T21:24:14.342368,,1,1,0,0,0,0
2141,0000740260,"Ventas, Inc.",2025,0000740260-25-000052,false,false,true,345,56,Yesenia Garcia; Naomi Ichiriu,Yesenia Garcia=done; Naomi Ichiriu=done,Yesenia Garcia=2026-08-03T11:01:12.102785; Naomi Ichiriu=2026-07-22T07:20:45.344809,2,true,2026-08-04T21:24:20.737493,,1,1,0,0,0,0
2142,0000740260,"Ventas, Inc.",2026,0000740260-26-000006,false,false,true,877,231,Yesenia Garcia; Naomi Ichiriu,Yesenia Garcia=done; Naomi Ichiriu=done,Yesenia Garcia=2026-08-26T05:13:04.648560; Naomi Ichiriu=2026-08-27T14:58:40.760705,2,true,2026-09-30T19:32:03.377246,,12,3,0,9,0,11
3893,0001967680,Veralto Corp,2024,0001967680-24-000033,false,false,true,73,16,Yesenia Garcia; Naomi Ichiriu,Yesenia Garcia=done; Naomi Ichiriu=done,Yesenia Garcia=2026-09-12T22:51:18.772421; Naomi Ichiriu=2026-09-22T14:47:44.137114,2,true,2026-09-30T19:11:34.939290,,0,0,0,0,0,0
3894,0001967680,Veralto Corp,2025,0001967680-25-000008,false,false,true,82,17,Yesenia Garcia; Naomi Ichiriu,Yesenia Garcia=done; Naomi Ichiriu=done,Yesenia Garcia=2026-09-12T22:51:51.576709; Naomi Ichiriu=2026-09-22T14:47:49.160776,2,true,2026-09-30T19:11:37.255359,,0,0,0,0,0,0
3895,0001967680,Veralto Corp,2026,0001967680-26-000011,false,false,false,145,42,Yesenia Garcia; Naomi Ichiriu,Yesenia Garcia=done; Naomi Ichiriu=done,Yesenia Garcia=2026-09-12T22:56:34.614589; Naomi Ichiriu=2026-09-26T23:59:25.684991,2,false,,,11,2,6,3,0,4
2660,0001442145,"Verisk Analytics, Inc.",2015,0001442145-15-000011,false,false,true,1288,16,Naomi Ichiriu; Yesenia Garcia,Naomi Ichiriu=done; Yesenia Garcia=done,Naomi Ichiriu=2026-08-13T08:19:41.556288; Yesenia Garcia=2026-08-31T05:09:12.042703,2,true,2026-08-31T06:30:07.485971,,0,0,0,0,0,0
2661,0001442145,"Verisk Analytics, Inc.",2016,0001442145-16-000057,false,false,true,2201,21,Naomi Ichiriu; Yesenia Garcia,Naomi Ichiriu=done; Yesenia Garcia=done,Naomi Ichiriu=2026-08-13T08:20:06.086721; Yesenia Garcia=2026-08-31T05:09:14.542355,2,true,2026-08-31T06:30:02.617251,,0,0,0,0,0,0
2662,0001442145,"Verisk Analytics, Inc.",2017,0001442145-17-000010,false,false,true,2134,21,Naomi Ichiriu; Yesenia Garcia,Naomi Ichiriu=done; Yesenia Garcia=done,Naomi Ichiriu=2026-08-13T08:20:09.394339; Yesenia Garcia=2026-08-31T05:09:16.602519,2,true,2026-08-31T06:29:54.748404,,0,0,0,0,0,0
2663,0001442145,"Verisk Analytics, Inc.",2018,0001442145-18-000008,false,false,true,2479,27,Naomi Ichiriu; Yesenia Garcia,Naomi Ichiriu=done; Yesenia Garcia=done,Naomi Ichiriu=2026-08-13T10:17:45.264450; Yesenia Garcia=2026-08-31T05:09:23.842658,2,true,2026-08-31T06:29:45.044755,,0,0,0,0,0,0
2664,0001442145,"Verisk Analytics, Inc.",2019,0001442145-19-000012,false,false,true,4977,29,Naomi Ichiriu; Yesenia Garcia,Naomi Ichiriu=done; Yesenia Garcia=done,Naomi Ichiriu=2026-08-13T10:17:35.904061; Yesenia Garcia=2026-08-31T05:09:26.356039,2,true,2026-08-31T06:29:49.273526,,0,0,0,0,0,0
2665,0001442145,"Verisk Analytics, Inc.",2020,0001442145-20-000012,false,false,true,4982,25,Naomi Ichiriu; Yesenia Garcia,Naomi Ichiriu=done; Yesenia Garcia=done,Naomi Ichiriu=2026-08-13T10:17:31.225901; Yesenia Garcia=2026-08-31T05:09:28.352743,2,true,2026-08-31T06:29:42.895894,,0,0,0,0,0,0
2666,0001442145,"Verisk Analytics, Inc.",2021,0001437749-21-003789,false,false,true,3899,29,Naomi Ichiriu; Yesenia Garcia,Naomi Ichiriu=done; Yesenia Garcia=done,Naomi Ichiriu=2026-08-13T10:21:43.502632; Yesenia Garcia=2026-08-31T05:09:38.723853,2,true,2026-08-31T06:29:36.628752,,0,0,0,0,0,0
2667,0001442145,"Verisk Analytics, Inc.",2022,0001437749-22-004083,false,false,true,4028,29,Naomi Ichiriu; Yesenia Garcia,Naomi Ichiriu=done; Yesenia Garcia=done,Naomi Ichiriu=2026-08-13T10:21:53.543165; Yesenia Garcia=2026-08-31T05:09:44.986501,2,true,2026-08-31T06:29:38.388602,,0,0,0,0,0,0
2671,0001442145,"Verisk Analytics, Inc.",2023,0001437749-23-004945,false,false,true,4051,31,Naomi Ichiriu; Yesenia Garcia,Naomi Ichiriu=done; Yesenia Garcia=done,Naomi Ichiriu=2026-08-13T10:25:41.777659; Yesenia Garcia=2026-08-31T05:09:51.013920,2,true,2026-08-31T06:29:33.863286,,0,0,0,0,0,0
2672,0001442145,"Verisk Analytics, Inc.",2024,0001437749-24-004939,false,false,false,2664,147,Naomi Ichiriu; Yesenia Garcia,Naomi Ichiriu=done; Yesenia Garcia=done,Naomi Ichiriu=2026-08-13T12:19:20.408937; Yesenia Garcia=2026-08-31T05:14:06.974037,2,false,,,8,2,6,0,0,3
2673,0001442145,"Verisk Analytics, Inc.",2025,0001437749-25-005160,false,false,false,2457,148,Naomi Ichiriu; Yesenia Garcia,Naomi Ichiriu=done; Yesenia Garcia=in_progress,Naomi Ichiriu=2026-08-13T12:10:05.148329; Yesenia Garcia=,2,false,,,7,0,7,0,0,0
2674,0001442145,"Verisk Analytics, Inc.",2026,0001437749-26-004452,false,false,false,492,135,Naomi Ichiriu; Yesenia Garcia,Naomi Ichiriu=done; Yesenia Garcia=in_progress,Naomi Ichiriu=2026-08-13T12:19:26.990281; Yesenia Garcia=,2,false,,,9,0,9,0,0,0
2775,0000732712,VERIZON COMMUNICATIONS INC,2015,0001193125-15-057710,false,false,false,317,3,Akshitha Venkataraman; Yesenia Garcia,Akshitha Venkataraman=done; Yesenia Garcia=done,Akshitha Venkataraman=2026-08-17T15:44:56.243563; Yesenia Garcia=2026-08-24T07:54:10.451720,2,true,2026-09-27T05:22:00.008051,,0,0,0,0,0,0
2776,0000732712,VERIZON COMMUNICATIONS INC,2016,0001193125-16-473367,false,false,false,332,4,Akshitha Venkataraman; Yesenia Garcia,Akshitha Venkataraman=done; Yesenia Garcia=done,Akshitha Venkataraman=2026-08-17T15:46:53.027876; Yesenia Garcia=2026-08-24T07:54:12.317268,2,true,2026-09-27T05:22:03.088999,,0,0,0,0,0,0
2777,0000732712,VERIZON COMMUNICATIONS INC,2017,0001193125-17-050292,false,false,false,644,7,Akshitha Venkataraman; Yesenia Garcia,Akshitha Venkataraman=done; Yesenia Garcia=done,Akshitha Venkataraman=2026-08-17T15:46:36.820725; Yesenia Garcia=2026-08-24T07:54:14.215771,2,true,2026-09-27T05:22:08.013184,,0,0,0,0,0,0
2778,0000732712,VERIZON COMMUNICATIONS INC,2018,0000732712-18-000009,false,false,false,440,5,Akshitha Venkataraman; Yesenia Garcia,Akshitha Venkataraman=done; Yesenia Garcia=done,Akshitha Venkataraman=2026-08-17T15:46:34.638627; Yesenia Garcia=2026-08-24T07:54:16.640473,2,true,2026-09-27T05:22:12.689102,,0,0,0,0,0,0
2779,0000732712,VERIZON COMMUNICATIONS INC,2019,0000732712-19-000012,false,false,false,365,5,Akshitha Venkataraman; Yesenia Garcia,Akshitha Venkataraman=done; Yesenia Garcia=done,Akshitha Venkataraman=2026-08-17T15:45:20.906455; Yesenia Garcia=2026-08-24T07:54:21.502914,2,true,2026-09-27T05:22:16.826707,,0,0,0,0,0,0
2780,0000732712,VERIZON COMMUNICATIONS INC,2020,0000732712-20-000014,false,false,false,215,5,Akshitha Venkataraman; Yesenia Garcia,Akshitha Venkataraman=done; Yesenia Garcia=done,Akshitha Venkataraman=2026-08-17T15:49:08.918969; Yesenia Garcia=2026-08-24T07:54:23.586475,2,true,2026-09-27T05:22:19.616524,,0,0,0,0,0,0
2781,0000732712,VERIZON COMMUNICATIONS INC,2021,0000732712-21-000012,false,false,false,92,3,Akshitha Venkataraman; Yesenia Garcia,Akshitha Venkataraman=done; Yesenia Garcia=done,Akshitha Venkataraman=2026-08-17T15:49:02.139214; Yesenia Garcia=2026-08-24T07:54:25.900916,2,true,2026-09-27T05:22:24.313662,,0,0,0,0,0,0
2782,0000732712,VERIZON COMMUNICATIONS INC,2022,0000732712-22-000008,false,false,false,98,4,Akshitha Venkataraman; Yesenia Garcia,Akshitha Venkataraman=done; Yesenia Garcia=done,Akshitha Venkataraman=2026-08-17T15:48:41.206962; Yesenia Garcia=2026-08-24T07:54:40.916228,2,false,,,1,0,0,1,0,1
2783,0000732712,VERIZON COMMUNICATIONS INC,2023,0000732712-23-000012,false,false,false,101,4,Akshitha Venkataraman; Yesenia Garcia,Akshitha Venkataraman=done; Yesenia Garcia=done,Akshitha Venkataraman=2026-08-17T15:48:27.455598; Yesenia Garcia=2026-08-24T07:54:46.698743,2,false,,,1,0,0,1,0,1
2784,0000732712,VERIZON COMMUNICATIONS INC,2024,0000732712-24-000010,false,false,false,236,41,Akshitha Venkataraman; Yesenia Garcia,Akshitha Venkataraman=done; Yesenia Garcia=done,Akshitha Venkataraman=2026-08-17T15:48:12.212022; Yesenia Garcia=2026-08-24T07:56:10.938676,2,false,,,3,1,1,1,0,2
2785,0000732712,VERIZON COMMUNICATIONS INC,2025,0000732712-25-000006,false,false,false,339,110,Akshitha Venkataraman; Yesenia Garcia,Akshitha Venkataraman=done; Yesenia Garcia=done,Akshitha Venkataraman=2026-08-17T15:50:33.404978; Yesenia Garcia=2026-08-24T07:58:31.066197,2,false,,,9,3,5,1,0,6
2786,0000732712,VERIZON COMMUNICATIONS INC,2026,0000732712-26-000007,false,false,false,1398,235,Akshitha Venkataraman; Yesenia Garcia,Akshitha Venkataraman=done; Yesenia Garcia=done,Akshitha Venkataraman=2026-08-17T15:53:58.765533; Yesenia Garcia=2026-08-24T08:01:28.008152,2,false,,,10,1,8,1,0,9
2125,0001705696,VICI PROPERTIES INC.,2023,0001705696-23-000035,false,false,true,89,11,Naomi Ichiriu; Akshitha Venkataraman,Naomi Ichiriu=done; Akshitha Venkataraman=done,Naomi Ichiriu=2026-07-22T07:08:10.031517; Akshitha Venkataraman=2026-08-02T17:43:44.613067,2,true,2026-08-04T21:24:25.071258,,0,0,0,0,0,0
2126,0001705696,VICI PROPERTIES INC.,2024,0001705696-24-000033,false,false,true,163,34,Naomi Ichiriu; Akshitha Venkataraman,Naomi Ichiriu=done; Akshitha Venkataraman=done,Naomi Ichiriu=2026-07-22T07:08:03.916958; Akshitha Venkataraman=2026-08-02T17:43:59.173904,2,true,2026-08-04T21:24:28.489973,,0,0,0,0,0,0
2128,0001705696,VICI PROPERTIES INC.,2025,0001705696-25-000033,false,false,true,172,37,Naomi Ichiriu; Akshitha Venkataraman,Naomi Ichiriu=done; Akshitha Venkataraman=done,Naomi Ichiriu=2026-07-22T07:07:55.461842; Akshitha Venkataraman=2026-08-02T17:44:13.749717,2,true,2026-08-04T21:24:31.897213,,0,0,0,0,0,0
2127,0001705696,VICI PROPERTIES INC.,2026,0001705696-26-000034,false,false,true,176,55,Naomi Ichiriu; Akshitha Venkataraman,Naomi Ichiriu=done; Akshitha Venkataraman=done,Naomi Ichiriu=2026-07-22T07:08:13.495010; Akshitha Venkataraman=2026-08-02T17:44:27.662707,2,true,2026-08-04T21:24:35.763222,,0,0,0,0,0,0
3796,0001403161,VISA INC.,2016,0001403161-16-000058,false,false,false,163,4,Yesenia Garcia,Yesenia Garcia=done,Yesenia Garcia=2026-09-12T05:13:34.856027,2,false,,,0,0,0,0,0,0
3797,0001403161,VISA INC.,2017,0001403161-17-000044,false,false,false,314,10,Yesenia Garcia,Yesenia Garcia=done,Yesenia Garcia=2026-09-12T05:14:24.122875,2,false,,,0,0,0,0,0,0
3798,0001403161,VISA INC.,2018,0001403161-18-000055,false,false,false,197,7,Yesenia Garcia,Yesenia Garcia=done,Yesenia Garcia=2026-09-12T05:15:23.762590,2,false,,,0,0,0,0,0,0
3799,0001403161,VISA INC.,2019,0001403161-19-000050,false,false,false,261,31,Yesenia Garcia,Yesenia Garcia=done,Yesenia Garcia=2026-09-12T05:16:46.011098,2,false,,,0,0,0,0,0,0
3800,0001403161,VISA INC.,2020,0001403161-20-000070,false,false,false,261,29,Yesenia Garcia,Yesenia Garcia=done,Yesenia Garcia=2026-09-12T05:17:35.236442,2,false,,,0,0,0,0,0,0
3801,0001403161,VISA INC.,2021,0001403161-21-000060,false,false,false,184,9,Yesenia Garcia,Yesenia Garcia=done,Yesenia Garcia=2026-09-12T05:18:30.826717,2,false,,,0,0,0,0,0,0
3802,0001403161,VISA INC.,2022,0001403161-22-000081,false,false,false,230,9,Yesenia Garcia,Yesenia Garcia=done,Yesenia Garcia=2026-09-12T05:18:50.835858,2,false,,,0,0,0,0,0,0
3803,0001403161,VISA INC.,2023,0001403161-23-000099,false,false,false,595,120,Yesenia Garcia,Yesenia Garcia=done,Yesenia Garcia=2026-09-12T05:25:38.903042,2,false,,,10,10,0,0,0,0
3498,0001396009,Vulcan Materials CO,2015,0001396009-15-000005,false,false,true,166,3,Yesenia Garcia; Naomi Ichiriu,Yesenia Garcia=done; Naomi Ichiriu=done,Yesenia Garcia=2026-08-31T05:35:10.412943; Naomi Ichiriu=2026-09-22T14:48:36.026665,2,true,2026-09-30T19:11:19.649424,,0,0,0,0,0,0
3499,0001396009,Vulcan Materials CO,2016,0001396009-16-000044,false,false,true,163,3,Yesenia Garcia; Naomi Ichiriu,Yesenia Garcia=done; Naomi Ichiriu=done,Yesenia Garcia=2026-08-31T05:35:26.591030; Naomi Ichiriu=2026-09-22T14:48:17.944214,2,true,2026-09-30T19:11:22.137456,,0,0,0,0,0,0
3500,0001396009,Vulcan Materials CO,2017,0001396009-17-000005,false,false,true,157,3,Yesenia Garcia; Naomi Ichiriu,Yesenia Garcia=done; Naomi Ichiriu=done,Yesenia Garcia=2026-08-31T05:35:42.766371; Naomi Ichiriu=2026-09-22T14:48:22.822721,2,true,2026-09-30T19:11:24.979067,,0,0,0,0,0,0
3501,0001396009,Vulcan Materials CO,2018,0001396009-18-000011,false,false,true,186,3,Yesenia Garcia; Naomi Ichiriu,Yesenia Garcia=done; Naomi Ichiriu=done,Yesenia Garcia=2026-08-31T05:36:00.981584; Naomi Ichiriu=2026-09-22T14:48:20.237172,2,true,2026-09-30T19:11:27.413413,,0,0,0,0,0,0
3502,0001396009,Vulcan Materials CO,2019,0001396009-19-000021,false,false,true,114,1,Yesenia Garcia; Naomi Ichiriu,Yesenia Garcia=done; Naomi Ichiriu=done,Yesenia Garcia=2026-08-31T05:36:17.537642; Naomi Ichiriu=2026-09-22T14:48:29.275714,2,true,2026-09-30T19:11:30.111469,,0,0,0,0,0,0
3503,0001396009,Vulcan Materials CO,2020,0001396009-20-000006,false,false,true,114,4,Yesenia Garcia; Naomi Ichiriu,Yesenia Garcia=done; Naomi Ichiriu=done,Yesenia Garcia=2026-08-31T05:36:35.486006; Naomi Ichiriu=2026-09-22T14:48:31.608214,2,true,2026-09-30T19:11:32.851292,,0,0,0,0,0,0
3507,0001396009,Vulcan Materials CO,2024,0001396009-24-000006,false,false,true,141,26,Yesenia Garcia; Naomi Ichiriu,Yesenia Garcia=done; Naomi Ichiriu=done,Yesenia Garcia=2026-08-31T05:37:25.241494; Naomi Ichiriu=2026-09-22T14:48:58.438546,2,true,2026-09-30T19:40:58.276438,,1,1,0,0,0,0
3508,0001396009,Vulcan Materials CO,2025,0001396009-25-000005,false,false,false,97,26,Yesenia Garcia; Naomi Ichiriu,Yesenia Garcia=done; Naomi Ichiriu=done,Yesenia Garcia=2026-08-31T05:37:55.379092; Naomi Ichiriu=2026-09-22T14:49:31.060099,2,false,,,2,1,1,0,0,1
3509,0001396009,Vulcan Materials CO,2026,0001628280-26-009546,false,false,false,105,49,Yesenia Garcia; Naomi Ichiriu,Yesenia Garcia=done; Naomi Ichiriu=done,Yesenia Garcia=2026-08-31T05:38:31.004701; Naomi Ichiriu=2026-09-24T01:16:42.405947,2,false,,,4,1,2,0,0,2
3280,0000104169,Walmart Inc.,2015,0000104169-15-000011,false,false,false,35,1,Naomi Ichiriu,Naomi Ichiriu=done,Naomi Ichiriu=2026-08-29T21:12:54.992088,2,false,,,0,0,0,0,0,0
3281,0000104169,Walmart Inc.,2016,0000104169-16-000079,false,false,false,39,1,Naomi Ichiriu,Naomi Ichiriu=done,Naomi Ichiriu=2026-08-29T21:12:58.040031,2,false,,,0,0,0,0,0,0
3282,0000104169,Walmart Inc.,2017,0000104169-17-000021,false,false,false,41,1,Naomi Ichiriu,Naomi Ichiriu=done,Naomi Ichiriu=2026-08-29T21:13:28.641070,2,false,,,0,0,0,0,0,0
3283,0000104169,Walmart Inc.,2018,0000104169-18-000028,false,false,false,99,3,Naomi Ichiriu,Naomi Ichiriu=done,Naomi Ichiriu=2026-08-29T21:13:26.833864,2,false,,,0,0,0,0,0,0
3284,0000104169,Walmart Inc.,2019,0000104169-19-000016,false,false,false,98,3,Naomi Ichiriu,Naomi Ichiriu=done,Naomi Ichiriu=2026-08-29T21:13:25.364599,2,false,,,0,0,0,0,0,0
3285,0000104169,Walmart Inc.,2020,0000104169-20-000011,false,false,false,113,3,Naomi Ichiriu,Naomi Ichiriu=done,Naomi Ichiriu=2026-08-29T21:13:04.415450,2,false,,,0,0,0,0,0,0
3287,0000104169,Walmart Inc.,2021,0000104169-21-000033,false,false,false,156,4,Naomi Ichiriu,Naomi Ichiriu=done,Naomi Ichiriu=2026-08-29T21:13:23.114390,2,false,,,0,0,0,0,0,0
3286,0000104169,Walmart Inc.,2022,0000104169-22-000012,false,false,false,158,4,Naomi Ichiriu,Naomi Ichiriu=done,Naomi Ichiriu=2026-08-29T21:13:20.685272,2,false,,,0,0,0,0,0,0
3288,0000104169,Walmart Inc.,2023,0000104169-23-000020,false,false,false,255,5,Naomi Ichiriu,Naomi Ichiriu=done,Naomi Ichiriu=2026-08-29T21:13:12.259004,2,false,,,0,0,0,0,0,0
3289,0000104169,Walmart Inc.,2024,0000104169-24-000056,false,false,false,367,47,Naomi Ichiriu,Naomi Ichiriu=done,Naomi Ichiriu=2026-09-02T18:20:21.376657,2,false,,,0,0,0,0,0,0
3290,0000104169,Walmart Inc.,2025,0000104169-25-000021,false,false,false,421,185,Naomi Ichiriu,Naomi Ichiriu=done,Naomi Ichiriu=2026-09-02T18:22:53.783499,2,false,,,5,5,0,0,0,0
3291,0000104169,Walmart Inc.,2026,0000104169-26-000055,false,false,false,631,257,Naomi Ichiriu,Naomi Ichiriu=done,Naomi Ichiriu=2026-09-02T18:27:29.404013,2,false,,,11,9,0,0,0,0
1856,0001744489,Walt Disney Co,2021,0001744489-21-000220,false,false,true,47,2,Naomi Ichiriu; Yesenia Garcia,Naomi Ichiriu=done; Yesenia Garcia=done,Naomi Ichiriu=2026-07-14T22:24:05.052431; Yesenia Garcia=2026-08-03T09:10:49.768976,2,true,2026-08-04T21:24:38.656918,,0,0,0,0,0,0
1857,0001744489,Walt Disney Co,2022,0001744489-22-000213,false,false,true,82,3,Yesenia Garcia; Naomi Ichiriu,Yesenia Garcia=done; Naomi Ichiriu=done,Yesenia Garcia=2026-08-03T09:10:58.657761; Naomi Ichiriu=2026-07-14T22:38:34.644999,2,true,2026-08-04T21:24:42.230413,,0,0,0,0,0,0
1858,0001744489,Walt Disney Co,2023,0001744489-23-000216,false,false,true,203,82,Yesenia Garcia; Naomi Ichiriu,Yesenia Garcia=done; Naomi Ichiriu=done,Yesenia Garcia=2026-08-03T09:12:14.533041; Naomi Ichiriu=2026-07-14T22:49:11.870696,2,true,2026-09-21T03:21:53.558704,,4,1,0,3,0,3
1859,0001744489,Walt Disney Co,2024,0001744489-24-000276,false,false,true,318,133,Naomi Ichiriu; Yesenia Garcia,Naomi Ichiriu=done; Yesenia Garcia=done,Naomi Ichiriu=2026-07-14T23:04:54.787906; Yesenia Garcia=2026-08-03T09:14:50.417686,2,true,2026-09-21T03:22:53.938032,,8,3,0,5,0,5
1860,0001744489,Walt Disney Co,2025,0001744489-25-000155,false,false,true,317,137,Naomi Ichiriu; Yesenia Garcia,Naomi Ichiriu=done; Yesenia Garcia=done,Naomi Ichiriu=2026-07-14T23:04:38.000364; Yesenia Garcia=2026-08-03T09:16:06.367760,2,true,2026-09-30T19:30:49.582175,,9,2,0,7,0,9
4395,0001437107,"Warner Bros. Discovery, Inc.",2015,0001437107-15-000004,false,false,false,40,1,Yesenia Garcia,Yesenia Garcia=done,Yesenia Garcia=2026-09-28T06:07:00.558694,2,false,,,0,0,0,0,0,0
4396,0001437107,"Warner Bros. Discovery, Inc.",2016,0001437107-16-000059,false,false,false,40,1,Yesenia Garcia,Yesenia Garcia=done,Yesenia Garcia=2026-09-28T06:07:45.198364,2,false,,,0,0,0,0,0,0
4397,0001437107,"Warner Bros. Discovery, Inc.",2017,0001437107-17-000007,false,false,false,46,1,Yesenia Garcia,Yesenia Garcia=done,Yesenia Garcia=2026-09-28T06:08:30.478922,2,false,,,0,0,0,0,0,0
4398,0001437107,"Warner Bros. Discovery, Inc.",2018,0001437107-18-000028,false,false,false,43,1,Yesenia Garcia,Yesenia Garcia=done,Yesenia Garcia=2026-09-28T06:09:20.328414,2,false,,,0,0,0,0,0,0
4399,0001437107,"Warner Bros. Discovery, Inc.",2019,0001437107-19-000013,false,false,false,42,1,Yesenia Garcia,Yesenia Garcia=done,Yesenia Garcia=2026-09-28T06:10:13.889938,2,false,,,0,0,0,0,0,0
4400,0001437107,"Warner Bros. Discovery, Inc.",2020,0001437107-20-000006,false,false,false,42,1,Yesenia Garcia,Yesenia Garcia=done,Yesenia Garcia=2026-09-28T06:11:07.970690,2,false,,,0,0,0,0,0,0
4401,0001437107,"Warner Bros. Discovery, Inc.",2021,0001437107-21-000018,false,false,false,47,2,Yesenia Garcia,Yesenia Garcia=done,Yesenia Garcia=2026-09-28T06:12:08.111298,2,false,,,0,0,0,0,0,0
4402,0001437107,"Warner Bros. Discovery, Inc.",2022,0001437107-22-000031,false,false,false,58,3,Yesenia Garcia,Yesenia Garcia=done,Yesenia Garcia=2026-09-28T06:13:13.789891,2,false,,,0,0,0,0,0,0
4403,0001437107,"Warner Bros. Discovery, Inc.",2023,0001437107-23-000019,false,false,false,63,3,Yesenia Garcia,Yesenia Garcia=done,Yesenia Garcia=2026-09-28T06:14:05.539949,2,false,,,0,0,0,0,0,0
4404,0001437107,"Warner Bros. Discovery, Inc.",2024,0001437107-24-000017,false,false,false,413,136,Yesenia Garcia,Yesenia Garcia=done,Yesenia Garcia=2026-09-28T06:17:13.285162,2,false,,,4,4,0,0,0,0
4405,0001437107,"Warner Bros. Discovery, Inc.",2025,0001437107-25-000031,false,false,false,446,169,Yesenia Garcia,Yesenia Garcia=done,Yesenia Garcia=2026-09-28T06:20:20.939903,2,false,,,4,4,0,0,0,0
4406,0001437107,"Warner Bros. Discovery, Inc.",2026,0001437107-26-000020,false,false,false,432,152,Yesenia Garcia,Yesenia Garcia=done,Yesenia Garcia=2026-09-28T06:23:48.588163,2,false,,,9,8,0,0,0,0
2814,0000823768,WASTE MANAGEMENT INC,2015,0000950123-15-002550,false,false,false,54,4,Naomi Ichiriu,Naomi Ichiriu=done,Naomi Ichiriu=2026-08-19T19:50:47.353920,2,false,,,0,0,0,0,0,0
3016,0000823768,WASTE MANAGEMENT INC,2016,0001193125-16-467957,false,false,false,53,4,Naomi Ichiriu,Naomi Ichiriu=done,Naomi Ichiriu=2026-08-19T19:48:38.205550,2,false,,,0,0,0,0,0,0
3017,0000823768,WASTE MANAGEMENT INC,2017,0001193125-17-046480,false,false,false,54,4,Naomi Ichiriu,Naomi Ichiriu=done,Naomi Ichiriu=2026-08-19T19:49:06.471477,2,false,,,0,0,0,0,0,0
3021,0000823768,WASTE MANAGEMENT INC,2018,0001558370-18-000716,false,false,false,51,4,Naomi Ichiriu,Naomi Ichiriu=done,Naomi Ichiriu=2026-08-19T19:49:53.004949,2,false,,,0,0,0,0,0,0
3018,0000823768,WASTE MANAGEMENT INC,2019,0001558370-19-000662,false,false,false,55,5,Naomi Ichiriu,Naomi Ichiriu=done,Naomi Ichiriu=2026-08-19T19:49:01.458412,2,false,,,0,0,0,0,0,0
3022,0000823768,WASTE MANAGEMENT INC,2020,0001558370-20-000762,false,false,false,58,6,Naomi Ichiriu,Naomi Ichiriu=done,Naomi Ichiriu=2026-08-19T19:49:47.435377,2,false,,,0,0,0,0,0,0
3019,0000823768,WASTE MANAGEMENT INC,2021,0001558370-21-001348,false,false,false,118,7,Naomi Ichiriu,Naomi Ichiriu=done,Naomi Ichiriu=2026-08-19T19:48:49.286004,2,false,,,0,0,0,0,0,0
3023,0000823768,WASTE MANAGEMENT INC,2022,0001558370-22-001179,false,false,false,143,9,Naomi Ichiriu,Naomi Ichiriu=done,Naomi Ichiriu=2026-08-19T19:49:40.453277,2,false,,,0,0,0,0,0,0
3024,0000823768,WASTE MANAGEMENT INC,2023,0001558370-23-000964,false,false,false,257,10,Naomi Ichiriu,Naomi Ichiriu=done,Naomi Ichiriu=2026-08-19T20:04:32.168759,2,false,,,1,1,0,0,0,0
3020,0000823768,WASTE MANAGEMENT INC,2024,0001558370-24-001049,false,false,false,185,46,Naomi Ichiriu,Naomi Ichiriu=done,Naomi Ichiriu=2026-08-26T15:24:43.177899,2,false,,,4,4,0,0,0,0
3025,0000823768,WASTE MANAGEMENT INC,2025,0001558370-25-001132,false,false,false,408,39,Naomi Ichiriu,Naomi Ichiriu=done,Naomi Ichiriu=2026-08-26T15:28:29.842771,2,false,,,14,10,0,0,0,0
2813,0000823768,WASTE MANAGEMENT INC,2026,0001104659-26-012049,false,false,false,348,39,Naomi Ichiriu,Naomi Ichiriu=done,Naomi Ichiriu=2026-08-26T15:29:46.226530,2,false,,,12,8,0,0,0,0
3869,0001000697,WATERS CORP /DE/,2015,0001193125-15-067900,false,false,false,204,3,Yesenia Garcia,Yesenia Garcia=done,Yesenia Garcia=2026-09-12T07:50:13.386466,2,false,,,0,0,0,0,0,0
3870,0001000697,WATERS CORP /DE/,2016,0001193125-16-480594,false,false,false,279,3,Yesenia Garcia,Yesenia Garcia=done,Yesenia Garcia=2026-09-12T07:50:36.850760,2,false,,,0,0,0,0,0,0
3876,0001000697,WATERS CORP /DE/,2021,0001193125-21-054385,false,false,false,397,3,Yesenia Garcia,Yesenia Garcia=done,Yesenia Garcia=2026-09-12T07:51:25.901699,2,false,,,0,0,0,0,0,0
3877,0001000697,WATERS CORP /DE/,2022,0001193125-22-051509,false,false,false,444,4,Yesenia Garcia,Yesenia Garcia=done,Yesenia Garcia=2026-09-12T07:51:50.119635,2,false,,,0,0,0,0,0,0
3878,0001000697,WATERS CORP /DE/,2023,0001193125-23-050827,false,false,false,381,6,Yesenia Garcia,Yesenia Garcia=done,Yesenia Garcia=2026-09-12T07:52:27.557667,2,false,,,0,0,0,0,0,0
3879,0001000697,WATERS CORP /DE/,2024,0001193125-24-047491,false,false,false,520,20,Yesenia Garcia,Yesenia Garcia=done,Yesenia Garcia=2026-09-12T07:52:56.264653,2,false,,,0,0,0,0,0,0
3880,0001000697,WATERS CORP /DE/,2025,0001193125-25-034579,false,false,false,239,88,Yesenia Garcia,Yesenia Garcia=in_progress,Yesenia Garcia=,2,false,,,0,0,0,0,0,0
3460,0000783325,"WEC ENERGY GROUP, INC.",2015,0000107815-15-000040,false,false,true,27,1,Yesenia Garcia; Naomi Ichiriu,Yesenia Garcia=done; Naomi Ichiriu=done,Yesenia Garcia=2026-08-31T05:16:08.385632; Naomi Ichiriu=2026-09-22T14:36:18.078449,2,true,2026-09-30T19:11:13.903006,,0,0,0,0,0,0
3469,0000783325,"WEC ENERGY GROUP, INC.",2024,0000107815-24-000095,false,false,true,620,35,Yesenia Garcia; Naomi Ichiriu,Yesenia Garcia=done; Naomi Ichiriu=done,Yesenia Garcia=2026-08-31T05:17:09.159067; Naomi Ichiriu=2026-09-22T14:40:29.688171,2,true,2026-09-30T19:11:17.097630,,0,0,0,0,0,0
3470,0000783325,"WEC ENERGY GROUP, INC.",2025,0000107815-25-000103,false,false,false,692,117,Yesenia Garcia; Naomi Ichiriu,Yesenia Garcia=done; Naomi Ichiriu=done,Yesenia Garcia=2026-08-31T05:19:29.208185; Naomi Ichiriu=2026-09-26T21:14:31.587537,2,false,,,9,3,6,0,0,2
3471,0000783325,"WEC ENERGY GROUP, INC.",2026,0000783325-26-000018,false,false,false,1043,150,Yesenia Garcia; Naomi Ichiriu,Yesenia Garcia=done; Naomi Ichiriu=done,Yesenia Garcia=2026-08-31T05:22:06.673966; Naomi Ichiriu=2026-09-26T21:20:09.126272,2,false,,,11,1,10,0,0,5
4029,0000072971,WELLS FARGO & COMPANY/MN,2024,0000072971-24-000064,false,false,false,4,1,Naomi Ichiriu,Naomi Ichiriu=done,Naomi Ichiriu=2026-09-16T15:19:06.239878,2,false,,,0,0,0,0,0,0
4030,0000072971,WELLS FARGO & COMPANY/MN,2025,0000072971-25-000066,false,false,false,4,1,Naomi Ichiriu,Naomi Ichiriu=done,Naomi Ichiriu=2026-09-16T15:19:07.466633,2,false,,,0,0,0,0,0,0
4031,0000072971,WELLS FARGO & COMPANY/MN,2026,0000072971-26-000133,false,false,false,50,2,Naomi Ichiriu,Naomi Ichiriu=done,Naomi Ichiriu=2026-09-16T15:26:52.450139,2,false,,,0,0,0,0,0,0
4378,0000106040,WESTERN DIGITAL CORP,2015,0000106040-15-000010,false,false,false,778,12,Amali Oakley; Alexa Bishop,Amali Oakley=done; Alexa Bishop=done,Amali Oakley=2026-09-28T03:46:19.385091; Alexa Bishop=2026-10-03T02:29:41.018075,2,false,,,0,0,0,0,0,0
4380,0000106040,WESTERN DIGITAL CORP,2016,0000106040-16-000033,false,false,false,884,5,Amali Oakley; Alexa Bishop,Amali Oakley=done; Alexa Bishop=done,Amali Oakley=2026-09-28T04:00:58.802831; Alexa Bishop=2026-10-03T02:30:26.546224,2,false,,,0,0,0,0,0,0
4430,0000106040,WESTERN DIGITAL CORP,2017,0000106040-17-000027,false,false,false,3727,23,Amali Oakley; Alexa Bishop,Amali Oakley=done; Alexa Bishop=done,Amali Oakley=2026-09-28T17:47:23.794358; Alexa Bishop=2026-10-03T02:33:24.934835,2,false,,,0,0,0,0,0,0
4438,0000106040,WESTERN DIGITAL CORP,2018,0000106040-18-000029,false,false,false,3371,54,Amali Oakley; Alexa Bishop,Amali Oakley=done; Alexa Bishop=done,Amali Oakley=2026-09-28T19:46:29.806483; Alexa Bishop=2026-10-03T02:35:25.881162,2,false,,,0,0,0,0,0,0
4444,0000106040,WESTERN DIGITAL CORP,2019,0000106040-19-000058,false,false,false,3303,24,Amali Oakley; Alexa Bishop,Amali Oakley=done; Alexa Bishop=done,Amali Oakley=2026-09-28T19:51:35.464315; Alexa Bishop=2026-10-03T02:38:45.282706,2,false,,,0,0,0,0,0,0
4445,0000106040,WESTERN DIGITAL CORP,2020,0000106040-20-000049,false,false,false,2514,24,Amali Oakley; Alexa Bishop,Amali Oakley=done; Alexa Bishop=done,Amali Oakley=2026-09-28T19:53:57.023739; Alexa Bishop=2026-10-03T02:40:17.172539,2,false,,,0,0,0,0,0,0
4446,0000106040,WESTERN DIGITAL CORP,2021,0000106040-21-000040,false,false,false,2210,15,Amali Oakley; Alexa Bishop,Amali Oakley=done; Alexa Bishop=done,Amali Oakley=2026-09-28T19:55:48.560608; Alexa Bishop=2026-10-03T02:41:51.613030,2,false,,,0,0,0,0,0,0
4447,0000106040,WESTERN DIGITAL CORP,2022,0000106040-22-000055,false,false,false,146,3,Amali Oakley; Alexa Bishop,Amali Oakley=done; Alexa Bishop=done,Amali Oakley=2026-09-28T19:56:25.206072; Alexa Bishop=2026-10-03T02:42:19.761701,2,false,,,0,0,0,0,0,0
4448,0000106040,WESTERN DIGITAL CORP,2023,0000106040-23-000024,false,false,false,1417,6,Amali Oakley; Alexa Bishop,Amali Oakley=done; Alexa Bishop=done,Amali Oakley=2026-09-28T19:57:29.886596; Alexa Bishop=2026-10-03T02:47:20.695614,2,false,,,0,0,0,0,0,0
4449,0000106040,WESTERN DIGITAL CORP,2024,0000106040-24-000031,false,false,false,1790,181,Amali Oakley; Alexa Bishop,Amali Oakley=done; Alexa Bishop=done,Amali Oakley=2026-09-28T19:59:39.589618; Alexa Bishop=2026-10-03T02:53:28.883585,2,false,,,1,1,0,0,0,0
4450,0000106040,WESTERN DIGITAL CORP,2025,0000106040-25-000038,false,false,false,1883,191,Amali Oakley; Alexa Bishop,Amali Oakley=done; Alexa Bishop=done,Amali Oakley=2026-09-28T20:20:14.088423; Alexa Bishop=2026-10-03T03:08:04.598668,2,false,,,13,5,6,0,0,0
2108,0000106535,WEYERHAEUSER CO,2015,0000106535-15-000006,false,false,true,90,2,Naomi Ichiriu; Yesenia Garcia,Naomi Ichiriu=done; Yesenia Garcia=done,Naomi Ichiriu=2026-07-22T06:38:44.534475; Yesenia Garcia=2026-08-10T05:55:43.486416,2,true,2026-08-10T19:52:29.690504,,0,0,0,0,0,0
2109,0000106535,WEYERHAEUSER CO,2016,0000106535-16-000046,false,false,true,85,2,Yesenia Garcia; Naomi Ichiriu,Yesenia Garcia=done; Naomi Ichiriu=done,Yesenia Garcia=2026-08-10T05:55:46.456280; Naomi Ichiriu=2026-07-22T06:45:12.485188,2,true,2026-08-10T19:52:32.423556,,0,0,0,0,0,0
2119,0000106535,WEYERHAEUSER CO,2017,0000106535-17-000007,false,false,true,113,2,Yesenia Garcia; Naomi Ichiriu,Yesenia Garcia=done; Naomi Ichiriu=done,Yesenia Garcia=2026-08-10T05:55:49.157160; Naomi Ichiriu=2026-07-22T07:01:49.918166,2,true,2026-08-10T19:53:19.761231,,0,0,0,0,0,0
2110,0000106535,WEYERHAEUSER CO,2018,0000106535-18-000013,false,false,true,50,1,Naomi Ichiriu; Yesenia Garcia,Naomi Ichiriu=done; Yesenia Garcia=done,Naomi Ichiriu=2026-07-22T06:24:39.838420; Yesenia Garcia=2026-08-10T05:55:51.674874,2,true,2026-08-10T19:53:22.320681,,0,0,0,0,0,0
2111,0000106535,WEYERHAEUSER CO,2019,0000106535-19-000014,false,false,true,48,1,Naomi Ichiriu; Yesenia Garcia,Naomi Ichiriu=done; Yesenia Garcia=done,Naomi Ichiriu=2026-07-22T06:24:34.770560; Yesenia Garcia=2026-08-10T05:55:56.083359,2,true,2026-08-10T19:53:25.198953,,0,0,0,0,0,0
2112,0000106535,WEYERHAEUSER CO,2020,0001564590-20-004822,false,false,true,50,1,Naomi Ichiriu; Yesenia Garcia,Naomi Ichiriu=done; Yesenia Garcia=done,Naomi Ichiriu=2026-07-22T06:38:50.946959; Yesenia Garcia=2026-08-10T05:55:59.418418,2,true,2026-08-10T19:53:27.816281,,0,0,0,0,0,0
2113,0000106535,WEYERHAEUSER CO,2021,0001564590-21-006960,false,false,true,125,1,Naomi Ichiriu; Yesenia Garcia,Naomi Ichiriu=done; Yesenia Garcia=done,Naomi Ichiriu=2026-07-22T06:45:38.004651; Yesenia Garcia=2026-08-10T05:56:02.211525,2,true,2026-08-10T19:53:30.614593,,0,0,0,0,0,0
2114,0000106535,WEYERHAEUSER CO,2022,0001564590-22-005707,false,false,true,1502,3,Naomi Ichiriu; Yesenia Garcia,Naomi Ichiriu=done; Yesenia Garcia=done,Naomi Ichiriu=2026-07-22T06:46:39.717177; Yesenia Garcia=2026-08-10T05:56:07.178792,2,true,2026-08-10T19:57:30.004217,,0,0,0,0,0,0
2118,0000106535,WEYERHAEUSER CO,2023,0000950170-23-003217,false,false,true,1730,11,Yesenia Garcia; Naomi Ichiriu,Yesenia Garcia=done; Naomi Ichiriu=done,Yesenia Garcia=2026-08-10T05:56:09.948569; Naomi Ichiriu=2026-07-22T07:03:54.465092,2,true,2026-08-10T19:54:28.334798,,0,0,0,0,0,0
2117,0000106535,WEYERHAEUSER CO,2024,0000950170-24-016434,false,false,true,1651,217,Yesenia Garcia; Naomi Ichiriu,Yesenia Garcia=done; Naomi Ichiriu=done,Yesenia Garcia=2026-08-10T05:56:56.231729; Naomi Ichiriu=2026-07-22T07:00:20.561650,2,true,2026-08-10T19:54:54.402989,,1,0,0,1,0,1
2116,0000106535,WEYERHAEUSER CO,2025,0000950170-25-021254,false,false,true,1681,225,Naomi Ichiriu; Yesenia Garcia,Naomi Ichiriu=done; Yesenia Garcia=done,Naomi Ichiriu=2026-07-22T06:59:04.515293; Yesenia Garcia=2026-08-10T05:57:15.380201,2,true,2026-08-10T19:56:07.185898,,1,0,0,1,0,1
2115,0000106535,WEYERHAEUSER CO,2026,0001193125-26-051422,false,false,true,1710,244,Naomi Ichiriu; Yesenia Garcia,Naomi Ichiriu=done; Yesenia Garcia=done,Naomi Ichiriu=2026-07-22T06:56:25.244809; Yesenia Garcia=2026-08-10T05:59:39.736813,2,true,2026-08-26T15:31:37.924747,,9,2,0,7,0,11
2541,0000107263,"WILLIAMS COMPANIES, INC.",2015,0000107263-15-000003,false,false,false,184,4,Naomi Ichiriu,Naomi Ichiriu=done,Naomi Ichiriu=2026-08-12T12:36:39.520478,2,false,,,0,0,0,0,0,0
2631,0000107263,"WILLIAMS COMPANIES, INC.",2016,0000107263-16-000021,false,false,false,242,4,Naomi Ichiriu,Naomi Ichiriu=done,Naomi Ichiriu=2026-08-13T07:59:53.685271,2,false,,,0,0,0,0,0,0
2632,0000107263,"WILLIAMS COMPANIES, INC.",2017,0000107263-17-000003,false,false,false,225,4,Naomi Ichiriu,Naomi Ichiriu=done,Naomi Ichiriu=2026-08-13T08:00:13.976933,2,false,,,0,0,0,0,0,0
2633,0000107263,"WILLIAMS COMPANIES, INC.",2018,0000107263-18-000006,false,false,false,192,5,Naomi Ichiriu,Naomi Ichiriu=done,Naomi Ichiriu=2026-08-13T08:00:20.391589,2,false,,,0,0,0,0,0,0
2634,0000107263,"WILLIAMS COMPANIES, INC.",2019,0000107263-19-000007,false,false,false,176,7,Naomi Ichiriu,Naomi Ichiriu=done,Naomi Ichiriu=2026-08-13T08:00:54.662977,2,false,,,0,0,0,0,0,0
2635,0000107263,"WILLIAMS COMPANIES, INC.",2020,0000107263-20-000005,false,false,false,202,7,Naomi Ichiriu,Naomi Ichiriu=done,Naomi Ichiriu=2026-08-13T08:01:07.428166,2,false,,,0,0,0,0,0,0
2639,0000107263,"WILLIAMS COMPANIES, INC.",2021,0000107263-21-000006,false,false,false,209,7,Naomi Ichiriu,Naomi Ichiriu=done,Naomi Ichiriu=2026-08-13T08:02:04.061065,2,false,,,0,0,0,0,0,0
2640,0000107263,"WILLIAMS COMPANIES, INC.",2022,0000107263-22-000007,false,false,false,260,11,Naomi Ichiriu,Naomi Ichiriu=done,Naomi Ichiriu=2026-08-13T08:02:14.735590,2,false,,,0,0,0,0,0,0
2641,0000107263,"WILLIAMS COMPANIES, INC.",2023,0000107263-23-000007,false,false,false,259,13,Naomi Ichiriu,Naomi Ichiriu=done,Naomi Ichiriu=2026-08-13T08:02:28.907822,2,false,,,0,0,0,0,0,0
2668,0000107263,"WILLIAMS COMPANIES, INC.",2024,0000107263-24-000019,false,false,false,304,44,Naomi Ichiriu,Naomi Ichiriu=done,Naomi Ichiriu=2026-08-13T10:23:47.441110,2,false,,,0,0,0,0,0,0
2669,0000107263,"WILLIAMS COMPANIES, INC.",2025,0000107263-25-000031,false,false,false,503,57,Naomi Ichiriu,Naomi Ichiriu=done,Naomi Ichiriu=2026-08-13T10:23:32.361699,2,false,,,1,1,0,0,0,0
2670,0000107263,"WILLIAMS COMPANIES, INC.",2026,0000107263-26-000006,false,false,false,1331,57,Naomi Ichiriu,Naomi Ichiriu=done,Naomi Ichiriu=2026-08-13T10:23:02.671079,2,false,,,4,2,0,0,0,0
3804,0000719955,WILLIAMS SONOMA INC,2015,0001193125-15-118009,false,false,true,312,3,Yesenia Garcia; Naomi Ichiriu,Yesenia Garcia=done; Naomi Ichiriu=done,Yesenia Garcia=2026-09-12T05:27:25.544176; Naomi Ichiriu=2026-09-22T14:35:08.977449,2,true,2026-09-30T19:08:39.773352,,0,0,0,0,0,0
3805,0000719955,WILLIAMS SONOMA INC,2016,0001193125-16-525847,false,false,true,366,4,Yesenia Garcia; Naomi Ichiriu,Yesenia Garcia=done; Naomi Ichiriu=done,Yesenia Garcia=2026-09-12T05:28:09.575998; Naomi Ichiriu=2026-09-22T14:35:04.882279,2,true,2026-09-30T19:08:42.050067,,0,0,0,0,0,0
3806,0000719955,WILLIAMS SONOMA INC,2017,0001193125-17-104341,false,false,true,378,4,Yesenia Garcia; Naomi Ichiriu,Yesenia Garcia=done; Naomi Ichiriu=done,Yesenia Garcia=2026-09-12T05:28:47.809187; Naomi Ichiriu=2026-09-22T14:35:04.856308,2,true,2026-09-30T19:08:44.158886,,0,0,0,0,0,0
3807,0000719955,WILLIAMS SONOMA INC,2018,0001193125-18-102232,false,false,true,498,5,Yesenia Garcia; Naomi Ichiriu,Yesenia Garcia=done; Naomi Ichiriu=done,Yesenia Garcia=2026-09-12T05:32:13.883356; Naomi Ichiriu=2026-09-22T14:35:09.055102,2,true,2026-09-30T19:08:46.553086,,0,0,0,0,0,0
3808,0000719955,WILLIAMS SONOMA INC,2019,0001193125-19-097973,false,false,true,393,4,Yesenia Garcia; Naomi Ichiriu,Yesenia Garcia=done; Naomi Ichiriu=done,Yesenia Garcia=2026-09-12T05:32:46.058282; Naomi Ichiriu=2026-09-22T14:35:13.184627,2,true,2026-09-30T19:08:48.441909,,0,0,0,0,0,0
3809,0000719955,WILLIAMS SONOMA INC,2020,0001193125-20-088937,false,false,true,340,4,Yesenia Garcia; Naomi Ichiriu,Yesenia Garcia=done; Naomi Ichiriu=done,Yesenia Garcia=2026-09-12T05:33:30.279079; Naomi Ichiriu=2026-09-22T14:35:13.400584,2,true,2026-09-30T19:08:54.217414,,0,0,0,0,0,0
3810,0000719955,WILLIAMS SONOMA INC,2021,0001193125-21-100319,false,false,true,554,5,Yesenia Garcia; Naomi Ichiriu,Yesenia Garcia=done; Naomi Ichiriu=done,Yesenia Garcia=2026-09-12T05:33:52.960063; Naomi Ichiriu=2026-09-22T14:35:43.830947,2,true,2026-09-30T19:11:08.734916,,0,0,0,0,0,0
3811,0000719955,WILLIAMS SONOMA INC,2022,0001628280-22-007494,false,false,true,580,8,Yesenia Garcia; Naomi Ichiriu,Yesenia Garcia=done; Naomi Ichiriu=done,Yesenia Garcia=2026-09-12T05:34:14.280528; Naomi Ichiriu=2026-09-22T14:35:57.622983,2,true,2026-09-30T19:11:11.366297,,0,0,0,0,0,0
3812,0000719955,WILLIAMS SONOMA INC,2023,0001628280-23-009175,false,false,true,625,9,Yesenia Garcia; Naomi Ichiriu,Yesenia Garcia=done; Naomi Ichiriu=done,Yesenia Garcia=2026-09-12T05:35:52.484015; Naomi Ichiriu=2026-09-26T22:36:17.405474,2,true,2026-09-30T19:30:01.366037,,1,0,0,1,0,1
3813,0000719955,WILLIAMS SONOMA INC,2024,0001628280-24-012221,false,false,false,641,199,Yesenia Garcia; Naomi Ichiriu,Yesenia Garcia=done; Naomi Ichiriu=done,Yesenia Garcia=2026-09-12T05:43:51.678189; Naomi Ichiriu=2026-09-26T22:35:34.631755,2,false,,,4,0,3,0,0,1
3814,0000719955,WILLIAMS SONOMA INC,2025,0001628280-25-015037,false,false,false,630,198,Yesenia Garcia; Naomi Ichiriu,Yesenia Garcia=done; Naomi Ichiriu=done,Yesenia Garcia=2026-09-12T05:46:28.443373; Naomi Ichiriu=2026-09-26T22:34:34.985161,2,false,,,4,0,4,0,0,1
3815,0000719955,WILLIAMS SONOMA INC,2026,0000719955-26-000059,false,false,false,710,230,Yesenia Garcia; Naomi Ichiriu,Yesenia Garcia=done; Naomi Ichiriu=done,Yesenia Garcia=2026-09-12T05:49:34.712992; Naomi Ichiriu=2026-09-26T21:30:13.513422,2,false,,,16,2,8,1,0,4
4420,0001140536,WILLIS TOWERS WATSON PLC,2017,0001140536-17-000008,false,false,false,350,3,Yesenia Garcia,Yesenia Garcia=done,Yesenia Garcia=2026-09-28T07:13:39.561554,2,false,,,0,0,0,0,0,0
4421,0001140536,WILLIS TOWERS WATSON PLC,2018,0001140536-18-000008,false,false,false,363,4,Yesenia Garcia,Yesenia Garcia=done,Yesenia Garcia=2026-09-28T07:14:47.573808,2,false,,,0,0,0,0,0,0
4422,0001140536,WILLIS TOWERS WATSON PLC,2019,0001564590-19-004912,false,false,false,263,7,Yesenia Garcia,Yesenia Garcia=done,Yesenia Garcia=2026-09-28T07:18:58.230828,2,false,,,0,0,0,0,0,0
4423,0001140536,WILLIS TOWERS WATSON PLC,2020,0001564590-20-006736,false,false,false,317,11,Yesenia Garcia,Yesenia Garcia=done,Yesenia Garcia=2026-09-28T07:17:37.144233,2,false,,,0,0,0,0,0,0
4424,0001140536,WILLIS TOWERS WATSON PLC,2021,0001564590-21-007578,false,false,false,416,13,Yesenia Garcia,Yesenia Garcia=done,Yesenia Garcia=2026-09-28T07:19:26.120589,2,false,,,1,1,0,0,0,0
4425,0001140536,WILLIS TOWERS WATSON PLC,2022,0000950170-22-001932,false,false,false,489,13,Yesenia Garcia,Yesenia Garcia=done,Yesenia Garcia=2026-09-28T07:20:42.185825,2,false,,,2,1,0,0,0,0
4426,0001140536,WILLIS TOWERS WATSON PLC,2023,0000950170-23-004303,false,false,false,478,18,Yesenia Garcia,Yesenia Garcia=done,Yesenia Garcia=2026-09-28T07:22:56.627947,2,false,,,1,1,0,0,0,0
4427,0001140536,WILLIS TOWERS WATSON PLC,2024,0000950170-24-018575,false,false,false,679,44,Yesenia Garcia,Yesenia Garcia=done,Yesenia Garcia=2026-09-28T07:24:48.684363,2,false,,,3,3,0,0,0,0
4428,0001140536,WILLIS TOWERS WATSON PLC,2025,0000950170-25-026278,false,false,false,674,215,Yesenia Garcia,Yesenia Garcia=done,Yesenia Garcia=2026-09-28T07:28:44.425467,2,false,,,11,9,0,0,0,0
4429,0001140536,WILLIS TOWERS WATSON PLC,2026,0001193125-26-069307,false,false,false,744,223,Yesenia Garcia,Yesenia Garcia=done,Yesenia Garcia=2026-09-28T07:35:01.096688,2,false,,,12,12,0,0,0,0
3713,0001327811,"Workday, Inc.",2015,0001327811-15-000006,false,false,true,1209,29,Amali Oakley; Joseline Viveros,Amali Oakley=done; Joseline Viveros=done,Amali Oakley=2026-09-10T02:30:53.959800; Joseline Viveros=2026-09-14T20:42:44.148231,2,true,2026-09-14T20:42:55.595981,,0,0,0,0,0,0
3724,0001327811,"Workday, Inc.",2016,0001327811-16-000032,false,false,true,2020,28,Amali Oakley; Joseline Viveros,Amali Oakley=done; Joseline Viveros=done,Amali Oakley=2026-09-10T02:44:56.700378; Joseline Viveros=2026-09-14T20:44:28.630232,2,true,2026-09-14T20:44:38.048933,,0,0,0,0,0,0
3725,0001327811,"Workday, Inc.",2017,0001327811-17-000008,false,false,true,2020,36,Amali Oakley; Joseline Viveros,Amali Oakley=done; Joseline Viveros=done,Amali Oakley=2026-09-10T03:02:54.168427; Joseline Viveros=2026-09-14T20:46:14.777484,2,true,2026-09-14T20:46:20.031636,,0,0,0,0,0,0
3726,0001327811,"Workday, Inc.",2018,0001327811-18-000009,false,false,true,2681,40,Amali Oakley; Joseline Viveros,Amali Oakley=done; Joseline Viveros=done,Amali Oakley=2026-09-10T03:40:49.531825; Joseline Viveros=2026-09-14T21:23:54.140261,2,true,2026-09-14T21:24:02.092183,,0,0,0,0,0,0
3727,0001327811,"Workday, Inc.",2019,0001327811-19-000038,false,false,true,2794,42,Amali Oakley; Joseline Viveros,Amali Oakley=done; Joseline Viveros=done,Amali Oakley=2026-09-10T15:23:24.489592; Joseline Viveros=2026-09-14T21:26:23.022552,2,true,2026-09-14T21:26:33.798493,,0,0,0,0,0,0
3947,0001327811,"Workday, Inc.",2020,0001327811-20-000022,false,false,true,934,40,Amali Oakley; Joseline Viveros,Amali Oakley=done; Joseline Viveros=done,Amali Oakley=2026-09-21T20:14:35.896304; Joseline Viveros=2026-09-15T01:41:45.217231,2,true,2026-09-22T21:27:19.520745,,4,2,0,2,1,7
3948,0001327811,"Workday, Inc.",2021,0001327811-21-000020,false,false,true,1013,43,Amali Oakley; Joseline Viveros,Amali Oakley=done; Joseline Viveros=done,Amali Oakley=2026-09-21T20:16:31.208360; Joseline Viveros=2026-09-15T02:06:05.847633,2,true,2026-09-22T21:27:54.928061,,4,2,0,2,1,7
3949,0001327811,"Workday, Inc.",2022,0001327811-22-000030,false,false,true,2487,47,Amali Oakley; Joseline Viveros,Amali Oakley=done; Joseline Viveros=done,Amali Oakley=2026-09-21T20:20:17.426973; Joseline Viveros=2026-09-15T02:12:34.861059,2,true,2026-09-22T21:28:34.077521,,5,2,0,3,1,8
3950,0001327811,"Workday, Inc.",2023,0001327811-23-000024,false,false,true,3323,223,Amali Oakley; Joseline Viveros,Amali Oakley=done; Joseline Viveros=done,Amali Oakley=2026-09-13T05:51:09.133231; Joseline Viveros=2026-09-15T02:22:27.171158,2,true,2026-09-22T21:29:42.569104,,12,6,0,6,1,8
3952,0001327811,"Workday, Inc.",2024,0001327811-24-000044,false,false,true,3505,432,Amali Oakley; Joseline Viveros,Amali Oakley=done; Joseline Viveros=done,Amali Oakley=2026-09-13T20:37:46.126945; Joseline Viveros=2026-09-15T02:30:59.865247,2,true,2026-09-21T20:23:13.239027,,13,5,0,8,0,9
3953,0001327811,"Workday, Inc.",2025,0001327811-25-000056,false,false,true,2815,434,Amali Oakley; Joseline Viveros,Amali Oakley=done; Joseline Viveros=done,Amali Oakley=2026-09-14T20:39:17.295678; Joseline Viveros=2026-09-15T02:45:59.463590,2,true,2026-09-22T21:33:10.701082,,31,6,0,22,2,29
3721,0001327811,"Workday, Inc.",2026,0001327811-26-000014,false,false,true,2808,503,Amali Oakley; Joseline Viveros,Amali Oakley=done; Joseline Viveros=done,Amali Oakley=2026-09-14T23:48:33.524831; Joseline Viveros=2026-09-15T03:14:55.083787,2,true,2026-09-23T20:34:05.587419,,61,21,1,32,0,42
1862,0001174922,WYNN RESORTS LTD,2015,0001174922-15-000021,false,false,true,65,3,Akshitha Venkataraman; Naomi Ichiriu,Akshitha Venkataraman=done; Naomi Ichiriu=done,Akshitha Venkataraman=2026-07-27T12:56:21.108093; Naomi Ichiriu=2026-07-14T23:06:16.762665,2,true,2026-07-27T17:20:24.315120,,0,0,0,0,0,0
1863,0001174922,WYNN RESORTS LTD,2016,0001174922-16-000144,false,false,true,65,3,Akshitha Venkataraman; Naomi Ichiriu,Akshitha Venkataraman=done; Naomi Ichiriu=done,Akshitha Venkataraman=2026-07-27T12:56:29.783541; Naomi Ichiriu=2026-07-14T23:06:40.335574,2,true,2026-07-27T17:20:21.354890,,0,0,0,0,0,0
1864,0001174922,WYNN RESORTS LTD,2017,0001174922-17-000027,false,false,true,64,3,Akshitha Venkataraman; Naomi Ichiriu,Akshitha Venkataraman=done; Naomi Ichiriu=done,Akshitha Venkataraman=2026-07-27T12:56:39.902586; Naomi Ichiriu=2026-07-14T23:07:12.078453,2,true,2026-07-27T17:20:18.637544,,0,0,0,0,0,0
1865,0001174922,WYNN RESORTS LTD,2018,0001174922-18-000019,false,false,true,69,3,Akshitha Venkataraman; Naomi Ichiriu,Akshitha Venkataraman=done; Naomi Ichiriu=done,Akshitha Venkataraman=2026-07-27T12:56:49.116750; Naomi Ichiriu=2026-07-14T23:07:33.389066,2,true,2026-07-27T17:20:15.408430,,0,0,0,0,0,0
1866,0001174922,WYNN RESORTS LTD,2019,0001174922-19-000021,false,false,true,80,4,Akshitha Venkataraman; Naomi Ichiriu,Akshitha Venkataraman=done; Naomi Ichiriu=done,Akshitha Venkataraman=2026-07-27T12:56:58.884986; Naomi Ichiriu=2026-07-14T23:07:43.803944,2,true,2026-07-27T17:20:11.844443,,0,0,0,0,0,0
1867,0001174922,WYNN RESORTS LTD,2020,0001174922-20-000024,false,false,true,76,4,Akshitha Venkataraman; Naomi Ichiriu,Akshitha Venkataraman=done; Naomi Ichiriu=done,Akshitha Venkataraman=2026-07-27T12:57:07.919250; Naomi Ichiriu=2026-07-14T23:08:16.220929,2,true,2026-07-27T17:20:06.459783,,0,0,0,0,0,0
1868,0001174922,WYNN RESORTS LTD,2021,0001174922-21-000029,false,false,true,75,4,Akshitha Venkataraman; Naomi Ichiriu,Akshitha Venkataraman=done; Naomi Ichiriu=done,Akshitha Venkataraman=2026-07-27T12:57:18.678538; Naomi Ichiriu=2026-07-14T23:08:31.399153,2,true,2026-07-27T17:20:02.800375,,0,0,0,0,0,0
1869,0001174922,WYNN RESORTS LTD,2022,0001174922-22-000031,false,false,true,77,4,Akshitha Venkataraman; Naomi Ichiriu,Akshitha Venkataraman=done; Naomi Ichiriu=done,Akshitha Venkataraman=2026-07-27T12:57:28.623119; Naomi Ichiriu=2026-07-14T23:08:50.888697,2,true,2026-07-27T17:19:59.044477,,0,0,0,0,0,0
1870,0001174922,WYNN RESORTS LTD,2023,0001174922-23-000048,false,false,true,77,4,Akshitha Venkataraman; Naomi Ichiriu,Akshitha Venkataraman=done; Naomi Ichiriu=done,Akshitha Venkataraman=2026-07-27T12:57:37.658510; Naomi Ichiriu=2026-07-14T23:09:18.402342,2,true,2026-07-27T17:19:55.950978,,0,0,0,0,0,0
1871,0001174922,WYNN RESORTS LTD,2024,0001174922-24-000046,false,false,true,112,12,Akshitha Venkataraman; Naomi Ichiriu,Akshitha Venkataraman=done; Naomi Ichiriu=done,Akshitha Venkataraman=2026-07-27T12:57:51.182120; Naomi Ichiriu=2026-07-14T23:09:29.733665,2,true,2026-07-27T17:19:52.857668,,0,0,0,0,0,0
1872,0001174922,WYNN RESORTS LTD,2025,0001174922-25-000039,false,false,true,110,12,Akshitha Venkataraman; Naomi Ichiriu,Akshitha Venkataraman=done; Naomi Ichiriu=done,Akshitha Venkataraman=2026-07-27T12:58:06.971618; Naomi Ichiriu=2026-07-14T23:10:07.270971,2,true,2026-07-27T17:19:49.522145,,0,0,0,0,0,0
1873,0001174922,WYNN RESORTS LTD,2026,0001174922-26-000013,false,false,true,111,13,Akshitha Venkataraman; Naomi Ichiriu,Akshitha Venkataraman=done; Naomi Ichiriu=done,Akshitha Venkataraman=2026-07-27T12:58:38.083415; Naomi Ichiriu=2026-07-14T23:08:54.885406,2,true,2026-07-27T17:19:46.278815,,1,0,0,1,0,1
1273,0000072903,XCEL ENERGY INC,2019,0000072903-19-000010,false,false,false,257,2,Yesenia Garcia; Akshitha Venkataraman,Yesenia Garcia=done; Akshitha Venkataraman=done,Yesenia Garcia=2026-07-07T22:33:15.609630; Akshitha Venkataraman=2026-07-10T17:44:39.995699,2,true,2026-09-13T06:20:47.730046,,0,0,0,0,0,0
1274,0000072903,XCEL ENERGY INC,2020,0000072903-20-000011,false,false,false,74,1,Yesenia Garcia; Akshitha Venkataraman,Yesenia Garcia=done; Akshitha Venkataraman=done,Yesenia Garcia=2026-07-07T22:33:45.596711; Akshitha Venkataraman=2026-07-10T17:44:53.953709,2,true,2026-09-13T06:20:50.013886,,0,0,0,0,0,0
1277,0000072903,XCEL ENERGY INC,2022,0000072903-22-000010,false,false,false,44,1,Akshitha Venkataraman; Yesenia Garcia,Akshitha Venkataraman=done; Yesenia Garcia=done,Akshitha Venkataraman=2026-07-10T17:45:08.353969; Yesenia Garcia=2026-07-07T22:34:15.224449,2,true,2026-09-13T06:20:52.324508,,0,0,0,0,0,0
1278,0000072903,XCEL ENERGY INC,2023,0000072903-23-000007,false,false,false,109,4,Yesenia Garcia; Akshitha Venkataraman,Yesenia Garcia=done; Akshitha Venkataraman=done,Yesenia Garcia=2026-07-07T22:35:22.733443; Akshitha Venkataraman=2026-07-10T17:46:59.072112,2,true,2026-09-13T06:20:54.676167,,0,0,0,0,0,0
1279,0000072903,XCEL ENERGY INC,2024,0000072903-24-000034,false,false,false,490,57,Akshitha Venkataraman; Yesenia Garcia,Akshitha Venkataraman=done; Yesenia Garcia=done,Akshitha Venkataraman=2026-07-10T17:47:53.576962; Yesenia Garcia=2026-07-07T22:41:04.678003,2,true,2026-09-13T06:31:27.767042,,2,0,0,2,0,2
1280,0000072903,XCEL ENERGY INC,2025,0000072903-25-000029,false,false,false,1280,59,Akshitha Venkataraman; Yesenia Garcia,Akshitha Venkataraman=done; Yesenia Garcia=done,Akshitha Venkataraman=2026-07-10T17:49:40.953774; Yesenia Garcia=2026-07-07T22:43:32.441617,2,true,2026-09-13T06:31:51.129789,,2,1,0,1,0,1
1281,0000072903,XCEL ENERGY INC,2026,0000072903-26-000009,false,false,false,544,52,Akshitha Venkataraman; Yesenia Garcia,Akshitha Venkataraman=done; Yesenia Garcia=done,Akshitha Venkataraman=2026-07-10T17:50:21.928652; Yesenia Garcia=2026-07-07T22:47:03.656489,2,false,,,3,1,2,0,0,2
1494,0001041061,YUM BRANDS INC,2022,0001041061-22-000009,false,false,true,,,Naomi Ichiriu; Yesenia Garcia,Naomi Ichiriu=done; Yesenia Garcia=done,Naomi Ichiriu=2026-07-11T08:11:41.667216; Yesenia Garcia=2026-07-13T05:50:44.336208,2,true,2026-07-14T04:12:43.446806,,0,0,0,0,0,0
1495,0001041061,YUM BRANDS INC,2023,0001041061-23-000009,false,false,true,,,Naomi Ichiriu; Yesenia Garcia,Naomi Ichiriu=done; Yesenia Garcia=done,Naomi Ichiriu=2026-07-11T08:13:21.672025; Yesenia Garcia=2026-07-13T05:53:21.831836,2,true,2026-07-14T19:31:13.111582,,1,0,0,1,0,1
1496,0001041061,YUM BRANDS INC,2024,0001041061-24-000011,false,false,true,,,Naomi Ichiriu; Yesenia Garcia,Naomi Ichiriu=done; Yesenia Garcia=done,Naomi Ichiriu=2026-07-11T08:14:19.432036; Yesenia Garcia=2026-07-13T05:58:59.464932,2,true,2026-07-14T23:29:01.184601,,3,0,0,3,0,6
1497,0001041061,YUM BRANDS INC,2025,0001041061-25-000013,false,false,true,,,Naomi Ichiriu; Yesenia Garcia,Naomi Ichiriu=done; Yesenia Garcia=done,Naomi Ichiriu=2026-07-11T08:26:20.232457; Yesenia Garcia=2026-07-13T06:07:09.737865,2,true,2026-07-17T03:03:42.377482,,8,0,0,8,1,11
1498,0001041061,YUM BRANDS INC,2026,0001041061-26-000084,false,false,true,,,Naomi Ichiriu; Yesenia Garcia,Naomi Ichiriu=done; Yesenia Garcia=done,Naomi Ichiriu=2026-07-11T08:26:24.162107; Yesenia Garcia=2026-07-13T06:15:15.426184,2,true,2026-07-17T03:02:51.642265,https://docs.google.com/spreadsheets/d/1NdS4qTdRfhv326FXepvh2ZFrwf7sHZOC8Z7aVawH_N0/edit?gid=0#gid=0,10,0,0,9,0,9
1878,0001136869,"ZIMMER BIOMET HOLDINGS, INC.",2020,0001564590-20-005657,false,false,true,76,2,Akshitha Venkataraman; Naomi Ichiriu,Akshitha Venkataraman=done; Naomi Ichiriu=done,Akshitha Venkataraman=2026-07-27T09:56:23.556884; Naomi Ichiriu=2026-07-14T23:12:23.434688,2,true,2026-07-27T17:04:44.024518,,0,0,0,0,0,0
1879,0001136869,"ZIMMER BIOMET HOLDINGS, INC.",2021,0001564590-21-007163,false,false,true,344,8,Akshitha Venkataraman; Naomi Ichiriu,Akshitha Venkataraman=done; Naomi Ichiriu=done,Akshitha Venkataraman=2026-07-27T09:56:28.732643; Naomi Ichiriu=2026-07-14T23:15:14.953837,2,true,2026-07-27T17:04:49.782930,,0,0,0,0,0,0
1880,0001136869,"ZIMMER BIOMET HOLDINGS, INC.",2022,0001564590-22-007160,false,false,true,320,8,Akshitha Venkataraman; Naomi Ichiriu,Akshitha Venkataraman=done; Naomi Ichiriu=done,Akshitha Venkataraman=2026-07-27T09:56:32.255378; Naomi Ichiriu=2026-07-14T23:17:31.289734,2,true,2026-07-27T17:04:55.184592,,0,0,0,0,0,0
1881,0001136869,"ZIMMER BIOMET HOLDINGS, INC.",2023,0000950170-23-004264,false,false,true,3505,25,Akshitha Venkataraman; Naomi Ichiriu,Akshitha Venkataraman=done; Naomi Ichiriu=done,Akshitha Venkataraman=2026-07-27T12:41:49.437554; Naomi Ichiriu=2026-07-14T23:18:29.893188,2,true,2026-07-27T17:05:01.610062,,1,1,0,0,0,0
1882,0001136869,"ZIMMER BIOMET HOLDINGS, INC.",2024,0000950170-24-019353,false,false,true,3628,46,Akshitha Venkataraman; Naomi Ichiriu,Akshitha Venkataraman=done; Naomi Ichiriu=done,Akshitha Venkataraman=2026-07-27T12:44:46.166197; Naomi Ichiriu=2026-07-14T23:20:00.257146,2,true,2026-07-27T17:05:55.887715,,5,3,0,2,0,2
1884,0001136869,"ZIMMER BIOMET HOLDINGS, INC.",2025,0000950170-25-026604,false,false,true,3707,50,Akshitha Venkataraman; Naomi Ichiriu,Akshitha Venkataraman=done; Naomi Ichiriu=done,Akshitha Venkataraman=2026-07-27T12:50:27.597944; Naomi Ichiriu=2026-07-14T23:24:39.899489,2,true,2026-07-27T17:07:50.618515,,6,3,0,3,1,3
1883,0001136869,"ZIMMER BIOMET HOLDINGS, INC.",2026,0001193125-26-059853,false,false,false,3942,51,Akshitha Venkataraman; Naomi Ichiriu,Akshitha Venkataraman=done; Naomi Ichiriu=in_progress,Akshitha Venkataraman=2026-07-27T12:53:40.338016; Naomi Ichiriu=,2,true,2026-07-27T17:09:38.925176,,4,0,0,4,1,4
,0000004977,AFLAC INC,2015,0000004977-15-000071,true,false,,,,,,,,,,,0,0,0,0,0,0
,0000004977,AFLAC INC,2016,0000004977-16-000259,true,false,,,,,,,,,,,0,0,0,0,0,0
,0000004977,AFLAC INC,2017,0000004977-17-000064,true,false,,,,,,,,,,,0,0,0,0,0,0
,0000004977,AFLAC INC,2018,0000004977-18-000054,true,false,,,,,,,,,,,0,0,0,0,0,0
,0000007084,Archer-Daniels-Midland Co,2015,0000007084-15-000005,true,false,,,,,,,,,,,0,0,0,0,0,0
,0000007084,Archer-Daniels-Midland Co,2016,0000007084-16-000046,true,false,,,,,,,,,,,0,0,0,0,0,0
,0000007084,Archer-Daniels-Midland Co,2017,0000007084-17-000008,true,false,,,,,,,,,,,0,0,0,0,0,0
,0000007084,Archer-Daniels-Midland Co,2018,0000007084-18-000012,true,false,,,,,,,,,,,0,0,0,0,0,0
,0000007084,Archer-Daniels-Midland Co,2019,0000007084-19-000012,true,false,,,,,,,,,,,0,0,0,0,0,0
,0000007084,Archer-Daniels-Midland Co,2020,0000007084-20-000009,true,false,,,,,,,,,,,0,0,0,0,0,0
,0000014272,BRISTOL MYERS SQUIBB CO,2016,0000014272-16-000288,true,false,,,,,,,,,,,0,0,0,0,0,0
,0000014693,BROWN FORMAN CORP,2015,0000014693-15-000014,true,false,,,,,,,,,,,0,0,0,0,0,0
,0000048898,HUBBELL INC,2017,0001628280-17-001423,true,false,,,,,,,,,,,0,0,0,0,0,0
,0000055785,KIMBERLY CLARK CORP,2021,0000055785-21-000016,true,false,,,,,,,,,,,0,0,0,0,0,0
,0000055785,KIMBERLY CLARK CORP,2022,0000055785-22-000010,true,false,,,,,,,,,,,0,0,0,0,0,0
,0000073309,NUCOR CORP,2015,0001193125-15-068895,true,false,,,,,,,,,,,0,0,0,0,0,0
,0000073309,NUCOR CORP,2016,0001193125-16-481119,true,false,,,,,,,,,,,0,0,0,0,0,0
,0000073309,NUCOR CORP,2017,0001193125-17-062124,true,false,,,,,,,,,,,0,0,0,0,0,0
,0000073309,NUCOR CORP,2022,0001564590-22-007679,true,false,,,,,,,,,,,0,0,0,0,0,0
,0000073309,NUCOR CORP,2023,0001564590-23-002793,true,false,,,,,,,,,,,0,0,0,0,0,0
,0000100885,UNION PACIFIC CORP,2015,0001193125-15-037518,true,false,,,,,,,,,,,0,0,0,0,0,0
,0000100885,UNION PACIFIC CORP,2016,0000100885-16-000260,true,false,,,,,,,,,,,0,0,0,0,0,0
,0000100885,UNION PACIFIC CORP,2017,0000100885-17-000056,true,false,,,,,,,,,,,0,0,0,0,0,0
,0000100885,UNION PACIFIC CORP,2018,0000100885-18-000048,true,false,,,,,,,,,,,0,0,0,0,0,0
,0000100885,UNION PACIFIC CORP,2019,0000100885-19-000060,true,false,,,,,,,,,,,0,0,0,0,0,0
,0000105634,"EMCOR Group, Inc.",2015,0000105634-15-000041,true,false,,,,,,,,,,,0,0,0,0,0,0
,0000105634,"EMCOR Group, Inc.",2016,0000105634-16-000297,true,false,,,,,,,,,,,0,0,0,0,0,0
,0000105634,"EMCOR Group, Inc.",2017,0000105634-17-000043,true,false,,,,,,,,,,,0,0,0,0,0,0
,0000105634,"EMCOR Group, Inc.",2018,0000105634-18-000045,true,false,,,,,,,,,,,0,0,0,0,0,0
,0000773840,HONEYWELL INTERNATIONAL INC,2021,0000773840-21-000015,true,false,,,,,,,,,,,0,0,0,0,0,0
,0000773840,HONEYWELL INTERNATIONAL INC,2022,0000773840-22-000018,true,false,,,,,,,,,,,0,0,0,0,0,0
,0000773840,HONEYWELL INTERNATIONAL INC,2023,0000773840-23-000013,true,false,,,,,,,,,,,0,0,0,0,0,0
,0000815097,Carnival Corp Ltd.,2022,0000815097-22-000009,true,false,,,,,,,,,,,0,0,0,0,0,0
,0000815556,FASTENAL CO,2015,0000815556-15-000014,true,false,,,,,,,,,,,0,0,0,0,0,0
,0000815556,FASTENAL CO,2016,0000815556-16-000087,true,false,,,,,,,,,,,0,0,0,0,0,0
,0000815556,FASTENAL CO,2017,0000815556-17-000009,true,false,,,,,,,,,,,0,0,0,0,0,0
,0000815556,FASTENAL CO,2018,0000815556-18-000010,true,false,,,,,,,,,,,0,0,0,0,0,0
,0000815556,FASTENAL CO,2019,0000815556-19-000015,true,false,,,,,,,,,,,0,0,0,0,0,0
,0000815556,FASTENAL CO,2020,0000815556-20-000011,true,false,,,,,,,,,,,0,0,0,0,0,0
,0000815556,FASTENAL CO,2021,0000815556-21-000008,true,false,,,,,,,,,,,0,0,0,0,0,0
,0000815556,FASTENAL CO,2022,0000815556-22-000009,true,false,,,,,,,,,,,0,0,0,0,0,0
,0000815556,FASTENAL CO,2023,0000815556-23-000009,true,false,,,,,,,,,,,0,0,0,0,0,0
,0000827052,EDISON INTERNATIONAL,2015,0000827052-15-000035,true,false,,,,,,,,,,,0,0,0,0,0,0
,0000872589,"REGENERON PHARMACEUTICALS, INC.",2017,0001532176-17-000008,true,false,,,,,,,,,,,0,0,0,0,0,0
,0000872589,"REGENERON PHARMACEUTICALS, INC.",2019,0001532176-19-000009,true,false,,,,,,,,,,,0,0,0,0,0,0
,0000872589,"REGENERON PHARMACEUTICALS, INC.",2020,0001532176-20-000008,true,false,,,,,,,,,,,0,0,0,0,0,0
,0000872589,"REGENERON PHARMACEUTICALS, INC.",2021,0001804220-21-000008,true,false,,,,,,,,,,,0,0,0,0,0,0
,0000872589,"REGENERON PHARMACEUTICALS, INC.",2022,0001804220-22-000007,true,false,,,,,,,,,,,0,0,0,0,0,0
,0000920522,"ESSEX PROPERTY TRUST, INC.",2017,0000920522-17-000014,true,false,,,,,,,,,,,0,0,0,0,0,0
,0000920522,"ESSEX PROPERTY TRUST, INC.",2018,0000920522-18-000011,true,false,,,,,,,,,,,0,0,0,0,0,0
,0000920522,"ESSEX PROPERTY TRUST, INC.",2019,0000920522-19-000009,true,false,,,,,,,,,,,0,0,0,0,0,0
,0000920522,"ESSEX PROPERTY TRUST, INC.",2020,0000920522-20-000026,true,false,,,,,,,,,,,0,0,0,0,0,0
,0000920522,"ESSEX PROPERTY TRUST, INC.",2021,0000920522-21-000015,true,false,,,,,,,,,,,0,0,0,0,0,0
,0000920522,"ESSEX PROPERTY TRUST, INC.",2022,0000920522-22-000019,true,false,,,,,,,,,,,0,0,0,0,0,0
,0000920522,"ESSEX PROPERTY TRUST, INC.",2023,0000920522-23-000005,true,false,,,,,,,,,,,0,0,0,0,0,0
,0000920760,LENNAR CORP /NEW/,2015,0001628280-15-000218,true,false,,,,,,,,,,,0,0,0,0,0,0
,0000920760,LENNAR CORP /NEW/,2016,0001628280-16-010323,true,false,,,,,,,,,,,0,0,0,0,0,0
,0000920760,LENNAR CORP /NEW/,2017,0001628280-17-000327,true,false,,,,,,,,,,,0,0,0,0,0,0
,0000920760,LENNAR CORP /NEW/,2018,0001628280-18-000562,true,false,,,,,,,,,,,0,0,0,0,0,0
,0001035267,INTUITIVE SURGICAL INC,2015,0001035267-15-000014,true,false,,,,,,,,,,,0,0,0,0,0,0
,0001035267,INTUITIVE SURGICAL INC,2016,0001035267-16-000130,true,false,,,,,,,,,,,0,0,0,0,0,0
,0001035267,INTUITIVE SURGICAL INC,2017,0001035267-17-000021,true,false,,,,,,,,,,,0,0,0,0,0,0
,0001035267,INTUITIVE SURGICAL INC,2018,0001035267-18-000013,true,false,,,,,,,,,,,0,0,0,0,0,0
,0001035443,"ALEXANDRIA REAL ESTATE EQUITIES, INC.",2015,0001035443-15-000018,true,false,,,,,,,,,,,0,0,0,0,0,0
,0001035443,"ALEXANDRIA REAL ESTATE EQUITIES, INC.",2016,0001035443-16-000136,true,false,,,,,,,,,,,0,0,0,0,0,0
,0001035443,"ALEXANDRIA REAL ESTATE EQUITIES, INC.",2017,0001035443-17-000022,true,false,,,,,,,,,,,0,0,0,0,0,0
,0001035443,"ALEXANDRIA REAL ESTATE EQUITIES, INC.",2019,0001035443-19-000041,true,false,,,,,,,,,,,0,0,0,0,0,0
,0001035443,"ALEXANDRIA REAL ESTATE EQUITIES, INC.",2020,0001035443-20-000042,true,false,,,,,,,,,,,0,0,0,0,0,0
,0001037868,AMETEK INC/,2015,0001193125-15-059832,true,false,,,,,,,,,,,0,0,0,0,0,0
,0001037868,AMETEK INC/,2017,0001193125-17-053600,true,false,,,,,,,,,,,0,0,0,0,0,0
,0001063761,SIMON PROPERTY GROUP INC.,2022,0001558370-22-001845,true,false,,,,,,,,,,,0,0,0,0,0,0
,0001097149,ALIGN TECHNOLOGY INC,2015,0001097149-15-000005,true,false,,,,,,,,,,,0,0,0,0,0,0
,0001097149,ALIGN TECHNOLOGY INC,2016,0001097149-16-000031,true,false,,,,,,,,,,,0,0,0,0,0,0
,0001097149,ALIGN TECHNOLOGY INC,2017,0001097149-17-000009,true,false,,,,,,,,,,,0,0,0,0,0,0
,0001097149,ALIGN TECHNOLOGY INC,2018,0001097149-18-000010,true,false,,,,,,,,,,,0,0,0,0,0,0
,0001140536,WILLIS TOWERS WATSON PLC,2015,0001140536-15-000003,true,false,,,,,,,,,,,0,0,0,0,0,0
,0001140536,WILLIS TOWERS WATSON PLC,2016,0001140536-16-000035,true,false,,,,,,,,,,,0,0,0,0,0,0
,0001286681,DOMINOS PIZZA INC,2015,0001193125-15-059100,true,false,,,,,,,,,,,0,0,0,0,0,0
,0001467858,General Motors Co,2015,0001467858-15-000036,true,false,,,,,,,,,,,0,0,0,0,0,0
,0001579241,Allegion plc,2015,0001579241-15-000005,true,false,,,,,,,,,,,0,0,0,0,0,0
,0001579241,Allegion plc,2016,0001579241-16-000056,true,false,,,,,,,,,,,0,0,0,0,0,0
,0001748790,Amcor plc,2019,0001748790-19-000003,true,false,,,,,,,,,,,0,0,0,0,0,0
,0001748790,Amcor plc,2021,0001748790-21-000031,true,false,,,,,,,,,,,0,0,0,0,0,0
